Event_ID,User_ID,Event_Date,Event_Type,Platform,Session_Duration_Sec
1,1085,2025-12-22,Deposit,Android,455
2,1210,2025-10-19,Deposit,Web,419
3,1139,2026-04-30,Deposit,Web,272
4,1027,2026-01-20,Login,iOS,440
5,1344,2026-04-30,Login,Android,518
6,1233,2025-07-30,Login,Android,436
7,1171,2026-04-16,Deposit,Android,379
8,1178,2026-04-24,View_Statement,Android,189
9,1354,2026-04-21,Login,iOS,124
10,1020,2026-04-23,View_Portfolio,Android,541
11,1397,2026-05-01,Login,Android,130
12,1303,2026-04-29,View_Portfolio,iOS,45
13,1264,2026-01-01,Deposit,iOS,12
14,1485,2026-03-29,Login,Android,56
15,1197,2026-03-23,Withdrawal,iOS,149
16,1327,2026-03-28,Deposit,Android,234
17,1064,2026-02-03,Login,iOS,596
18,1044,2026-03-08,Login,iOS,40
19,1244,2025-12-30,Login,Web,258
20,1012,2025-09-19,View_Portfolio,Android,206
21,1361,2026-04-29,View_Statement,iOS,120
22,1260,2025-11-28,Login,Android,325
23,1296,2025-12-22,Deposit,Android,86
24,1403,2026-04-02,Login,iOS,541
25,1438,2026-04-09,Login,Web,532
26,1257,2026-04-04,Deposit,iOS,371
27,1375,2026-04-28,Withdrawal,Web,568
28,1235,2025-06-27,Login,iOS,571
29,1247,2025-10-10,View_Portfolio,Android,226
30,1141,2026-04-05,Login,Android,416
31,1306,2025-10-25,View_Portfolio,Web,455
32,1181,2026-03-02,Deposit,iOS,62
33,1500,2026-03-01,Login,iOS,360
34,1426,2025-08-02,Withdrawal,Android,312
35,1365,2025-10-26,Login,iOS,539
36,1153,2025-08-31,Login,Web,332
37,1044,2026-02-16,Login,iOS,118
38,1109,2026-03-04,Login,Android,262
39,1098,2026-04-22,Login,Android,104
40,1227,2026-01-10,Deposit,iOS,453
41,1445,2026-02-25,Login,Android,196
42,1081,2026-01-28,Login,Android,353
43,1218,2026-04-28,View_Statement,iOS,571
44,1149,2026-03-21,View_Portfolio,iOS,198
45,1435,2026-02-19,Login,iOS,133
46,1076,2026-04-03,Withdrawal,Android,575
47,1080,2025-09-27,Withdrawal,iOS,169
48,1052,2026-03-05,Login,iOS,471
49,1063,2025-09-11,Login,Web,287
50,1084,2025-09-04,View_Statement,iOS,305
51,1438,2026-04-05,Withdrawal,Web,343
52,1394,2026-02-02,View_Portfolio,Web,366
53,1343,2026-02-16,Deposit,Android,257
54,1367,2026-04-29,Withdrawal,iOS,317
55,1478,2026-04-18,Deposit,Web,471
56,1255,2025-10-31,Withdrawal,iOS,165
57,1059,2026-04-14,Withdrawal,iOS,437
58,1008,2026-04-25,Login,Web,313
59,1307,2025-11-20,Deposit,iOS,31
60,1389,2026-03-26,Deposit,Android,238
61,1076,2026-02-05,Login,iOS,293
62,1426,2025-09-04,Deposit,iOS,76
63,1078,2025-08-04,View_Portfolio,Android,503
64,1124,2026-03-14,View_Statement,Web,559
65,1012,2025-09-29,View_Portfolio,iOS,15
66,1280,2026-04-03,Login,iOS,557
67,1045,2025-11-14,Login,iOS,477
68,1053,2025-12-23,Login,iOS,316
69,1181,2025-12-16,Withdrawal,iOS,86
70,1401,2025-12-21,View_Portfolio,iOS,565
71,1449,2025-11-25,View_Portfolio,Android,54
72,1374,2026-03-30,View_Portfolio,iOS,380
73,1234,2026-05-02,Login,Android,466
74,1186,2026-02-21,Login,iOS,119
75,1293,2025-12-21,View_Statement,Web,357
76,1075,2026-01-11,View_Portfolio,iOS,400
77,1426,2025-11-10,Deposit,iOS,220
78,1198,2025-10-06,Deposit,Android,360
79,1079,2026-01-21,Deposit,iOS,236
80,1233,2025-08-27,Deposit,Android,358
81,1168,2025-11-30,Login,iOS,56
82,1023,2026-04-25,Deposit,Android,501
83,1407,2026-04-23,Deposit,iOS,426
84,1486,2026-04-11,Login,Android,543
85,1230,2026-02-01,View_Statement,iOS,588
86,1305,2025-10-18,Login,iOS,113
87,1384,2026-02-18,Deposit,Android,534
88,1460,2026-04-09,Deposit,iOS,497
89,1135,2026-04-16,Deposit,Android,497
90,1293,2025-10-12,Login,Android,321
91,1400,2026-03-29,Deposit,Android,86
92,1038,2026-01-14,Login,iOS,21
93,1232,2026-01-18,Login,iOS,14
94,1355,2025-12-07,Login,Android,448
95,1168,2025-10-14,Login,Web,508
96,1285,2026-04-06,View_Statement,Android,262
97,1103,2026-04-08,Withdrawal,Android,536
98,1145,2026-02-12,Login,Android,587
99,1243,2026-02-16,View_Statement,Android,303
100,1474,2026-04-09,Login,Web,234
101,1148,2025-12-01,Login,iOS,107
102,1366,2026-03-20,Login,iOS,64
103,1153,2025-10-02,Withdrawal,Web,312
104,1316,2026-04-09,Deposit,iOS,279
105,1422,2026-02-10,Login,Android,499
106,1319,2025-07-19,Login,Android,172
107,1295,2026-04-07,Deposit,Android,168
108,1126,2026-03-23,Withdrawal,Android,427
109,1192,2025-08-29,View_Portfolio,iOS,272
110,1485,2026-03-21,Deposit,Android,392
111,1083,2025-09-24,Withdrawal,Android,224
112,1021,2025-08-26,Withdrawal,Web,535
113,1288,2025-09-16,Deposit,iOS,126
114,1284,2026-05-01,Login,iOS,401
115,1359,2026-02-17,Login,iOS,433
116,1489,2026-05-04,Deposit,Android,541
117,1268,2026-01-22,View_Portfolio,iOS,90
118,1121,2025-11-10,Login,iOS,196
119,1111,2026-04-09,Deposit,iOS,143
120,1079,2026-02-19,Login,Android,176
121,1348,2026-03-25,Login,iOS,146
122,1376,2025-09-03,Login,iOS,171
123,1085,2026-04-16,Login,Android,596
124,1080,2025-09-04,Deposit,iOS,224
125,1151,2026-02-01,Login,iOS,324
126,1244,2026-02-25,Deposit,Android,126
127,1218,2026-04-17,Login,Android,534
128,1015,2025-09-05,Deposit,Android,327
129,1101,2025-08-04,Login,iOS,80
130,1268,2026-03-26,Login,iOS,250
131,1388,2025-10-22,Deposit,Android,372
132,1035,2025-11-08,Withdrawal,iOS,31
133,1351,2026-02-20,View_Portfolio,Android,47
134,1445,2025-09-28,Login,Web,247
135,1283,2026-03-25,Deposit,iOS,552
136,1125,2026-04-15,Login,iOS,60
137,1224,2026-01-26,Withdrawal,Android,396
138,1161,2026-01-30,Login,iOS,29
139,1013,2025-09-12,Withdrawal,Web,144
140,1165,2025-11-23,Deposit,iOS,410
141,1428,2026-03-16,View_Portfolio,iOS,483
142,1258,2025-08-15,View_Statement,Web,507
143,1422,2026-01-07,View_Statement,iOS,126
144,1293,2026-03-17,Deposit,Web,534
145,1443,2026-05-01,View_Portfolio,iOS,497
146,1114,2026-05-02,Login,Web,526
147,1120,2026-04-15,Login,iOS,74
148,1069,2026-02-05,Deposit,iOS,174
149,1274,2026-02-11,View_Statement,iOS,357
150,1048,2026-02-25,Withdrawal,iOS,268
151,1337,2026-02-13,Login,iOS,254
152,1322,2025-09-13,Withdrawal,iOS,231
153,1433,2026-04-09,Login,Android,599
154,1362,2025-07-15,Deposit,Android,26
155,1058,2025-10-25,Login,Android,337
156,1419,2026-04-05,Login,Android,589
157,1078,2025-08-27,Login,iOS,440
158,1499,2026-03-14,Withdrawal,iOS,514
159,1204,2026-04-08,Deposit,iOS,392
160,1442,2026-04-16,Login,iOS,521
161,1225,2025-09-08,Deposit,Android,341
162,1263,2025-10-24,View_Portfolio,Android,588
163,1103,2026-01-31,View_Statement,Android,233
164,1109,2026-03-24,View_Portfolio,Web,148
165,1265,2026-04-11,Login,Android,282
166,1325,2025-08-12,Login,Web,134
167,1388,2026-02-12,Login,iOS,288
168,1416,2025-12-30,Deposit,Web,42
169,1389,2025-12-19,Deposit,iOS,223
170,1056,2026-01-01,Login,iOS,310
171,1312,2026-04-11,View_Statement,Android,87
172,1252,2026-01-05,View_Portfolio,iOS,314
173,1500,2026-01-30,Deposit,iOS,115
174,1300,2026-05-01,Deposit,iOS,541
175,1072,2026-03-06,Deposit,Android,120
176,1141,2026-02-25,Deposit,Web,190
177,1388,2026-02-22,View_Portfolio,iOS,374
178,1180,2025-07-02,Login,Web,174
179,1203,2026-04-22,Withdrawal,Android,493
180,1271,2026-03-29,Login,iOS,314
181,1376,2026-04-07,Deposit,Android,461
182,1110,2026-04-27,Deposit,Web,39
183,1082,2026-01-29,Login,Android,573
184,1084,2025-11-24,Login,iOS,94
185,1257,2026-04-01,Login,iOS,179
186,1193,2026-04-06,Login,Android,360
187,1139,2026-04-29,Deposit,Android,537
188,1221,2026-02-20,View_Statement,iOS,80
189,1189,2025-12-18,Login,iOS,252
190,1349,2026-04-11,Login,Android,126
191,1344,2026-01-19,Deposit,iOS,563
192,1340,2025-11-14,Login,Android,118
193,1478,2026-03-03,Login,Android,509
194,1447,2026-03-04,Deposit,iOS,298
195,1422,2026-03-26,View_Portfolio,iOS,38
196,1197,2026-01-22,View_Portfolio,Web,123
197,1301,2025-11-10,Login,Android,356
198,1074,2026-01-12,Login,Android,203
199,1198,2026-02-10,Deposit,Android,529
200,1324,2026-05-03,Login,iOS,564
201,1260,2026-02-14,Withdrawal,Android,122
202,1199,2026-03-25,Deposit,Android,440
203,1304,2026-05-01,Login,iOS,349
204,1353,2025-10-15,Login,iOS,49
205,1137,2026-04-10,View_Statement,iOS,14
206,1346,2026-01-07,Deposit,iOS,449
207,1499,2025-10-22,View_Portfolio,Web,497
208,1500,2025-12-13,Deposit,iOS,322
209,1175,2026-03-24,Withdrawal,iOS,375
210,1489,2026-05-03,Login,Android,266
211,1469,2026-04-27,Withdrawal,Android,197
212,1316,2025-11-09,View_Portfolio,Android,82
213,1308,2026-04-26,Login,Android,240
214,1380,2026-01-27,Login,iOS,43
215,1342,2026-02-17,Deposit,Web,81
216,1417,2026-02-12,Deposit,iOS,493
217,1442,2026-04-13,Deposit,iOS,577
218,1353,2025-10-10,Withdrawal,iOS,597
219,1304,2025-11-01,Withdrawal,Android,365
220,1133,2026-01-28,Deposit,iOS,240
221,1469,2026-04-06,Deposit,iOS,490
222,1027,2026-01-25,Login,iOS,500
223,1425,2025-08-23,Login,iOS,397
224,1257,2026-02-01,Deposit,iOS,186
225,1051,2026-03-09,Withdrawal,iOS,20
226,1144,2026-01-14,View_Portfolio,iOS,227
227,1355,2025-11-19,Withdrawal,iOS,142
228,1356,2026-03-18,Deposit,iOS,581
229,1236,2026-01-18,Login,Android,167
230,1160,2025-09-25,Deposit,iOS,587
231,1477,2025-07-26,Login,iOS,481
232,1359,2026-02-02,Deposit,Android,153
233,1303,2026-04-16,Login,Web,219
234,1407,2026-05-02,Login,Android,341
235,1271,2026-04-01,Deposit,iOS,99
236,1154,2026-01-22,Login,Android,21
237,1037,2026-03-26,Deposit,iOS,35
238,1217,2026-01-02,Deposit,iOS,333
239,1439,2026-02-21,View_Portfolio,iOS,260
240,1130,2026-04-23,Login,Web,251
241,1076,2026-05-01,Login,Android,548
242,1403,2025-12-11,View_Portfolio,iOS,574
243,1288,2026-05-01,Login,Web,94
244,1471,2026-02-26,View_Portfolio,iOS,185
245,1197,2026-01-14,Login,iOS,302
246,1311,2026-03-11,Deposit,Android,54
247,1217,2025-10-11,Login,Android,399
248,1099,2026-01-07,Deposit,iOS,471
249,1312,2026-05-01,View_Portfolio,iOS,399
250,1285,2026-04-20,Deposit,iOS,598
251,1230,2025-12-12,Withdrawal,Android,166
252,1109,2026-04-06,Login,iOS,170
253,1340,2026-02-02,View_Statement,Android,538
254,1495,2026-04-01,Deposit,iOS,232
255,1164,2026-01-06,Login,iOS,133
256,1116,2026-04-07,Login,iOS,159
257,1071,2026-02-21,Login,Web,439
258,1214,2026-02-25,Login,Android,556
259,1338,2026-03-20,View_Statement,Android,536
260,1053,2026-01-16,Login,Android,397
261,1085,2026-01-09,Login,Web,278
262,1342,2026-05-04,Deposit,iOS,550
263,1423,2025-08-23,Deposit,Android,315
264,1076,2026-01-06,Login,Android,25
265,1267,2026-02-27,Login,Android,522
266,1248,2026-02-06,Login,Web,43
267,1332,2026-02-28,Deposit,Android,363
268,1474,2026-04-02,Login,Android,473
269,1286,2026-02-15,View_Statement,iOS,113
270,1079,2026-04-26,Deposit,iOS,298
271,1456,2026-03-23,Deposit,iOS,152
272,1107,2025-08-10,View_Statement,Web,346
273,1437,2026-05-04,Deposit,iOS,385
274,1082,2025-10-08,Deposit,Android,213
275,1202,2025-07-15,Login,iOS,67
276,1392,2025-11-12,Withdrawal,Android,598
277,1230,2026-05-03,Login,iOS,48
278,1227,2025-12-31,Deposit,Android,522
279,1020,2026-03-31,Deposit,Android,570
280,1268,2026-02-11,Deposit,iOS,342
281,1497,2025-12-02,View_Portfolio,Android,353
282,1323,2026-04-11,Deposit,iOS,97
283,1468,2026-03-24,Login,Android,342
284,1178,2026-04-29,Deposit,iOS,365
285,1382,2026-04-12,View_Statement,Android,473
286,1140,2026-02-16,Withdrawal,iOS,591
287,1310,2026-01-22,Login,iOS,395
288,1472,2026-02-15,View_Statement,iOS,374
289,1080,2025-09-28,Login,Android,256
290,1380,2026-05-01,View_Statement,Android,507
291,1182,2026-05-01,Login,iOS,72
292,1074,2025-11-27,View_Statement,Web,249
293,1147,2026-03-14,Login,iOS,90
294,1233,2026-02-16,Withdrawal,iOS,76
295,1142,2025-06-11,Withdrawal,iOS,348
296,1436,2026-01-20,Withdrawal,iOS,107
297,1462,2026-04-29,View_Portfolio,iOS,516
298,1150,2026-04-24,Deposit,iOS,503
299,1132,2026-04-11,Login,iOS,480
300,1239,2025-12-12,Login,Web,276
301,1372,2025-08-09,Deposit,iOS,376
302,1315,2025-12-28,Deposit,iOS,295
303,1162,2025-10-20,Login,iOS,493
304,1320,2026-04-18,Login,iOS,588
305,1250,2026-05-04,Deposit,iOS,281
306,1128,2025-09-04,Withdrawal,Android,169
307,1274,2026-04-26,View_Portfolio,Android,239
308,1482,2026-04-21,Login,iOS,507
309,1082,2025-07-12,View_Statement,iOS,561
310,1232,2026-04-19,View_Statement,Android,215
311,1031,2026-05-03,Login,Android,208
312,1234,2026-04-26,Deposit,iOS,331
313,1084,2025-09-18,Deposit,iOS,369
314,1484,2026-02-11,Deposit,Android,404
315,1042,2025-11-06,Deposit,Android,506
316,1202,2025-08-23,Deposit,Web,467
317,1251,2026-04-15,Login,iOS,496
318,1387,2026-04-26,Login,Android,146
319,1085,2026-05-03,Login,iOS,162
320,1484,2026-02-03,Withdrawal,Android,526
321,1183,2026-04-01,Login,iOS,319
322,1266,2026-02-27,View_Portfolio,iOS,460
323,1071,2025-12-27,Deposit,Android,461
324,1022,2026-03-15,Deposit,Android,277
325,1407,2026-04-22,View_Portfolio,iOS,227
326,1076,2026-01-02,Login,Android,211
327,1487,2026-04-09,Login,iOS,369
328,1269,2026-05-04,View_Statement,Android,122
329,1168,2025-07-03,Deposit,iOS,303
330,1379,2025-08-25,Login,Android,174
331,1397,2026-04-12,Login,Android,517
332,1353,2025-10-18,View_Portfolio,iOS,162
333,1351,2026-01-12,Deposit,iOS,437
334,1240,2026-02-07,Login,iOS,69
335,1051,2026-01-02,View_Portfolio,iOS,76
336,1448,2026-01-23,Deposit,iOS,589
337,1476,2026-03-19,View_Statement,Web,290
338,1083,2025-11-08,Login,Web,17
339,1469,2026-04-06,Deposit,Android,290
340,1352,2026-03-04,Login,iOS,429
341,1090,2025-10-16,Deposit,Web,551
342,1382,2026-04-17,Login,Android,344
343,1013,2026-03-10,Login,iOS,197
344,1157,2026-05-01,Login,iOS,568
345,1199,2026-04-23,Login,Android,462
346,1431,2025-12-19,View_Statement,iOS,51
347,1154,2026-01-29,Login,iOS,187
348,1198,2026-01-03,Deposit,iOS,13
349,1224,2026-03-27,Deposit,iOS,319
350,1484,2026-04-13,Withdrawal,iOS,89
351,1118,2025-07-22,View_Portfolio,iOS,70
352,1151,2026-02-01,View_Portfolio,Web,182
353,1244,2025-12-21,View_Statement,Android,387
354,1075,2025-10-26,View_Portfolio,iOS,396
355,1440,2026-04-11,View_Portfolio,iOS,442
356,1213,2026-05-01,Deposit,Android,524
357,1275,2025-12-09,Withdrawal,iOS,12
358,1354,2026-05-01,Deposit,iOS,486
359,1497,2025-12-03,Login,Android,92
360,1367,2026-03-23,Login,iOS,68
361,1244,2026-01-03,Login,iOS,44
362,1178,2026-04-26,Login,Web,318
363,1108,2026-04-04,Deposit,iOS,409
364,1291,2026-04-22,Login,Android,385
365,1177,2026-03-05,Deposit,iOS,188
366,1479,2026-04-26,View_Statement,Web,163
367,1174,2026-02-18,Deposit,Android,378
368,1093,2026-03-22,Login,Web,77
369,1454,2025-11-24,Login,Android,378
370,1100,2025-12-17,View_Portfolio,iOS,427
371,1181,2026-03-08,View_Statement,Web,252
372,1159,2026-04-25,View_Portfolio,Android,286
373,1096,2025-10-16,Login,Android,452
374,1232,2026-04-03,Login,iOS,98
375,1251,2026-04-12,View_Statement,iOS,268
376,1340,2026-01-12,Login,Android,246
377,1406,2025-06-13,Login,iOS,321
378,1067,2026-04-12,Login,Web,199
379,1392,2026-04-30,View_Statement,iOS,411
380,1237,2025-09-03,Deposit,Android,233
381,1019,2026-01-16,View_Statement,Android,24
382,1287,2026-04-24,Login,iOS,203
383,1288,2026-04-02,View_Portfolio,iOS,39
384,1207,2025-05-25,Login,iOS,469
385,1311,2026-02-12,Login,Android,176
386,1103,2026-03-28,Deposit,iOS,244
387,1159,2026-04-28,Deposit,Web,255
388,1195,2025-08-16,Withdrawal,Android,328
389,1051,2025-09-18,View_Statement,Android,16
390,1378,2026-05-04,Login,Web,95
391,1224,2025-08-06,Login,iOS,337
392,1202,2025-07-31,Deposit,Android,224
393,1092,2026-03-16,View_Portfolio,Android,544
394,1155,2026-02-24,View_Portfolio,iOS,271
395,1176,2026-02-11,Deposit,Web,535
396,1110,2026-05-03,Withdrawal,Android,293
397,1488,2025-12-30,Login,Web,270
398,1299,2026-04-10,Login,Web,65
399,1223,2026-01-20,Deposit,iOS,519
400,1179,2026-02-17,View_Portfolio,Android,420
401,1226,2025-08-24,Deposit,Android,453
402,1453,2026-04-09,Deposit,Web,141
403,1075,2025-12-22,Deposit,iOS,550
404,1071,2025-12-19,Deposit,iOS,272
405,1328,2026-04-11,View_Portfolio,iOS,425
406,1209,2026-03-05,Deposit,iOS,329
407,1492,2026-02-15,Login,iOS,377
408,1434,2025-11-03,View_Portfolio,iOS,564
409,1445,2026-02-15,Deposit,iOS,365
410,1103,2026-02-17,Withdrawal,iOS,486
411,1041,2025-12-07,View_Statement,iOS,49
412,1435,2026-04-27,Login,iOS,332
413,1334,2025-09-23,Deposit,iOS,364
414,1280,2025-12-25,Deposit,iOS,324
415,1030,2025-10-08,Login,Android,456
416,1243,2026-03-02,View_Portfolio,iOS,172
417,1052,2026-03-21,Withdrawal,iOS,323
418,1434,2026-01-01,Withdrawal,iOS,147
419,1057,2026-01-31,View_Portfolio,Web,250
420,1190,2026-03-18,Login,Android,580
421,1079,2026-01-08,Withdrawal,Web,308
422,1373,2025-08-02,View_Portfolio,iOS,242
423,1437,2026-04-24,View_Portfolio,iOS,225
424,1196,2026-05-04,Deposit,Web,368
425,1461,2025-11-28,Deposit,iOS,138
426,1197,2026-04-19,Login,iOS,183
427,1031,2026-04-21,View_Portfolio,Android,136
428,1332,2026-03-18,Deposit,iOS,584
429,1030,2025-08-18,Deposit,Android,439
430,1113,2026-04-11,Login,iOS,455
431,1138,2026-03-09,Deposit,iOS,292
432,1222,2026-04-23,Login,iOS,53
433,1474,2026-03-31,View_Statement,iOS,183
434,1172,2025-05-28,View_Portfolio,Web,582
435,1390,2025-08-15,Login,Android,149
436,1155,2026-03-14,Deposit,iOS,236
437,1276,2025-12-23,Deposit,Android,370
438,1220,2026-04-20,View_Portfolio,Android,281
439,1276,2025-07-01,View_Portfolio,Android,414
440,1012,2025-10-16,View_Statement,iOS,126
441,1493,2025-12-28,Login,Web,201
442,1085,2026-05-04,Login,Web,132
443,1222,2026-03-02,Deposit,iOS,278
444,1049,2025-12-24,View_Portfolio,Web,443
445,1180,2025-08-04,Login,Android,137
446,1010,2026-04-21,Login,Web,529
447,1499,2026-02-25,View_Portfolio,iOS,449
448,1261,2026-03-20,View_Portfolio,Android,193
449,1320,2026-04-19,Login,iOS,145
450,1186,2026-03-25,View_Portfolio,Android,473
451,1229,2026-01-28,Login,Android,224
452,1392,2025-06-12,Login,iOS,363
453,1158,2026-04-30,Login,Android,161
454,1273,2026-01-25,View_Portfolio,Android,30
455,1323,2026-01-05,Withdrawal,Android,518
456,1021,2026-02-28,Login,Web,315
457,1016,2025-12-27,Login,Android,444
458,1480,2026-01-20,Withdrawal,iOS,13
459,1283,2026-05-03,Deposit,Web,82
460,1115,2025-12-29,View_Statement,Android,114
461,1006,2025-11-18,View_Portfolio,iOS,350
462,1298,2025-07-12,Login,iOS,141
463,1400,2026-01-01,Withdrawal,Web,329
464,1429,2026-03-07,Login,Android,34
465,1259,2025-07-27,View_Statement,iOS,433
466,1040,2026-04-18,Login,iOS,528
467,1276,2025-06-13,Login,iOS,526
468,1232,2026-05-02,Deposit,Web,286
469,1007,2025-10-11,Login,iOS,441
470,1315,2025-06-13,Login,iOS,100
471,1395,2026-04-13,Deposit,Android,70
472,1093,2026-01-30,Deposit,iOS,344
473,1308,2026-04-23,Deposit,iOS,214
474,1387,2026-04-02,View_Portfolio,Android,483
475,1021,2025-11-26,Deposit,Web,65
476,1437,2026-04-30,View_Statement,iOS,202
477,1480,2026-03-02,Login,Web,594
478,1414,2025-12-28,Login,iOS,35
479,1487,2026-04-12,Withdrawal,iOS,283
480,1011,2025-07-25,Login,iOS,337
481,1465,2026-04-04,Login,iOS,24
482,1409,2026-02-11,View_Statement,iOS,287
483,1050,2026-02-06,Deposit,iOS,525
484,1473,2026-04-18,Login,iOS,30
485,1265,2026-01-07,View_Portfolio,Android,55
486,1045,2025-11-05,Login,Android,98
487,1285,2026-03-09,Deposit,Android,517
488,1318,2025-10-29,Login,iOS,282
489,1271,2026-04-26,Login,iOS,105
490,1275,2026-03-24,Login,iOS,75
491,1399,2026-04-22,View_Statement,iOS,502
492,1423,2025-11-10,Login,Android,227
493,1035,2026-03-18,Deposit,Android,442
494,1488,2025-09-27,Login,Web,300
495,1141,2026-02-19,Login,iOS,69
496,1144,2026-02-08,Deposit,iOS,271
497,1323,2026-05-02,Deposit,iOS,434
498,1245,2026-02-05,Withdrawal,iOS,210
499,1351,2026-01-28,View_Statement,Android,547
500,1311,2026-04-21,Login,iOS,242
501,1193,2026-04-13,Login,Android,171
502,1035,2026-03-01,View_Portfolio,iOS,595
503,1272,2026-05-02,View_Statement,Web,231
504,1385,2026-04-13,Deposit,iOS,269
505,1178,2026-05-01,Deposit,iOS,368
506,1270,2026-01-29,Login,iOS,235
507,1318,2025-11-08,Deposit,iOS,274
508,1391,2026-03-14,Login,Android,78
509,1151,2026-03-29,View_Statement,Android,18
510,1099,2026-02-17,Login,Android,290
511,1447,2025-12-22,Login,iOS,561
512,1029,2026-03-25,Deposit,Web,204
513,1150,2025-12-24,Login,iOS,316
514,1208,2026-02-25,Deposit,iOS,155
515,1349,2026-04-01,View_Statement,Web,503
516,1262,2026-02-25,Deposit,Web,452
517,1210,2025-09-14,View_Statement,Android,196
518,1413,2025-09-12,Login,iOS,318
519,1089,2026-01-12,Login,iOS,491
520,1237,2025-11-01,View_Statement,Android,417
521,1248,2026-02-14,Login,Android,582
522,1258,2025-09-16,Withdrawal,iOS,251
523,1492,2026-04-28,Deposit,Android,578
524,1192,2026-03-27,Deposit,iOS,342
525,1096,2026-03-30,Withdrawal,Android,413
526,1036,2025-12-30,Withdrawal,Android,592
527,1096,2026-04-03,View_Statement,Web,380
528,1489,2026-05-03,Login,Android,63
529,1404,2026-04-21,Withdrawal,iOS,586
530,1439,2025-07-18,Login,iOS,254
531,1037,2026-03-13,Withdrawal,Android,209
532,1234,2026-04-27,Login,iOS,444
533,1102,2026-04-22,Deposit,Web,382
534,1481,2026-03-04,Login,iOS,394
535,1180,2025-08-03,Login,Web,230
536,1325,2025-11-27,Withdrawal,iOS,573
537,1070,2026-04-22,Login,iOS,257
538,1406,2026-04-09,Withdrawal,iOS,80
539,1469,2026-04-18,Deposit,Android,492
540,1467,2026-01-05,Login,Android,334
541,1107,2025-09-15,Login,iOS,14
542,1271,2026-04-05,View_Portfolio,iOS,594
543,1354,2026-05-01,View_Statement,iOS,504
544,1047,2026-04-28,Login,iOS,249
545,1455,2026-04-28,Login,Web,200
546,1465,2026-04-05,Login,Android,15
547,1108,2026-03-21,View_Portfolio,iOS,328
548,1364,2025-10-11,Withdrawal,iOS,506
549,1069,2026-02-21,Login,iOS,424
550,1308,2026-04-26,Login,Android,23
551,1423,2025-11-06,View_Portfolio,Android,217
552,1002,2026-01-29,Deposit,Android,11
553,1219,2025-12-14,View_Portfolio,Android,411
554,1045,2025-08-23,Login,iOS,539
555,1408,2025-11-27,Withdrawal,Web,44
556,1233,2025-10-23,Deposit,iOS,91
557,1189,2026-03-03,Deposit,Android,492
558,1367,2026-04-09,Deposit,iOS,400
559,1348,2026-01-24,Deposit,iOS,495
560,1122,2026-04-10,Deposit,iOS,578
561,1495,2025-09-24,Login,iOS,469
562,1065,2026-03-13,View_Statement,iOS,537
563,1437,2026-04-30,View_Statement,iOS,413
564,1372,2025-07-25,Deposit,Android,142
565,1149,2026-05-02,Login,Android,326
566,1249,2026-03-24,Login,iOS,244
567,1383,2025-12-27,View_Portfolio,iOS,137
568,1476,2026-03-22,View_Statement,Android,72
569,1067,2026-03-24,Login,Android,437
570,1350,2026-03-22,Withdrawal,Android,353
571,1385,2026-05-04,Deposit,Web,134
572,1059,2026-03-17,Login,iOS,89
573,1115,2026-04-19,Deposit,iOS,176
574,1116,2026-05-01,Withdrawal,Android,389
575,1237,2025-11-02,Login,Android,24
576,1047,2026-04-06,Login,Android,114
577,1109,2026-03-12,Login,Android,570
578,1274,2026-03-26,View_Statement,Android,535
579,1113,2026-04-28,Deposit,iOS,228
580,1033,2026-02-15,Deposit,iOS,403
581,1399,2026-01-03,Withdrawal,iOS,366
582,1280,2026-04-23,View_Statement,iOS,309
583,1292,2026-05-04,Login,iOS,173
584,1316,2025-11-28,Login,Android,452
585,1162,2026-04-02,Login,iOS,374
586,1090,2025-09-08,View_Statement,iOS,74
587,1051,2026-03-18,Deposit,iOS,525
588,1424,2025-09-11,View_Portfolio,Android,133
589,1406,2026-04-20,Login,Android,219
590,1144,2026-03-19,Deposit,Android,86
591,1104,2025-12-05,Login,iOS,542
592,1170,2025-12-13,Deposit,Android,306
593,1016,2025-10-25,Login,Android,19
594,1133,2026-03-28,Deposit,Android,126
595,1499,2026-04-03,View_Portfolio,iOS,492
596,1390,2026-02-26,View_Statement,iOS,206
597,1170,2026-04-02,Login,Web,196
598,1472,2026-04-04,Withdrawal,Android,239
599,1030,2025-10-22,View_Portfolio,Web,289
600,1485,2026-04-17,Login,iOS,241
601,1160,2025-11-08,Deposit,iOS,125
602,1437,2026-05-02,Deposit,iOS,436
603,1147,2026-01-19,Login,iOS,596
604,1307,2026-05-04,Login,Android,109
605,1237,2025-09-04,Login,Android,553
606,1412,2025-12-05,Deposit,iOS,442
607,1175,2026-03-20,Login,iOS,93
608,1072,2026-03-20,Login,iOS,304
609,1384,2025-12-06,Withdrawal,Web,504
610,1363,2026-04-27,Login,iOS,188
611,1127,2025-09-26,Login,iOS,304
612,1385,2026-01-28,Login,iOS,325
613,1196,2025-12-31,View_Statement,Android,547
614,1185,2026-04-25,Login,Web,60
615,1150,2026-01-08,Login,iOS,333
616,1214,2025-12-17,Login,iOS,163
617,1094,2026-04-19,Login,iOS,541
618,1058,2025-07-22,Deposit,iOS,214
619,1219,2025-12-15,View_Statement,iOS,80
620,1219,2026-03-21,Deposit,iOS,161
621,1013,2025-12-06,Deposit,Web,588
622,1423,2025-08-17,Login,Android,204
623,1283,2026-03-09,Login,Android,511
624,1423,2025-09-19,Login,Android,25
625,1486,2026-02-03,View_Portfolio,iOS,232
626,1377,2026-03-15,Deposit,iOS,215
627,1456,2026-05-03,Login,Android,514
628,1140,2025-06-25,Login,Android,381
629,1408,2025-11-07,Login,Android,384
630,1274,2026-02-12,View_Portfolio,Android,124
631,1119,2025-11-01,Deposit,Web,395
632,1271,2026-03-12,View_Portfolio,Android,580
633,1444,2026-01-21,Deposit,iOS,306
634,1400,2026-04-20,Login,iOS,200
635,1097,2026-04-24,View_Statement,iOS,327
636,1330,2025-11-07,Login,Android,93
637,1047,2026-04-27,Login,iOS,139
638,1152,2026-02-28,View_Portfolio,iOS,383
639,1173,2026-03-21,Login,Web,214
640,1275,2026-02-27,Deposit,iOS,268
641,1347,2025-06-17,View_Portfolio,iOS,352
642,1237,2026-01-04,Deposit,iOS,337
643,1425,2025-06-08,Login,Web,42
644,1031,2026-04-20,Deposit,Android,257
645,1213,2026-05-03,View_Portfolio,Android,276
646,1272,2026-04-26,Deposit,Android,498
647,1407,2026-04-21,Deposit,Web,359
648,1078,2025-08-06,View_Statement,iOS,374
649,1279,2026-04-17,View_Statement,iOS,83
650,1041,2026-01-25,Deposit,iOS,268
651,1146,2026-04-29,Login,iOS,557
652,1420,2026-03-11,Withdrawal,iOS,222
653,1012,2026-02-24,Login,Web,576
654,1248,2026-05-04,Withdrawal,iOS,507
655,1229,2025-12-05,Login,Android,464
656,1331,2026-03-24,Withdrawal,Android,34
657,1453,2025-10-28,Login,iOS,455
658,1179,2026-04-09,View_Statement,Web,427
659,1341,2025-12-24,Login,Android,162
660,1160,2025-10-31,Login,Android,466
661,1221,2026-03-21,View_Portfolio,iOS,529
662,1327,2026-03-26,Deposit,Android,62
663,1164,2025-11-05,Deposit,iOS,492
664,1168,2025-09-08,View_Statement,iOS,245
665,1382,2026-04-16,Deposit,iOS,485
666,1219,2025-10-18,Withdrawal,iOS,531
667,1070,2026-02-24,Login,Android,599
668,1422,2025-06-25,Withdrawal,Android,358
669,1438,2026-04-17,Login,iOS,138
670,1260,2025-12-23,Deposit,Android,471
671,1430,2026-03-29,View_Portfolio,iOS,495
672,1063,2026-04-13,Deposit,iOS,493
673,1483,2026-02-21,View_Statement,iOS,242
674,1458,2026-04-30,View_Portfolio,Android,81
675,1246,2026-05-02,Withdrawal,Android,303
676,1486,2026-01-16,Deposit,iOS,179
677,1050,2025-12-29,Deposit,iOS,261
678,1286,2026-02-12,Login,iOS,353
679,1234,2026-04-30,Login,Android,16
680,1457,2026-01-11,Login,Web,29
681,1016,2025-12-30,View_Statement,Android,547
682,1436,2026-04-22,Login,iOS,98
683,1004,2026-01-23,Withdrawal,Android,509
684,1282,2026-04-20,Deposit,Web,349
685,1157,2026-04-04,Deposit,Web,65
686,1220,2026-03-31,Deposit,Web,464
687,1395,2026-04-09,Login,Android,237
688,1348,2026-02-19,View_Portfolio,iOS,71
689,1364,2026-03-19,View_Statement,Web,250
690,1480,2025-12-13,Deposit,Web,393
691,1408,2025-11-10,View_Portfolio,iOS,455
692,1051,2025-10-28,Login,Android,503
693,1042,2025-08-30,Login,Web,411
694,1423,2025-10-15,Deposit,Web,465
695,1135,2026-04-25,View_Portfolio,Android,548
696,1274,2026-04-18,Login,Android,360
697,1259,2026-01-07,Deposit,Android,439
698,1191,2025-10-24,Login,Android,306
699,1256,2025-12-16,View_Statement,iOS,94
700,1236,2026-03-24,View_Portfolio,iOS,573
701,1494,2026-02-26,Login,Android,396
702,1276,2026-04-24,View_Statement,iOS,323
703,1354,2026-05-03,Login,Android,355
704,1478,2026-04-27,Deposit,iOS,520
705,1073,2025-07-15,Login,Android,487
706,1074,2025-11-05,Login,Android,129
707,1123,2026-04-08,Login,Android,434
708,1070,2026-04-15,Login,Android,212
709,1401,2025-12-05,View_Statement,Android,239
710,1079,2026-01-18,Deposit,iOS,298
711,1481,2026-04-09,Login,iOS,47
712,1248,2026-03-19,Deposit,iOS,155
713,1187,2025-10-23,Withdrawal,Android,447
714,1438,2026-04-29,View_Statement,Android,58
715,1141,2026-03-07,Deposit,iOS,326
716,1298,2025-11-06,View_Portfolio,Android,537
717,1044,2026-03-17,Login,iOS,223
718,1247,2025-12-13,Login,iOS,552
719,1470,2025-08-01,Deposit,iOS,104
720,1336,2025-12-22,Deposit,iOS,509
721,1226,2025-09-25,Deposit,iOS,483
722,1067,2026-03-02,Withdrawal,Web,147
723,1456,2026-04-11,Deposit,Android,66
724,1276,2025-09-01,View_Statement,Android,175
725,1253,2026-04-28,View_Statement,Android,214
726,1303,2026-04-23,Deposit,iOS,151
727,1280,2026-03-21,Deposit,Web,63
728,1179,2025-09-15,Deposit,Web,163
729,1402,2025-12-04,Login,Android,235
730,1279,2026-04-06,View_Statement,iOS,294
731,1129,2025-08-19,Login,Web,71
732,1379,2026-04-26,Deposit,iOS,401
733,1115,2025-12-13,Login,Android,411
734,1322,2026-04-06,Withdrawal,iOS,376
735,1389,2026-02-16,Login,iOS,170
736,1274,2026-03-22,View_Portfolio,Web,57
737,1464,2026-02-02,Login,Web,395
738,1202,2025-07-07,View_Statement,Web,258
739,1117,2026-03-26,View_Statement,iOS,35
740,1477,2025-08-13,View_Portfolio,iOS,154
741,1035,2026-01-31,Deposit,Web,269
742,1409,2026-03-07,Login,iOS,18
743,1106,2026-04-24,View_Statement,Android,509
744,1249,2025-12-01,View_Portfolio,iOS,275
745,1152,2026-03-06,Login,iOS,250
746,1141,2026-03-02,Deposit,Web,334
747,1405,2026-03-04,Login,iOS,561
748,1490,2026-03-08,Withdrawal,Android,186
749,1491,2026-04-21,Login,iOS,479
750,1295,2026-01-07,Withdrawal,iOS,498
751,1162,2025-10-26,Withdrawal,iOS,540
752,1147,2026-03-02,Login,Android,46
753,1412,2026-01-09,View_Statement,Web,234
754,1256,2026-01-29,View_Portfolio,Android,251
755,1091,2026-01-23,Deposit,Android,399
756,1370,2025-07-19,View_Statement,Android,329
757,1218,2026-03-05,View_Portfolio,Android,552
758,1139,2026-04-26,Withdrawal,iOS,574
759,1177,2026-03-31,Login,Android,42
760,1291,2026-04-10,Deposit,Web,538
761,1340,2026-01-10,View_Portfolio,Android,586
762,1076,2026-03-16,Deposit,iOS,588
763,1057,2026-01-11,Deposit,Android,182
764,1028,2026-04-10,View_Statement,iOS,237
765,1322,2025-12-16,Login,Android,97
766,1321,2025-11-06,Login,Android,242
767,1457,2026-01-12,View_Portfolio,Android,46
768,1150,2026-02-12,Login,iOS,357
769,1307,2026-04-18,Login,Web,292
770,1488,2026-02-04,View_Statement,Android,157
771,1347,2025-09-20,Withdrawal,Android,472
772,1393,2025-06-27,Deposit,Android,117
773,1199,2026-04-19,Withdrawal,iOS,79
774,1164,2026-03-25,Login,iOS,119
775,1182,2026-04-17,Deposit,iOS,471
776,1240,2025-10-17,Deposit,Android,176
777,1422,2026-01-29,Login,iOS,386
778,1242,2026-03-29,View_Portfolio,Android,371
779,1066,2025-07-24,Login,Android,39
780,1171,2026-03-10,Login,iOS,568
781,1133,2026-02-08,Login,iOS,59
782,1081,2026-01-11,Deposit,iOS,293
783,1165,2025-09-05,View_Statement,Web,210
784,1442,2025-12-17,Deposit,iOS,261
785,1063,2026-02-22,Login,iOS,56
786,1355,2026-01-10,Login,Android,182
787,1051,2025-10-06,Deposit,Android,138
788,1072,2026-04-19,Login,iOS,203
789,1043,2025-11-13,Login,iOS,505
790,1323,2026-02-20,Withdrawal,iOS,485
791,1451,2026-03-04,View_Portfolio,iOS,365
792,1321,2025-11-17,View_Portfolio,iOS,544
793,1318,2025-08-07,View_Portfolio,iOS,426
794,1216,2026-02-10,Login,iOS,239
795,1493,2026-01-19,Withdrawal,iOS,57
796,1191,2025-08-26,Deposit,Android,409
797,1158,2026-04-30,Login,Android,504
798,1490,2026-03-22,Deposit,Web,432
799,1090,2025-11-02,Login,Web,144
800,1422,2026-01-06,Login,Web,327
801,1491,2026-04-22,Login,iOS,346
802,1104,2025-11-23,View_Statement,iOS,113
803,1051,2025-08-20,View_Portfolio,Android,525
804,1254,2025-12-09,Deposit,Web,291
805,1107,2025-12-28,Login,Android,406
806,1294,2026-05-02,Login,iOS,436
807,1236,2026-03-03,Deposit,Android,94
808,1498,2026-01-05,Deposit,iOS,298
809,1323,2025-05-26,View_Portfolio,Android,332
810,1333,2025-08-02,Login,Android,528
811,1356,2025-09-25,Deposit,Android,85
812,1105,2025-12-23,View_Statement,iOS,452
813,1255,2026-04-18,Login,Android,374
814,1304,2026-02-28,Deposit,Android,75
815,1396,2026-03-10,Login,Android,113
816,1020,2026-04-01,Login,Android,53
817,1359,2026-04-23,View_Portfolio,Android,427
818,1492,2026-04-15,Withdrawal,Android,149
819,1072,2026-03-13,Deposit,Web,143
820,1117,2026-04-18,Login,iOS,497
821,1367,2026-03-16,View_Portfolio,iOS,233
822,1130,2026-03-01,Login,Android,89
823,1459,2026-03-28,Login,iOS,418
824,1120,2025-12-28,View_Statement,iOS,487
825,1213,2026-05-03,View_Portfolio,iOS,561
826,1229,2025-10-05,View_Portfolio,Android,352
827,1183,2026-02-26,Deposit,iOS,449
828,1134,2026-04-09,Login,iOS,117
829,1339,2025-10-15,View_Statement,iOS,122
830,1478,2026-03-20,Deposit,Android,184
831,1494,2026-04-26,Login,iOS,535
832,1231,2026-01-29,Login,Web,139
833,1384,2026-01-12,Login,Android,111
834,1364,2025-10-23,Login,iOS,247
835,1446,2026-03-15,Login,Android,287
836,1433,2026-04-26,Login,iOS,568
837,1484,2026-02-25,Login,Android,587
838,1340,2025-11-11,Login,iOS,251
839,1438,2026-03-23,Login,iOS,386
840,1246,2026-04-14,Login,Android,262
841,1394,2026-03-14,Login,iOS,283
842,1408,2025-11-25,Login,Android,240
843,1252,2026-04-17,Deposit,Android,589
844,1225,2025-08-30,Deposit,Android,305
845,1157,2026-04-26,Login,iOS,24
846,1119,2026-05-02,Login,Web,188
847,1094,2026-04-29,View_Statement,iOS,232
848,1228,2026-02-27,Deposit,Android,435
849,1365,2026-04-05,Withdrawal,Android,224
850,1390,2025-11-02,Withdrawal,iOS,391
851,1186,2026-02-17,Login,Android,56
852,1495,2026-04-30,Deposit,Android,359
853,1334,2025-09-12,Deposit,Web,571
854,1185,2026-05-02,Login,iOS,513
855,1387,2026-03-29,Withdrawal,iOS,118
856,1280,2026-02-06,View_Portfolio,iOS,190
857,1403,2026-01-09,Login,Android,23
858,1230,2026-02-20,Login,Android,588
859,1482,2025-12-25,Login,iOS,239
860,1265,2025-12-25,Login,iOS,541
861,1158,2026-04-14,Login,iOS,454
862,1352,2025-10-09,Login,Android,160
863,1077,2025-10-01,Login,Web,544
864,1082,2025-09-02,View_Statement,iOS,398
865,1428,2026-04-15,Withdrawal,Android,573
866,1181,2026-04-17,Deposit,Android,210
867,1342,2026-01-28,Login,iOS,543
868,1196,2026-02-17,Login,Android,220
869,1060,2026-05-04,View_Portfolio,Android,590
870,1151,2026-01-17,Login,iOS,475
871,1061,2025-09-22,Login,Web,454
872,1135,2026-04-03,View_Portfolio,Android,240
873,1428,2026-03-22,Login,iOS,515
874,1439,2025-09-08,Login,Web,598
875,1331,2025-09-21,View_Statement,iOS,263
876,1039,2026-01-16,Login,Android,217
877,1253,2026-04-07,Withdrawal,Android,532
878,1378,2026-05-02,View_Statement,Android,76
879,1443,2026-02-10,Login,Android,359
880,1106,2026-03-23,View_Portfolio,iOS,60
881,1233,2025-07-16,Deposit,iOS,325
882,1354,2026-04-28,View_Portfolio,Android,453
883,1389,2026-02-09,Login,Android,579
884,1170,2025-11-18,View_Statement,Web,85
885,1217,2025-10-08,Deposit,Android,58
886,1348,2026-03-18,Deposit,iOS,158
887,1014,2026-01-19,View_Portfolio,iOS,243
888,1411,2026-01-16,Deposit,Android,90
889,1016,2025-11-09,Login,Web,320
890,1219,2026-01-16,Login,Android,458
891,1386,2026-01-02,Login,iOS,25
892,1403,2026-04-04,Deposit,Web,415
893,1407,2026-04-28,View_Portfolio,iOS,352
894,1169,2026-03-18,Deposit,iOS,157
895,1014,2025-08-19,Deposit,Android,393
896,1431,2025-10-28,View_Portfolio,iOS,442
897,1243,2026-04-04,Login,Android,337
898,1319,2025-06-15,Withdrawal,iOS,370
899,1474,2026-04-16,Login,iOS,510
900,1008,2026-04-29,Login,iOS,231
901,1283,2026-03-09,Deposit,Android,587
902,1111,2026-02-16,Login,iOS,583
903,1040,2026-04-25,Login,iOS,385
904,1412,2026-01-05,Deposit,iOS,130
905,1068,2026-04-07,Deposit,iOS,169
906,1123,2026-03-09,Deposit,Android,476
907,1317,2025-12-31,View_Statement,iOS,278
908,1166,2026-03-06,Deposit,iOS,179
909,1203,2026-04-30,Deposit,Android,184
910,1128,2026-03-09,Login,iOS,206
911,1364,2026-02-09,Deposit,Web,228
912,1152,2026-03-17,Login,Android,453
913,1412,2025-12-17,Deposit,iOS,454
914,1425,2025-07-31,Login,iOS,579
915,1146,2026-04-28,Login,Web,259
916,1049,2026-03-24,Deposit,Android,546
917,1469,2026-03-26,Withdrawal,Android,592
918,1410,2025-10-09,Login,Android,389
919,1003,2026-04-10,Deposit,iOS,582
920,1251,2026-04-20,Deposit,iOS,36
921,1077,2026-02-07,View_Portfolio,iOS,196
922,1422,2026-01-01,Login,Android,549
923,1220,2026-03-24,Deposit,Web,171
924,1398,2026-04-06,Login,iOS,94
925,1385,2026-04-13,Login,Android,56
926,1348,2026-03-25,Deposit,Web,526
927,1379,2025-09-18,Login,iOS,329
928,1228,2025-11-16,Deposit,iOS,282
929,1118,2025-07-16,View_Statement,iOS,66
930,1498,2026-02-06,Withdrawal,iOS,322
931,1267,2025-09-21,View_Portfolio,Android,569
932,1235,2025-07-21,Deposit,iOS,353
933,1168,2025-06-13,View_Portfolio,iOS,411
934,1260,2026-02-20,Login,Android,507
935,1418,2026-04-04,Deposit,Android,307
936,1193,2026-04-13,Deposit,Web,94
937,1184,2026-01-30,View_Portfolio,Web,298
938,1010,2026-04-28,Login,Web,177
939,1337,2026-03-01,Login,iOS,174
940,1327,2025-10-13,View_Statement,iOS,497
941,1359,2026-04-18,Login,iOS,596
942,1448,2026-04-21,Login,iOS,549
943,1141,2026-05-02,Deposit,iOS,116
944,1022,2026-03-23,Deposit,Android,439
945,1312,2026-04-01,View_Portfolio,Android,100
946,1378,2026-05-04,Deposit,iOS,262
947,1193,2026-04-06,Deposit,Android,564
948,1092,2026-03-12,Login,iOS,576
949,1097,2026-04-26,Deposit,iOS,542
950,1141,2026-04-30,Login,iOS,440
951,1257,2026-03-24,Login,Web,316
952,1038,2026-01-06,View_Statement,Web,422
953,1247,2025-06-20,Login,iOS,25
954,1256,2026-04-05,Withdrawal,Web,333
955,1442,2026-03-09,View_Statement,iOS,354
956,1409,2026-02-28,Login,Android,590
957,1298,2025-07-21,Login,Android,156
958,1085,2026-01-09,Deposit,Android,551
959,1417,2026-02-21,Login,iOS,37
960,1441,2025-12-23,View_Portfolio,iOS,76
961,1037,2026-03-21,Login,iOS,585
962,1185,2026-04-29,View_Statement,Android,579
963,1098,2026-04-09,View_Portfolio,Android,518
964,1318,2025-09-25,View_Portfolio,Android,444
965,1387,2025-11-30,Login,iOS,335
966,1030,2025-10-11,Login,Web,10
967,1451,2025-10-03,Login,Web,225
968,1191,2025-10-12,Withdrawal,iOS,525
969,1338,2026-02-18,Login,iOS,281
970,1279,2026-04-19,View_Portfolio,Android,379
971,1456,2026-03-28,Deposit,iOS,546
972,1201,2026-02-04,Deposit,iOS,402
973,1322,2025-08-06,Deposit,iOS,208
974,1189,2026-02-13,Deposit,Android,62
975,1258,2025-10-08,Login,iOS,560
976,1155,2026-02-25,Login,iOS,524
977,1432,2026-04-01,Deposit,Android,524
978,1487,2026-04-09,Withdrawal,Web,336
979,1319,2025-11-12,Login,Android,32
980,1228,2025-09-06,View_Portfolio,iOS,472
981,1005,2026-01-01,View_Portfolio,iOS,224
982,1129,2025-08-25,Login,iOS,51
983,1406,2025-11-08,Deposit,Android,142
984,1074,2025-09-22,Login,iOS,50
985,1365,2026-02-08,Login,Android,378
986,1024,2026-02-25,View_Portfolio,Android,446
987,1315,2025-06-24,View_Statement,iOS,583
988,1463,2026-04-01,Deposit,Android,486
989,1481,2026-04-26,View_Statement,Android,348
990,1434,2026-01-16,Deposit,Android,391
991,1279,2026-04-11,Deposit,Web,417
992,1206,2025-09-18,Deposit,iOS,549
993,1146,2026-04-29,Login,iOS,346
994,1089,2026-01-30,Login,iOS,18
995,1022,2026-05-01,Deposit,iOS,454
996,1300,2026-04-26,Deposit,iOS,446
997,1044,2026-02-03,Deposit,Web,74
998,1037,2026-04-01,Withdrawal,iOS,463
999,1007,2025-08-02,Login,iOS,280
1000,1474,2026-04-07,Login,Android,271
1001,1280,2026-02-14,Deposit,Android,382
1002,1461,2025-11-16,Login,Android,504
1003,1169,2026-03-03,View_Statement,iOS,383
1004,1070,2026-03-03,Withdrawal,iOS,495
1005,1213,2026-05-02,Login,iOS,123
1006,1071,2026-02-01,Withdrawal,Web,231
1007,1402,2026-01-11,Deposit,Web,579
1008,1207,2025-08-30,Deposit,iOS,357
1009,1072,2026-01-12,View_Statement,Android,32
1010,1316,2025-11-14,Deposit,Android,481
1011,1180,2025-10-12,View_Portfolio,iOS,36
1012,1208,2026-01-23,View_Statement,Android,515
1013,1177,2026-03-23,Login,iOS,596
1014,1195,2026-04-15,Login,iOS,24
1015,1301,2025-11-09,Deposit,Web,423
1016,1393,2025-05-18,View_Portfolio,Android,399
1017,1372,2025-08-07,View_Portfolio,Android,40
1018,1239,2025-11-28,View_Portfolio,Android,33
1019,1154,2026-02-26,Deposit,iOS,78
1020,1154,2025-12-20,Withdrawal,iOS,103
1021,1030,2025-09-12,Withdrawal,Web,569
1022,1027,2025-11-19,Login,iOS,259
1023,1464,2026-03-06,Login,iOS,460
1024,1240,2026-03-10,Deposit,iOS,411
1025,1243,2026-04-29,Withdrawal,iOS,95
1026,1132,2025-12-28,Deposit,iOS,508
1027,1179,2026-03-15,Login,Android,37
1028,1339,2025-08-18,Login,iOS,39
1029,1098,2026-04-07,Withdrawal,Android,11
1030,1326,2026-05-04,View_Statement,iOS,466
1031,1237,2025-10-06,View_Statement,iOS,458
1032,1335,2025-09-24,Deposit,iOS,514
1033,1138,2026-03-16,View_Portfolio,Android,71
1034,1118,2025-07-12,Login,Android,37
1035,1106,2026-03-18,View_Portfolio,Android,297
1036,1036,2026-01-13,Deposit,Android,195
1037,1046,2026-04-19,View_Portfolio,iOS,591
1038,1104,2025-08-27,Login,Android,134
1039,1390,2025-09-29,View_Portfolio,Android,160
1040,1364,2025-10-03,Deposit,iOS,457
1041,1360,2026-01-31,Login,Android,479
1042,1070,2026-05-01,Login,iOS,28
1043,1207,2025-09-27,Login,iOS,17
1044,1221,2026-02-20,Deposit,iOS,477
1045,1089,2026-03-16,Login,iOS,264
1046,1467,2026-01-30,Deposit,Android,329
1047,1462,2025-06-01,View_Portfolio,iOS,214
1048,1003,2026-03-22,View_Statement,iOS,562
1049,1434,2025-12-06,Login,Web,188
1050,1298,2025-12-17,Login,Web,528
1051,1366,2026-03-31,Login,Web,518
1052,1462,2025-11-08,Login,iOS,189
1053,1438,2026-04-01,View_Portfolio,Android,81
1054,1231,2026-01-10,Deposit,iOS,268
1055,1423,2025-10-30,Deposit,iOS,154
1056,1469,2026-03-24,Login,Android,504
1057,1118,2025-09-25,Withdrawal,Android,82
1058,1311,2025-11-28,View_Statement,Android,380
1059,1395,2026-04-29,Deposit,Android,79
1060,1114,2026-03-31,View_Statement,Android,145
1061,1202,2025-07-04,Login,Android,185
1062,1463,2025-11-27,Login,Web,93
1063,1030,2025-08-13,View_Statement,Android,291
1064,1364,2026-04-03,Withdrawal,iOS,67
1065,1247,2026-04-20,Login,iOS,383
1066,1081,2026-02-13,Login,iOS,451
1067,1246,2026-04-13,Deposit,iOS,15
1068,1184,2026-03-29,Withdrawal,Android,523
1069,1413,2025-12-08,View_Portfolio,iOS,544
1070,1273,2026-01-27,Login,Android,528
1071,1033,2026-02-15,Withdrawal,Android,455
1072,1102,2026-04-16,Deposit,iOS,39
1073,1277,2026-04-16,Deposit,iOS,522
1074,1111,2026-03-26,Deposit,iOS,214
1075,1499,2025-11-15,Deposit,iOS,266
1076,1206,2025-10-04,Login,iOS,415
1077,1266,2026-03-02,Deposit,Android,583
1078,1490,2026-03-24,Login,Android,252
1079,1215,2026-04-11,Login,iOS,565
1080,1103,2026-05-04,Login,iOS,18
1081,1295,2026-04-23,Login,Android,559
1082,1078,2025-10-10,Deposit,Android,31
1083,1175,2026-04-19,Login,Android,267
1084,1342,2026-02-13,Deposit,iOS,138
1085,1052,2026-04-20,View_Statement,Web,19
1086,1297,2025-11-02,Login,Android,187
1087,1476,2026-02-22,Login,iOS,440
1088,1175,2026-04-21,Withdrawal,iOS,111
1089,1457,2026-01-23,Login,iOS,197
1090,1343,2026-01-22,Deposit,iOS,544
1091,1199,2026-04-11,Login,Android,594
1092,1088,2026-03-19,Login,iOS,141
1093,1171,2026-04-25,View_Portfolio,Web,164
1094,1037,2026-04-17,Login,iOS,322
1095,1123,2026-02-15,Login,Web,333
1096,1201,2026-04-14,Login,Android,331
1097,1064,2026-03-16,Login,iOS,519
1098,1486,2026-04-21,Login,iOS,322
1099,1455,2026-05-02,Login,Android,52
1100,1188,2025-11-05,Deposit,iOS,435
1101,1215,2025-12-23,Withdrawal,iOS,533
1102,1409,2026-03-31,Deposit,Web,100
1103,1375,2026-05-03,Deposit,Web,447
1104,1494,2026-02-09,View_Portfolio,Android,95
1105,1243,2026-02-08,View_Statement,Android,472
1106,1150,2025-12-19,Deposit,iOS,595
1107,1427,2026-01-31,View_Statement,iOS,300
1108,1124,2026-04-11,Deposit,Android,433
1109,1455,2026-04-14,View_Portfolio,iOS,297
1110,1198,2025-10-14,Deposit,iOS,221
1111,1036,2026-04-03,View_Portfolio,Android,398
1112,1302,2026-03-01,Deposit,iOS,228
1113,1278,2026-02-26,Withdrawal,Android,355
1114,1035,2025-12-22,Deposit,iOS,20
1115,1113,2026-04-23,View_Portfolio,iOS,38
1116,1175,2026-03-10,View_Statement,Android,52
1117,1033,2026-03-07,Login,Android,591
1118,1213,2026-05-02,Deposit,iOS,145
1119,1203,2026-05-02,Login,Web,182
1120,1397,2026-04-08,Login,iOS,376
1121,1254,2025-07-03,View_Statement,iOS,199
1122,1056,2026-02-25,Deposit,Android,431
1123,1323,2025-05-26,Login,iOS,203
1124,1013,2026-04-17,Withdrawal,Android,536
1125,1050,2025-12-29,Deposit,Android,178
1126,1248,2026-03-09,Login,Android,466
1127,1233,2025-06-06,Login,Web,228
1128,1441,2025-11-09,Deposit,Web,430
1129,1482,2026-02-10,Login,Web,124
1130,1028,2026-03-08,Login,Android,510
1131,1104,2025-09-04,Login,iOS,22
1132,1354,2026-05-01,View_Portfolio,iOS,158
1133,1096,2026-03-19,Login,iOS,276
1134,1343,2026-03-09,View_Portfolio,iOS,469
1135,1344,2025-11-29,Deposit,Android,23
1136,1193,2026-04-24,Login,Android,259
1137,1408,2025-11-07,Deposit,iOS,429
1138,1451,2026-04-15,Deposit,Web,406
1139,1125,2026-03-01,View_Portfolio,Android,590
1140,1081,2026-03-13,View_Statement,iOS,286
1141,1007,2025-09-26,Login,iOS,362
1142,1330,2026-01-17,View_Portfolio,iOS,117
1143,1083,2026-03-27,Login,iOS,201
1144,1024,2026-02-19,Login,Web,90
1145,1393,2026-02-05,Login,Android,458
1146,1114,2026-04-08,Withdrawal,iOS,444
1147,1015,2025-09-11,Login,iOS,206
1148,1113,2026-04-15,Deposit,Android,341
1149,1440,2026-03-29,View_Portfolio,Web,34
1150,1378,2026-05-02,View_Portfolio,iOS,149
1151,1342,2026-01-06,View_Portfolio,Android,20
1152,1250,2026-05-03,Login,Web,313
1153,1145,2026-02-04,Deposit,Android,346
1154,1019,2026-04-09,View_Statement,Web,396
1155,1009,2026-01-21,Login,iOS,186
1156,1320,2026-04-09,View_Portfolio,Android,568
1157,1185,2026-04-28,Login,iOS,522
1158,1038,2026-01-28,Withdrawal,Android,591
1159,1211,2026-05-02,Withdrawal,iOS,235
1160,1392,2025-05-27,View_Statement,Android,524
1161,1134,2026-03-28,Deposit,iOS,463
1162,1433,2026-04-28,View_Portfolio,Android,305
1163,1102,2025-12-30,Login,Android,111
1164,1429,2026-04-16,Deposit,Web,73
1165,1149,2026-04-22,Deposit,Android,93
1166,1093,2025-10-03,Deposit,Android,483
1167,1290,2025-07-14,Deposit,Android,323
1168,1140,2025-07-29,View_Statement,iOS,236
1169,1295,2026-01-29,Login,Android,265
1170,1352,2025-11-13,Login,Android,246
1171,1262,2026-03-25,View_Statement,iOS,499
1172,1081,2026-03-30,Deposit,Web,295
1173,1032,2025-10-16,Deposit,iOS,546
1174,1188,2026-04-10,Login,iOS,19
1175,1136,2026-03-22,Login,iOS,374
1176,1166,2026-01-19,Login,iOS,322
1177,1477,2025-07-04,Login,iOS,292
1178,1479,2026-04-15,Deposit,iOS,261
1179,1147,2026-03-28,View_Portfolio,iOS,583
1180,1245,2026-02-07,View_Portfolio,Android,422
1181,1183,2026-04-07,Login,iOS,364
1182,1009,2026-02-22,Login,Android,158
1183,1436,2025-09-09,Deposit,iOS,178
1184,1156,2026-03-10,Login,Web,424
1185,1318,2025-12-09,View_Portfolio,Web,156
1186,1176,2025-11-26,Deposit,iOS,501
1187,1114,2026-03-25,View_Statement,Android,303
1188,1243,2026-03-27,Login,Android,13
1189,1167,2026-01-11,Login,iOS,87
1190,1488,2025-12-19,Login,iOS,586
1191,1437,2026-04-30,Login,Android,113
1192,1223,2026-03-08,Withdrawal,iOS,57
1193,1191,2025-10-09,View_Statement,Web,425
1194,1275,2026-02-14,Login,Web,273
1195,1289,2026-03-31,Login,iOS,186
1196,1064,2026-01-17,Login,Android,318
1197,1282,2026-03-28,Deposit,Android,125
1198,1173,2026-04-16,Deposit,Web,581
1199,1257,2026-03-12,Withdrawal,Android,454
1200,1203,2026-04-27,Withdrawal,Android,455
1201,1450,2025-07-04,Deposit,Android,468
1202,1419,2026-04-10,Deposit,iOS,406
1203,1077,2026-03-27,View_Portfolio,Web,422
1204,1103,2026-04-20,Login,iOS,512
1205,1226,2025-11-13,Login,iOS,541
1206,1226,2025-10-31,Login,iOS,300
1207,1227,2026-01-11,Login,iOS,99
1208,1096,2025-12-27,Login,Android,380
1209,1429,2026-03-05,Login,iOS,240
1210,1076,2026-04-11,Login,iOS,372
1211,1033,2026-03-07,View_Portfolio,iOS,562
1212,1082,2026-02-23,Deposit,iOS,181
1213,1069,2026-03-18,Login,iOS,309
1214,1339,2026-04-02,View_Portfolio,Web,143
1215,1415,2026-02-22,Withdrawal,Android,306
1216,1219,2026-02-06,Login,iOS,500
1217,1448,2026-03-23,View_Statement,iOS,476
1218,1362,2025-09-03,Login,Web,500
1219,1358,2026-04-21,View_Portfolio,iOS,160
1220,1370,2025-07-08,View_Statement,iOS,47
1221,1399,2025-10-30,Withdrawal,Web,178
1222,1302,2026-04-29,Withdrawal,iOS,40
1223,1120,2025-10-29,View_Statement,Android,409
1224,1048,2026-03-20,Login,iOS,89
1225,1068,2025-10-02,Login,Web,589
1226,1339,2026-04-27,Deposit,iOS,78
1227,1085,2025-12-15,View_Portfolio,Web,191
1228,1382,2026-04-17,Deposit,Android,229
1229,1424,2025-10-22,View_Statement,iOS,201
1230,1377,2026-04-09,Login,Android,135
1231,1385,2026-01-17,View_Portfolio,Web,540
1232,1276,2026-03-05,View_Statement,iOS,327
1233,1256,2026-03-01,Deposit,Web,268
1234,1406,2025-07-27,View_Statement,iOS,424
1235,1438,2026-03-24,Login,iOS,330
1236,1205,2026-03-20,View_Statement,iOS,580
1237,1233,2025-07-29,View_Statement,Web,194
1238,1065,2026-04-25,Login,Web,21
1239,1399,2025-10-18,Deposit,Web,97
1240,1317,2026-02-19,Deposit,iOS,107
1241,1079,2026-03-20,Login,Web,417
1242,1014,2026-01-08,Login,iOS,402
1243,1325,2025-09-24,Login,iOS,77
1244,1378,2026-05-04,Deposit,iOS,368
1245,1305,2026-02-11,Deposit,Web,327
1246,1390,2025-12-20,View_Statement,Android,88
1247,1169,2026-04-09,Login,iOS,354
1248,1159,2026-04-30,Withdrawal,Android,129
1249,1116,2026-04-30,Login,iOS,275
1250,1346,2026-04-07,Withdrawal,iOS,19
1251,1192,2025-10-26,View_Statement,iOS,591
1252,1345,2026-04-09,Login,iOS,253
1253,1435,2026-05-03,Login,iOS,334
1254,1443,2025-11-08,Deposit,Android,325
1255,1183,2026-05-01,Login,iOS,477
1256,1373,2025-10-12,Deposit,Android,479
1257,1378,2026-05-01,Login,Android,224
1258,1433,2026-04-17,Login,Android,483
1259,1231,2025-11-15,Withdrawal,iOS,535
1260,1168,2025-10-27,View_Statement,iOS,264
1261,1015,2025-11-02,Deposit,iOS,327
1262,1454,2025-10-26,Login,iOS,265
1263,1193,2026-05-02,Login,Android,536
1264,1233,2025-06-09,View_Statement,Android,181
1265,1263,2025-12-10,View_Statement,iOS,384
1266,1446,2026-02-28,Login,Android,469
1267,1054,2026-02-19,View_Statement,iOS,584
1268,1180,2025-06-07,View_Statement,iOS,289
1269,1435,2026-03-11,Login,Android,523
1270,1004,2026-02-01,Withdrawal,Android,370
1271,1257,2026-02-14,Deposit,iOS,433
1272,1361,2026-04-05,Login,Android,528
1273,1322,2026-02-04,Login,Android,502
1274,1240,2026-01-23,Login,iOS,513
1275,1482,2026-01-21,View_Statement,Web,469
1276,1163,2026-04-14,View_Portfolio,iOS,582
1277,1494,2026-02-02,Login,iOS,437
1278,1461,2025-11-30,Deposit,Android,512
1279,1337,2026-04-28,Deposit,Web,118
1280,1138,2026-02-01,Deposit,iOS,476
1281,1451,2025-11-18,View_Portfolio,Android,461
1282,1324,2026-02-18,Deposit,iOS,139
1283,1473,2026-04-14,Login,iOS,481
1284,1229,2026-04-26,Login,iOS,54
1285,1491,2026-04-05,Deposit,Android,404
1286,1102,2025-11-18,Withdrawal,iOS,481
1287,1477,2025-07-22,Deposit,iOS,260
1288,1193,2026-04-05,Deposit,iOS,210
1289,1307,2026-02-01,View_Portfolio,iOS,132
1290,1030,2025-10-16,Deposit,iOS,528
1291,1295,2026-03-28,View_Statement,iOS,38
1292,1247,2025-07-05,Login,Web,492
1293,1394,2026-02-10,View_Statement,Android,332
1294,1221,2026-04-08,Login,iOS,266
1295,1172,2025-05-28,Deposit,iOS,381
1296,1160,2026-04-17,Deposit,iOS,439
1297,1172,2025-06-06,Login,iOS,308
1298,1063,2026-05-02,View_Statement,Web,596
1299,1061,2026-03-24,Login,Android,519
1300,1065,2026-03-17,Withdrawal,iOS,454
1301,1169,2026-04-19,View_Portfolio,Android,47
1302,1081,2026-02-12,Login,Android,361
1303,1247,2025-08-08,View_Statement,iOS,465
1304,1268,2026-01-26,Deposit,iOS,576
1305,1380,2026-02-10,View_Statement,iOS,26
1306,1258,2025-06-15,Withdrawal,iOS,395
1307,1073,2025-07-12,Deposit,iOS,505
1308,1332,2026-02-23,Login,Android,509
1309,1188,2026-04-26,View_Portfolio,Android,148
1310,1025,2026-04-10,Login,iOS,599
1311,1228,2025-12-10,Deposit,iOS,475
1312,1118,2025-07-07,Login,iOS,288
1313,1445,2025-09-21,Login,Android,353
1314,1108,2026-04-19,Login,Android,53
1315,1242,2026-04-15,View_Statement,Android,256
1316,1099,2026-01-25,Deposit,Android,449
1317,1022,2026-03-30,Withdrawal,iOS,185
1318,1481,2026-03-20,View_Portfolio,Web,46
1319,1498,2025-10-31,Withdrawal,iOS,585
1320,1056,2025-09-23,Login,iOS,312
1321,1149,2026-04-15,Deposit,iOS,504
1322,1311,2026-02-19,View_Statement,iOS,566
1323,1040,2026-04-14,Login,iOS,67
1324,1435,2026-02-26,Deposit,Android,74
1325,1150,2026-03-01,Deposit,Android,391
1326,1412,2025-11-30,Login,iOS,333
1327,1121,2026-03-26,View_Statement,iOS,249
1328,1260,2025-11-20,Login,Android,268
1329,1026,2025-11-18,Login,iOS,251
1330,1471,2026-02-26,View_Statement,Android,336
1331,1112,2026-03-10,Withdrawal,iOS,275
1332,1369,2025-10-29,Login,Web,275
1333,1444,2026-04-12,Login,iOS,586
1334,1023,2026-04-27,View_Statement,iOS,378
1335,1169,2026-04-23,Login,Android,323
1336,1314,2026-04-09,Deposit,Android,253
1337,1264,2026-01-10,Login,iOS,302
1338,1116,2026-05-04,View_Statement,Android,340
1339,1480,2026-04-11,View_Portfolio,iOS,87
1340,1307,2026-04-29,Deposit,iOS,303
1341,1231,2026-03-22,Withdrawal,Android,517
1342,1189,2026-03-25,View_Statement,iOS,326
1343,1492,2026-04-29,View_Statement,Web,459
1344,1257,2026-02-05,View_Portfolio,iOS,112
1345,1120,2026-03-17,View_Portfolio,Android,595
1346,1286,2026-01-20,Login,iOS,38
1347,1476,2026-04-11,Login,iOS,330
1348,1273,2026-04-06,View_Portfolio,Android,373
1349,1407,2026-04-30,View_Portfolio,iOS,258
1350,1358,2026-05-02,View_Statement,Android,263
1351,1378,2026-05-02,Login,iOS,106
1352,1152,2026-03-30,Withdrawal,iOS,31
1353,1086,2025-09-27,Deposit,iOS,531
1354,1325,2025-07-31,View_Portfolio,Android,565
1355,1345,2026-04-22,Login,Android,163
1356,1436,2026-01-13,View_Portfolio,iOS,407
1357,1327,2025-11-11,Login,Android,149
1358,1246,2026-04-13,Withdrawal,Android,29
1359,1314,2026-01-09,Deposit,Android,491
1360,1406,2026-01-22,Deposit,iOS,300
1361,1315,2025-12-28,Withdrawal,Android,374
1362,1428,2026-03-02,View_Statement,iOS,223
1363,1293,2026-03-15,Login,iOS,584
1364,1162,2025-10-30,Withdrawal,Android,495
1365,1100,2026-01-18,Login,Android,421
1366,1369,2025-06-05,View_Portfolio,Android,224
1367,1185,2026-05-04,Deposit,iOS,251
1368,1441,2025-09-13,Deposit,Android,493
1369,1424,2026-02-09,View_Portfolio,iOS,288
1370,1276,2025-11-22,Deposit,Android,152
1371,1485,2026-03-01,Login,iOS,145
1372,1017,2025-11-30,View_Statement,iOS,471
1373,1436,2025-11-23,Deposit,Web,126
1374,1260,2026-03-02,Deposit,iOS,592
1375,1447,2025-10-19,Deposit,Android,365
1376,1245,2026-02-16,View_Portfolio,iOS,32
1377,1306,2026-01-10,Login,Android,90
1378,1338,2026-01-30,Login,iOS,98
1379,1476,2026-02-13,Login,Android,468
1380,1050,2026-04-21,Deposit,iOS,548
1381,1272,2026-04-27,Login,Web,594
1382,1235,2025-07-09,Withdrawal,iOS,487
1383,1072,2026-03-23,Login,iOS,332
1384,1317,2025-12-04,View_Portfolio,Android,488
1385,1044,2026-03-18,Withdrawal,iOS,531
1386,1402,2025-11-05,Login,Web,60
1387,1306,2026-05-02,Login,iOS,202
1388,1477,2025-08-05,View_Portfolio,iOS,567
1389,1488,2026-04-18,View_Portfolio,iOS,112
1390,1080,2025-08-31,View_Portfolio,Web,245
1391,1286,2026-01-28,Login,Android,348
1392,1049,2026-04-15,View_Statement,Android,199
1393,1098,2026-04-14,Withdrawal,Android,126
1394,1478,2026-03-21,Login,Web,80
1395,1405,2025-07-02,Deposit,Android,281
1396,1406,2026-04-18,Withdrawal,Web,240
1397,1431,2025-10-12,Login,iOS,460
1398,1025,2026-04-21,View_Statement,iOS,463
1399,1214,2026-01-23,View_Portfolio,iOS,563
1400,1056,2025-06-15,Login,Web,105
1401,1255,2025-10-26,View_Statement,Android,512
1402,1448,2026-04-28,Deposit,Android,305
1403,1156,2026-03-10,Deposit,iOS,279
1404,1487,2026-04-25,View_Portfolio,iOS,436
1405,1161,2026-01-30,Deposit,Android,470
1406,1194,2026-01-22,Deposit,iOS,69
1407,1004,2026-03-31,Login,Android,21
1408,1464,2026-03-26,Deposit,Android,67
1409,1268,2026-03-30,Deposit,iOS,339
1410,1401,2025-10-20,Deposit,Web,405
1411,1036,2026-05-01,Deposit,iOS,365
1412,1016,2025-09-20,Deposit,Web,485
1413,1487,2026-04-08,Deposit,Android,465
1414,1407,2026-05-03,Deposit,iOS,541
1415,1456,2026-03-11,Login,Android,544
1416,1377,2026-02-01,Login,Android,452
1417,1137,2026-04-28,Deposit,Android,364
1418,1078,2025-09-05,Login,Android,554
1419,1311,2025-09-15,Login,Android,380
1420,1073,2025-07-21,Login,Web,55
1421,1320,2026-03-26,Login,iOS,44
1422,1431,2025-10-17,Login,iOS,31
1423,1245,2026-01-29,Login,iOS,43
1424,1346,2025-12-15,Login,Web,45
1425,1228,2025-09-13,Login,Android,110
1426,1195,2026-03-25,Login,iOS,495
1427,1246,2026-04-22,Login,iOS,163
1428,1394,2026-02-27,View_Portfolio,iOS,50
1429,1089,2026-03-22,Login,Android,531
1430,1260,2026-03-02,Deposit,Android,366
1431,1286,2026-02-15,Login,Web,400
1432,1498,2025-11-16,Login,Android,51
1433,1139,2026-04-10,Deposit,iOS,148
1434,1051,2026-03-23,Deposit,Android,474
1435,1147,2026-01-06,Login,Android,81
1436,1242,2025-12-27,Login,Android,592
1437,1397,2026-04-13,Login,iOS,119
1438,1441,2025-09-22,View_Portfolio,iOS,81
1439,1484,2026-05-03,Login,iOS,55
1440,1387,2026-04-09,Login,Web,398
1441,1368,2026-04-25,View_Portfolio,iOS,121
1442,1334,2025-11-02,Login,Android,279
1443,1458,2026-04-27,Login,iOS,43
1444,1422,2026-02-23,Login,iOS,579
1445,1232,2026-03-12,Login,Web,226
1446,1027,2025-07-28,Login,iOS,475
1447,1344,2026-04-16,View_Statement,iOS,449
1448,1208,2026-04-13,View_Portfolio,iOS,413
1449,1138,2026-04-29,Deposit,Android,278
1450,1374,2026-04-18,Deposit,Android,135
1451,1437,2026-04-26,Deposit,iOS,243
1452,1155,2026-02-19,Deposit,Android,508
1453,1007,2025-08-18,View_Portfolio,Web,210
1454,1115,2025-12-05,Deposit,iOS,232
1455,1092,2026-03-10,Login,Android,54
1456,1346,2026-01-04,Login,Android,463
1457,1082,2026-01-29,View_Statement,iOS,567
1458,1013,2025-11-03,Login,Android,267
1459,1072,2026-03-05,View_Portfolio,iOS,149
1460,1091,2025-12-05,Withdrawal,Android,329
1461,1188,2026-03-08,Deposit,iOS,52
1462,1398,2026-05-04,Login,Android,60
1463,1105,2026-01-13,Login,iOS,376
1464,1300,2026-04-19,Deposit,Web,406
1465,1454,2025-12-11,Withdrawal,iOS,238
1466,1084,2025-11-04,Withdrawal,Android,419
1467,1028,2026-03-21,Deposit,Web,234
1468,1279,2026-04-29,Login,iOS,415
1469,1012,2025-09-20,View_Portfolio,Web,324
1470,1408,2025-11-11,View_Statement,Android,212
1471,1307,2025-11-27,View_Statement,iOS,312
1472,1364,2026-03-11,Deposit,iOS,40
1473,1150,2026-01-29,Login,Android,363
1474,1318,2025-07-26,Login,iOS,422
1475,1026,2025-12-08,Deposit,iOS,50
1476,1214,2026-01-20,Withdrawal,Web,218
1477,1314,2026-05-04,Deposit,Web,283
1478,1455,2026-04-21,Deposit,iOS,105
1479,1399,2025-10-24,View_Portfolio,iOS,19
1480,1240,2026-01-13,Login,Web,381
1481,1222,2026-02-25,View_Statement,Android,258
1482,1068,2026-01-10,Login,Android,38
1483,1262,2025-11-19,Login,iOS,29
1484,1496,2026-01-02,View_Portfolio,Android,338
1485,1111,2026-04-15,View_Statement,Android,461
1486,1130,2026-01-28,View_Portfolio,iOS,152
1487,1159,2026-05-03,View_Portfolio,Android,189
1488,1280,2026-04-27,View_Portfolio,iOS,224
1489,1291,2026-04-19,Deposit,Android,371
1490,1303,2026-04-17,Withdrawal,iOS,345
1491,1031,2026-04-29,Login,iOS,138
1492,1089,2026-03-24,Login,Android,412
1493,1456,2026-01-02,Deposit,iOS,419
1494,1332,2026-02-15,Withdrawal,iOS,324
1495,1118,2025-09-16,Login,iOS,525
1496,1130,2026-01-24,Deposit,Android,229
1497,1207,2025-08-28,View_Statement,iOS,506
1498,1360,2026-04-02,Deposit,iOS,197
1499,1059,2026-04-15,View_Statement,Web,300
1500,1096,2026-01-22,View_Portfolio,iOS,373
1501,1319,2025-08-30,Deposit,iOS,433
1502,1246,2026-04-24,Login,iOS,164
1503,1459,2026-03-27,Login,Web,184
1504,1145,2026-03-09,Deposit,iOS,319
1505,1310,2025-12-07,Withdrawal,iOS,271
1506,1125,2026-04-20,Login,Android,170
1507,1405,2026-02-07,View_Portfolio,Android,513
1508,1022,2026-04-06,Withdrawal,Web,195
1509,1381,2025-06-08,Login,Android,502
1510,1353,2026-04-17,View_Portfolio,iOS,47
1511,1372,2025-07-14,Login,Android,553
1512,1439,2026-04-23,Login,iOS,68
1513,1285,2026-03-24,Login,Android,183
1514,1207,2025-06-12,Login,Android,314
1515,1405,2026-03-16,View_Portfolio,Android,356
1516,1258,2026-02-19,Deposit,iOS,78
1517,1298,2025-12-06,Deposit,iOS,499
1518,1052,2026-02-03,Withdrawal,iOS,499
1519,1038,2026-04-15,Withdrawal,Web,585
1520,1387,2026-02-15,Deposit,iOS,163
1521,1153,2025-11-16,View_Portfolio,Android,570
1522,1333,2025-08-02,Deposit,iOS,511
1523,1216,2025-12-20,View_Portfolio,iOS,245
1524,1446,2026-01-10,View_Portfolio,iOS,229
1525,1223,2026-01-10,Login,Android,203
1526,1143,2026-01-21,Deposit,Android,268
1527,1454,2026-04-06,View_Portfolio,Android,504
1528,1105,2025-08-18,View_Portfolio,Android,493
1529,1010,2026-05-01,Login,iOS,158
1530,1457,2026-01-19,Login,Android,439
1531,1242,2026-01-10,Deposit,Android,374
1532,1489,2026-04-30,Login,Android,176
1533,1376,2026-01-16,Login,Android,559
1534,1383,2026-03-12,Login,iOS,37
1535,1114,2026-04-06,Login,Web,462
1536,1233,2026-02-27,Login,Web,71
1537,1069,2026-02-25,View_Portfolio,Android,518
1538,1365,2026-01-12,Login,iOS,177
1539,1044,2026-02-05,Deposit,Android,240
1540,1169,2026-03-06,Deposit,iOS,44
1541,1211,2026-04-26,View_Portfolio,iOS,222
1542,1276,2026-02-09,Login,Web,290
1543,1481,2026-02-23,Login,Android,520
1544,1107,2025-12-16,View_Portfolio,Android,488
1545,1421,2026-02-28,View_Portfolio,Web,280
1546,1479,2026-04-16,Deposit,Web,188
1547,1167,2026-01-29,Login,Android,150
1548,1205,2026-01-20,Login,iOS,105
1549,1119,2025-12-23,Login,iOS,360
1550,1486,2026-03-09,Login,Web,34
1551,1109,2026-04-05,Login,Web,160
1552,1454,2025-10-28,Login,iOS,90
1553,1239,2026-01-24,Login,iOS,501
1554,1008,2026-04-24,View_Portfolio,Android,488
1555,1043,2025-12-28,Withdrawal,iOS,316
1556,1394,2026-03-12,Login,iOS,382
1557,1297,2025-07-11,View_Statement,Web,147
1558,1132,2026-05-02,View_Portfolio,iOS,465
1559,1206,2025-09-27,Login,Android,448
1560,1388,2025-09-10,Login,iOS,387
1561,1280,2026-03-18,Login,Android,290
1562,1239,2026-03-24,Withdrawal,Android,195
1563,1277,2026-03-21,Login,iOS,73
1564,1394,2026-04-01,Login,iOS,328
1565,1046,2026-01-25,Deposit,iOS,541
1566,1473,2026-03-23,Withdrawal,Android,553
1567,1198,2025-10-01,Login,Android,61
1568,1464,2026-03-04,Deposit,iOS,264
1569,1121,2026-01-31,Login,iOS,47
1570,1300,2026-04-25,Deposit,iOS,161
1571,1220,2026-04-12,Login,iOS,492
1572,1356,2025-11-22,Deposit,Android,209
1573,1289,2026-02-15,Deposit,Android,273
1574,1094,2026-04-17,Login,iOS,143
1575,1292,2026-05-02,Login,Android,180
1576,1153,2025-09-30,Login,iOS,508
1577,1013,2026-02-16,Login,Android,470
1578,1423,2025-10-22,Login,Android,420
1579,1207,2025-08-29,Login,Android,588
1580,1255,2026-02-25,Login,Android,15
1581,1422,2025-09-17,Login,Android,587
1582,1158,2026-04-22,View_Portfolio,Android,153
1583,1270,2025-11-21,View_Portfolio,Android,450
1584,1306,2025-06-23,Login,iOS,71
1585,1068,2026-04-10,Deposit,iOS,458
1586,1257,2025-12-15,View_Statement,iOS,155
1587,1189,2026-02-04,Deposit,iOS,260
1588,1003,2026-04-11,View_Portfolio,Android,122
1589,1237,2026-01-14,View_Portfolio,Web,431
1590,1434,2026-02-25,View_Statement,Android,506
1591,1445,2026-04-18,Login,Web,591
1592,1420,2026-02-11,Login,iOS,11
1593,1132,2026-03-21,Login,Android,290
1594,1171,2025-12-03,Deposit,iOS,460
1595,1270,2025-10-17,Deposit,Web,259
1596,1089,2026-04-20,Login,Android,454
1597,1103,2026-03-07,Login,Web,18
1598,1125,2026-02-10,Withdrawal,Android,423
1599,1067,2026-01-24,Login,iOS,499
1600,1263,2025-11-20,Deposit,iOS,414
1601,1008,2026-04-22,Withdrawal,Web,310
1602,1044,2026-03-10,Deposit,Android,149
1603,1448,2026-02-23,Login,Web,563
1604,1135,2026-04-05,View_Portfolio,iOS,133
1605,1248,2026-01-24,Login,iOS,311
1606,1304,2026-03-25,View_Portfolio,iOS,591
1607,1318,2025-11-13,View_Portfolio,Android,356
1608,1025,2026-04-13,Deposit,iOS,69
1609,1465,2026-04-22,Deposit,Android,576
1610,1474,2026-04-13,Login,iOS,319
1611,1374,2026-04-23,View_Portfolio,Android,264
1612,1196,2026-04-25,Login,Android,68
1613,1192,2025-08-30,Deposit,iOS,557
1614,1369,2025-05-27,Login,iOS,67
1615,1402,2026-03-04,View_Statement,Android,116
1616,1122,2026-04-15,View_Statement,Web,400
1617,1260,2026-03-16,Withdrawal,iOS,316
1618,1401,2025-11-30,Deposit,Android,535
1619,1047,2026-04-14,Login,Web,417
1620,1374,2026-03-29,Deposit,Android,267
1621,1209,2026-03-12,View_Portfolio,Web,129
1622,1301,2025-10-15,Deposit,Web,382
1623,1089,2026-04-18,Deposit,Web,300
1624,1442,2025-07-22,View_Portfolio,Android,163
1625,1003,2026-05-03,Login,Android,361
1626,1396,2025-12-29,View_Portfolio,iOS,152
1627,1475,2026-04-06,Deposit,iOS,372
1628,1145,2025-09-21,Login,iOS,147
1629,1374,2026-03-30,Withdrawal,iOS,517
1630,1022,2026-04-05,View_Portfolio,iOS,292
1631,1039,2025-12-20,Deposit,iOS,250
1632,1295,2026-02-27,Deposit,iOS,419
1633,1107,2025-09-09,View_Portfolio,iOS,155
1634,1496,2025-10-28,View_Portfolio,iOS,458
1635,1100,2025-12-26,View_Statement,iOS,360
1636,1272,2026-05-02,Login,Android,598
1637,1229,2025-09-29,Deposit,Android,580
1638,1435,2026-02-13,View_Portfolio,Web,328
1639,1374,2026-03-28,Deposit,Android,196
1640,1285,2026-04-27,Deposit,iOS,396
1641,1206,2025-10-07,Deposit,Android,328
1642,1071,2025-12-21,Login,Android,23
1643,1169,2026-04-27,Login,Android,188
1644,1185,2026-05-02,Login,Android,92
1645,1412,2025-12-02,Deposit,iOS,122
1646,1333,2025-07-07,Login,Android,103
1647,1208,2026-01-18,View_Portfolio,iOS,240
1648,1405,2025-08-19,Login,Android,461
1649,1388,2025-12-22,Login,iOS,504
1650,1487,2026-04-22,View_Statement,iOS,385
1651,1382,2026-04-22,Deposit,Android,109
1652,1355,2025-12-08,Login,Web,327
1653,1372,2025-08-01,View_Portfolio,iOS,476
1654,1271,2026-04-03,Withdrawal,Android,555
1655,1437,2026-04-27,Deposit,iOS,288
1656,1346,2026-05-04,View_Portfolio,iOS,503
1657,1430,2026-04-04,Login,iOS,444
1658,1135,2026-04-08,Login,Android,115
1659,1146,2026-05-02,View_Portfolio,Android,193
1660,1345,2026-04-30,Login,Android,506
1661,1485,2026-03-04,View_Statement,iOS,209
1662,1149,2026-04-15,Login,iOS,402
1663,1116,2026-04-27,Login,iOS,385
1664,1392,2025-10-17,Deposit,Android,23
1665,1187,2025-08-29,Withdrawal,iOS,72
1666,1020,2026-03-29,Login,iOS,241
1667,1338,2026-01-28,Login,Android,458
1668,1373,2025-09-08,View_Statement,Web,544
1669,1467,2026-02-14,View_Portfolio,iOS,425
1670,1244,2026-02-05,Login,Android,389
1671,1067,2026-01-10,Deposit,iOS,244
1672,1439,2025-10-09,Deposit,iOS,543
1673,1062,2026-04-10,View_Portfolio,Android,222
1674,1486,2026-02-26,Deposit,Android,166
1675,1274,2026-04-01,View_Portfolio,iOS,382
1676,1347,2026-02-16,View_Statement,Web,238
1677,1463,2025-12-14,Deposit,Android,430
1678,1110,2026-05-04,Login,Android,438
1679,1056,2026-04-05,Deposit,iOS,135
1680,1085,2025-10-08,View_Portfolio,iOS,51
1681,1406,2025-08-13,Deposit,iOS,113
1682,1264,2025-12-23,View_Portfolio,iOS,171
1683,1395,2026-04-12,View_Portfolio,iOS,383
1684,1107,2025-09-12,Login,Android,252
1685,1012,2025-12-17,Deposit,iOS,83
1686,1176,2025-11-28,Withdrawal,iOS,89
1687,1359,2025-12-26,Login,Android,371
1688,1319,2025-06-03,Deposit,Android,317
1689,1027,2025-08-01,Login,Android,326
1690,1291,2026-04-22,View_Portfolio,Web,427
1691,1130,2026-02-13,View_Statement,Web,114
1692,1227,2026-04-26,Login,Web,468
1693,1479,2026-04-16,Withdrawal,Android,12
1694,1136,2026-05-01,Deposit,Android,496
1695,1020,2026-01-20,View_Portfolio,iOS,265
1696,1264,2026-02-21,Withdrawal,Android,469
1697,1447,2025-12-01,Login,Android,242
1698,1324,2026-03-16,Login,iOS,302
1699,1159,2026-04-24,Login,iOS,387
1700,1160,2026-04-24,View_Statement,Android,278
1701,1397,2026-03-07,Deposit,Web,504
1702,1342,2025-11-12,View_Statement,iOS,143
1703,1026,2026-01-14,Deposit,iOS,304
1704,1081,2026-03-28,Deposit,Android,597
1705,1413,2026-04-21,View_Portfolio,iOS,83
1706,1475,2026-03-02,View_Portfolio,Android,132
1707,1376,2026-03-02,Login,Android,163
1708,1470,2026-02-15,Login,iOS,420
1709,1018,2026-01-13,Login,Android,543
1710,1069,2026-03-05,View_Portfolio,iOS,89
1711,1396,2025-12-09,View_Portfolio,Android,564
1712,1130,2026-02-26,Login,iOS,242
1713,1426,2026-02-24,Login,iOS,247
1714,1135,2026-04-11,Deposit,iOS,74
1715,1303,2026-05-02,Deposit,Android,102
1716,1379,2026-03-20,Deposit,Android,43
1717,1218,2026-04-23,View_Statement,Android,588
1718,1310,2025-07-12,View_Portfolio,Android,232
1719,1487,2026-04-13,Login,Android,571
1720,1015,2025-09-02,Login,iOS,209
1721,1496,2026-04-14,Login,Android,472
1722,1186,2026-03-07,Login,iOS,529
1723,1417,2026-01-09,View_Portfolio,Web,457
1724,1495,2025-08-19,Login,Android,173
1725,1195,2025-06-17,Deposit,Web,39
1726,1191,2025-09-23,Deposit,Android,104
1727,1234,2026-04-26,Login,iOS,370
1728,1432,2026-01-26,Login,iOS,412
1729,1066,2026-04-23,View_Portfolio,Android,570
1730,1081,2026-03-19,View_Portfolio,iOS,235
1731,1449,2026-02-01,Login,iOS,598
1732,1036,2025-11-23,Deposit,iOS,122
1733,1235,2025-12-08,Deposit,iOS,259
1734,1017,2026-04-20,Withdrawal,iOS,454
1735,1002,2026-04-23,Withdrawal,Android,471
1736,1033,2026-02-20,View_Portfolio,iOS,551
1737,1349,2026-04-30,Login,iOS,80
1738,1380,2026-01-17,Login,Android,259
1739,1134,2026-04-09,View_Portfolio,iOS,203
1740,1427,2026-01-26,View_Portfolio,Android,300
1741,1356,2026-01-18,Login,Android,490
1742,1344,2025-12-09,Deposit,iOS,444
1743,1267,2025-08-24,Login,iOS,567
1744,1005,2026-04-04,View_Portfolio,Android,199
1745,1286,2026-02-04,Withdrawal,iOS,455
1746,1394,2026-01-31,Login,Web,41
1747,1485,2026-03-24,Deposit,Web,410
1748,1347,2025-11-28,Deposit,Android,508
1749,1091,2025-10-25,Login,iOS,28
1750,1152,2026-02-27,View_Portfolio,iOS,362
1751,1443,2026-05-03,Login,iOS,194
1752,1378,2026-05-04,Deposit,iOS,521
1753,1118,2025-06-14,Deposit,Web,234
1754,1451,2026-01-04,View_Portfolio,iOS,401
1755,1061,2025-10-17,Login,iOS,272
1756,1358,2026-04-27,Deposit,Web,579
1757,1026,2026-01-15,Login,iOS,36
1758,1109,2026-01-05,View_Portfolio,iOS,561
1759,1368,2026-04-17,Login,Web,243
1760,1295,2026-01-20,Withdrawal,iOS,365
1761,1210,2025-11-18,Deposit,Android,118
1762,1259,2026-04-08,Login,iOS,429
1763,1294,2026-05-04,Login,Android,28
1764,1042,2026-04-19,Login,iOS,134
1765,1304,2026-04-30,View_Portfolio,Android,100
1766,1473,2026-02-27,Deposit,iOS,449
1767,1013,2026-02-22,View_Statement,iOS,591
1768,1089,2026-01-23,Login,Android,345
1769,1088,2026-04-26,Login,iOS,545
1770,1312,2026-04-26,View_Statement,Android,161
1771,1489,2026-05-02,Withdrawal,Android,167
1772,1187,2025-11-02,View_Portfolio,Android,251
1773,1063,2025-08-09,View_Statement,iOS,186
1774,1336,2025-12-09,View_Statement,Web,172
1775,1043,2026-01-11,Login,Android,157
1776,1233,2026-03-26,Login,iOS,301
1777,1234,2026-04-27,Login,Android,379
1778,1075,2025-10-22,View_Portfolio,Android,118
1779,1253,2026-03-16,Login,iOS,354
1780,1313,2026-05-04,Deposit,iOS,379
1781,1149,2026-04-28,View_Portfolio,Web,31
1782,1479,2026-04-25,Withdrawal,iOS,202
1783,1182,2026-04-28,Login,Android,160
1784,1207,2025-09-01,Deposit,iOS,304
1785,1181,2026-01-13,Login,Android,96
1786,1173,2026-05-01,Deposit,iOS,47
1787,1241,2025-12-15,Login,iOS,184
1788,1164,2025-09-11,Login,Android,400
1789,1063,2025-09-26,View_Portfolio,Android,112
1790,1382,2026-04-23,View_Statement,Android,437
1791,1235,2025-08-30,View_Statement,iOS,230
1792,1125,2026-04-07,Login,iOS,178
1793,1257,2026-04-16,View_Portfolio,iOS,435
1794,1092,2026-04-18,Withdrawal,Android,595
1795,1225,2025-11-01,View_Portfolio,Android,472
1796,1195,2025-11-21,View_Portfolio,Android,569
1797,1375,2026-04-09,View_Statement,Android,387
1798,1207,2025-07-24,Login,iOS,593
1799,1417,2025-12-27,View_Portfolio,Android,498
1800,1288,2026-04-14,Withdrawal,iOS,415
1801,1215,2026-04-21,Login,iOS,200
1802,1186,2026-02-28,Login,iOS,450
1803,1126,2026-04-14,Login,Android,193
1804,1282,2026-04-16,View_Statement,iOS,427
1805,1255,2026-04-30,View_Portfolio,iOS,544
1806,1061,2025-11-13,Deposit,iOS,37
1807,1368,2026-04-28,Deposit,iOS,178
1808,1401,2025-11-09,Login,Android,19
1809,1201,2026-02-05,View_Portfolio,Android,116
1810,1069,2025-12-25,Login,Android,321
1811,1285,2026-03-05,Deposit,Android,147
1812,1063,2025-08-21,View_Portfolio,iOS,458
1813,1134,2026-04-03,Deposit,Android,513
1814,1239,2026-03-22,Deposit,Web,38
1815,1252,2026-03-31,Login,iOS,439
1816,1361,2026-05-02,Login,iOS,50
1817,1187,2025-09-06,Withdrawal,iOS,38
1818,1483,2026-04-29,Login,Android,59
1819,1371,2025-10-24,Login,Android,506
1820,1021,2025-11-23,Login,Web,29
1821,1429,2026-04-12,Deposit,Android,17
1822,1429,2026-04-14,Login,iOS,109
1823,1343,2025-12-27,Deposit,Android,309
1824,1291,2026-04-28,Deposit,Web,78
1825,1308,2026-04-29,Login,Android,443
1826,1046,2026-05-04,Login,iOS,124
1827,1194,2026-04-23,View_Portfolio,iOS,390
1828,1057,2026-03-27,Deposit,iOS,394
1829,1042,2026-02-14,Login,Web,541
1830,1457,2026-01-24,Deposit,Android,294
1831,1333,2025-08-04,Login,Android,510
1832,1235,2025-12-11,Login,iOS,262
1833,1354,2026-04-27,Deposit,Web,283
1834,1016,2025-09-30,Login,iOS,382
1835,1133,2026-04-14,Deposit,iOS,475
1836,1001,2026-04-09,Login,iOS,450
1837,1232,2026-02-28,Login,iOS,591
1838,1150,2026-01-05,Login,Web,101
1839,1304,2025-09-19,Login,iOS,583
1840,1494,2026-02-09,View_Portfolio,iOS,573
1841,1122,2026-05-01,Login,Web,599
1842,1282,2026-04-20,View_Statement,Android,163
1843,1290,2025-11-12,View_Statement,iOS,276
1844,1370,2025-09-02,Deposit,iOS,542
1845,1314,2026-05-02,Withdrawal,Android,206
1846,1213,2026-05-01,View_Statement,iOS,168
1847,1391,2026-03-27,Login,iOS,566
1848,1281,2025-11-18,Login,iOS,118
1849,1441,2025-12-24,Login,Android,201
1850,1140,2025-10-04,Deposit,Android,571
1851,1159,2026-05-04,Login,Android,247
1852,1495,2025-08-29,View_Statement,Android,392
1853,1027,2025-08-14,Deposit,Android,419
1854,1342,2025-10-31,View_Statement,Android,57
1855,1162,2025-12-10,Login,Android,445
1856,1118,2025-10-01,Withdrawal,Android,349
1857,1337,2026-03-26,Deposit,Web,87
1858,1075,2025-11-18,Login,Android,142
1859,1093,2025-12-30,View_Portfolio,Android,405
1860,1034,2026-04-29,Deposit,Android,534
1861,1115,2026-04-06,Login,iOS,249
1862,1421,2026-03-19,View_Statement,Android,356
1863,1442,2026-04-21,Deposit,Web,484
1864,1113,2026-04-21,Login,iOS,537
1865,1368,2026-04-10,Login,Android,444
1866,1060,2025-10-26,Deposit,iOS,406
1867,1282,2026-03-25,Deposit,Android,597
1868,1237,2025-10-23,Deposit,Android,307
1869,1126,2026-04-24,Withdrawal,Android,208
1870,1429,2026-04-23,Login,iOS,247
1871,1045,2025-09-11,Login,Android,190
1872,1288,2025-12-07,Withdrawal,iOS,10
1873,1229,2026-02-09,Withdrawal,Android,361
1874,1197,2026-05-03,Login,Android,530
1875,1212,2026-01-29,Login,Android,276
1876,1499,2025-11-23,View_Statement,iOS,416
1877,1071,2026-05-01,View_Portfolio,Android,128
1878,1235,2026-01-13,Withdrawal,Android,270
1879,1279,2026-02-14,Login,iOS,551
1880,1449,2025-06-23,Deposit,iOS,333
1881,1167,2026-01-05,Login,iOS,182
1882,1195,2026-03-19,Withdrawal,Web,367
1883,1173,2026-04-02,Withdrawal,Android,498
1884,1195,2026-04-11,Deposit,Android,64
1885,1063,2025-09-03,Login,Web,201
1886,1070,2026-04-07,Withdrawal,iOS,542
1887,1223,2026-02-05,View_Portfolio,Android,116
1888,1310,2025-09-10,Deposit,Android,451
1889,1283,2026-03-13,Withdrawal,Web,89
1890,1349,2026-04-16,Login,iOS,238
1891,1079,2026-04-10,Withdrawal,iOS,212
1892,1036,2025-08-10,Deposit,iOS,445
1893,1389,2026-03-07,Login,iOS,423
1894,1195,2026-01-15,Withdrawal,Android,215
1895,1435,2026-03-27,Deposit,iOS,518
1896,1217,2026-04-18,Deposit,iOS,58
1897,1288,2026-01-02,Login,Web,170
1898,1149,2026-04-08,Login,Web,148
1899,1496,2025-12-02,View_Statement,iOS,330
1900,1273,2026-03-29,Deposit,Android,514
1901,1201,2026-02-11,Login,Web,291
1902,1154,2026-04-13,View_Portfolio,iOS,370
1903,1022,2026-02-17,Login,iOS,211
1904,1297,2025-12-25,Deposit,iOS,21
1905,1494,2026-03-19,Login,iOS,254
1906,1315,2025-08-19,View_Statement,Android,261
1907,1215,2025-12-11,Login,iOS,384
1908,1331,2025-08-14,Withdrawal,Android,493
1909,1122,2026-04-16,Deposit,Android,95
1910,1266,2026-04-17,Login,iOS,592
1911,1343,2026-04-12,Login,iOS,109
1912,1261,2026-03-08,Login,iOS,245
1913,1055,2026-01-09,View_Statement,Android,165
1914,1282,2026-04-28,View_Portfolio,Android,199
1915,1260,2025-12-18,View_Portfolio,iOS,220
1916,1363,2026-05-04,Login,iOS,511
1917,1283,2026-03-05,Login,Android,387
1918,1230,2026-03-24,Deposit,iOS,546
1919,1482,2026-01-27,Deposit,Android,480
1920,1126,2026-01-25,Withdrawal,Android,50
1921,1442,2025-10-02,View_Portfolio,Android,490
1922,1259,2026-02-02,View_Portfolio,iOS,249
1923,1050,2026-01-18,Login,Web,455
1924,1224,2026-01-09,View_Portfolio,iOS,128
1925,1381,2025-06-15,Deposit,iOS,370
1926,1282,2026-04-01,Deposit,iOS,77
1927,1146,2026-05-01,Deposit,Web,430
1928,1391,2026-03-15,View_Portfolio,iOS,135
1929,1373,2025-08-15,Deposit,Web,333
1930,1045,2025-11-12,Login,iOS,41
1931,1397,2026-04-16,Deposit,iOS,484
1932,1262,2026-04-24,View_Statement,Android,355
1933,1419,2026-04-24,View_Portfolio,Android,200
1934,1479,2026-04-17,Login,Android,133
1935,1234,2026-04-28,Withdrawal,iOS,465
1936,1053,2025-09-25,Login,Web,295
1937,1485,2026-03-04,Login,iOS,214
1938,1235,2025-08-08,Deposit,iOS,489
1939,1196,2026-01-20,Deposit,iOS,254
1940,1426,2025-08-22,Login,iOS,190
1941,1004,2026-02-11,View_Portfolio,Android,294
1942,1060,2025-10-28,View_Portfolio,Android,480
1943,1173,2026-03-24,Deposit,Web,165
1944,1072,2026-01-28,Login,Android,389
1945,1486,2026-03-25,Login,iOS,599
1946,1075,2025-10-12,Login,Android,211
1947,1322,2025-09-06,Login,iOS,186
1948,1466,2025-09-18,View_Portfolio,Android,513
1949,1466,2026-01-02,Deposit,iOS,263
1950,1022,2026-04-22,Login,iOS,99
1951,1396,2025-12-12,Login,Android,429
1952,1209,2026-03-09,View_Statement,Android,292
1953,1051,2026-01-20,Deposit,iOS,450
1954,1145,2026-01-29,Deposit,Android,119
1955,1420,2026-04-11,Deposit,Web,423
1956,1349,2026-04-30,Login,iOS,512
1957,1305,2025-06-02,View_Statement,Android,436
1958,1272,2026-04-27,Login,iOS,576
1959,1489,2026-05-03,Withdrawal,Android,97
1960,1459,2026-05-02,Login,Android,114
1961,1044,2026-04-17,Deposit,iOS,531
1962,1107,2025-07-28,View_Portfolio,iOS,564
1963,1493,2025-11-13,View_Portfolio,Android,78
1964,1150,2026-03-18,Login,Android,402
1965,1094,2026-04-23,Deposit,iOS,294
1966,1264,2026-02-07,Login,iOS,523
1967,1110,2026-04-29,View_Statement,Android,347
1968,1018,2025-09-12,Withdrawal,iOS,23
1969,1238,2026-02-12,Login,iOS,583
1970,1336,2026-01-20,Login,iOS,64
1971,1239,2026-02-08,Login,iOS,550
1972,1374,2026-04-11,View_Portfolio,Android,270
1973,1212,2026-04-01,Deposit,Android,385
1974,1231,2025-08-13,Login,iOS,206
1975,1328,2026-03-21,View_Statement,iOS,560
1976,1350,2026-03-18,Login,iOS,160
1977,1294,2026-05-03,Login,Android,261
1978,1413,2025-11-09,Login,Web,507
1979,1461,2025-10-11,Login,Android,415
1980,1081,2026-02-11,Deposit,iOS,149
1981,1255,2025-11-09,Deposit,iOS,22
1982,1232,2025-12-17,Login,iOS,135
1983,1363,2026-02-07,Login,Web,161
1984,1209,2026-03-09,Login,iOS,229
1985,1457,2026-01-13,Login,Web,356
1986,1386,2026-01-08,Login,iOS,594
1987,1443,2026-02-17,Login,iOS,24
1988,1298,2025-09-15,Login,Web,324
1989,1374,2026-04-12,View_Portfolio,iOS,485
1990,1472,2026-01-29,Login,iOS,536
1991,1021,2025-11-06,Withdrawal,iOS,109
1992,1238,2026-01-20,Login,iOS,411
1993,1386,2025-09-20,Withdrawal,Android,94
1994,1261,2026-03-19,View_Portfolio,Web,224
1995,1273,2026-01-04,Deposit,Android,201
1996,1280,2026-02-22,Login,iOS,229
1997,1392,2025-11-26,Login,Android,348
1998,1414,2025-09-13,View_Portfolio,iOS,22
1999,1434,2026-03-05,Deposit,Android,502
2000,1150,2026-02-04,Login,iOS,566
2001,1315,2026-03-29,View_Statement,iOS,554
2002,1152,2026-04-01,Deposit,Android,120
2003,1282,2026-03-16,View_Portfolio,iOS,52
2004,1061,2026-04-26,Login,Android,454
2005,1136,2026-04-29,Login,Web,103
2006,1012,2025-12-29,Deposit,iOS,356
2007,1014,2025-10-05,Deposit,iOS,324
2008,1030,2025-08-23,Login,Android,137
2009,1439,2026-03-05,Deposit,Android,413
2010,1355,2025-11-26,Withdrawal,iOS,127
2011,1445,2026-01-23,Login,iOS,264
2012,1318,2025-11-03,Withdrawal,Android,414
2013,1287,2026-04-19,Login,iOS,55
2014,1220,2026-04-18,Deposit,Android,510
2015,1238,2026-02-04,Login,iOS,264
2016,1027,2025-10-07,Withdrawal,iOS,506
2017,1484,2026-02-25,Login,Android,131
2018,1257,2026-04-09,View_Portfolio,iOS,479
2019,1297,2025-11-13,Deposit,iOS,371
2020,1142,2025-11-14,Deposit,iOS,211
2021,1250,2026-05-03,View_Statement,iOS,10
2022,1074,2025-09-03,Login,iOS,349
2023,1434,2026-03-08,Deposit,iOS,419
2024,1298,2025-10-08,Login,iOS,88
2025,1199,2026-02-22,View_Statement,Web,136
2026,1296,2026-02-03,View_Portfolio,Android,103
2027,1014,2025-12-31,View_Portfolio,Web,136
2028,1100,2025-11-17,Login,iOS,139
2029,1091,2026-02-25,Login,Android,100
2030,1395,2026-04-08,Login,iOS,385
2031,1191,2025-11-05,Deposit,iOS,30
2032,1362,2025-10-30,Login,iOS,64
2033,1305,2025-09-03,Login,Android,46
2034,1421,2026-04-05,Deposit,iOS,95
2035,1106,2026-04-04,View_Portfolio,iOS,304
2036,1394,2026-04-12,Login,iOS,287
2037,1438,2026-04-09,View_Statement,iOS,570
2038,1007,2025-10-27,Login,iOS,419
2039,1081,2026-01-24,Login,iOS,110
2040,1253,2026-04-08,View_Portfolio,Android,431
2041,1500,2026-04-24,Deposit,Android,115
2042,1140,2025-07-09,View_Statement,iOS,594
2043,1485,2026-03-02,Deposit,iOS,330
2044,1357,2026-03-01,View_Statement,iOS,412
2045,1311,2026-04-28,Login,iOS,23
2046,1420,2026-03-22,Deposit,Android,497
2047,1007,2025-09-15,View_Statement,iOS,123
2048,1152,2026-03-27,Login,Web,239
2049,1290,2025-08-07,Login,iOS,75
2050,1126,2026-02-28,Login,Android,464
2051,1449,2025-11-06,View_Portfolio,Web,564
2052,1285,2026-02-27,Deposit,Web,256
2053,1282,2026-04-01,Deposit,iOS,229
2054,1074,2025-12-07,View_Portfolio,iOS,403
2055,1449,2026-01-19,View_Portfolio,Android,354
2056,1045,2025-11-26,Deposit,iOS,543
2057,1017,2026-04-12,View_Portfolio,Android,84
2058,1233,2025-09-20,Deposit,Android,585
2059,1164,2025-12-02,Withdrawal,Android,113
2060,1457,2026-01-13,Login,iOS,515
2061,1487,2026-04-11,Login,Android,566
2062,1063,2025-09-25,View_Portfolio,iOS,495
2063,1407,2026-04-30,Login,Android,283
2064,1093,2025-11-17,Login,iOS,520
2065,1322,2026-04-07,Withdrawal,Android,78
2066,1466,2026-01-30,Deposit,Android,20
2067,1092,2026-03-05,Login,Android,420
2068,1373,2025-09-21,View_Portfolio,Android,453
2069,1495,2026-02-10,Deposit,iOS,429
2070,1042,2026-01-26,View_Portfolio,iOS,421
2071,1241,2026-03-31,Deposit,iOS,331
2072,1327,2026-03-11,Deposit,iOS,528
2073,1255,2025-11-06,Login,Android,105
2074,1331,2025-08-06,Login,Android,412
2075,1071,2026-01-18,Login,Web,536
2076,1299,2026-02-05,Login,iOS,352
2077,1216,2025-11-30,View_Statement,Web,311
2078,1311,2026-03-16,View_Portfolio,iOS,121
2079,1056,2025-12-10,Deposit,Android,317
2080,1079,2026-02-07,Login,Web,545
2081,1415,2026-01-21,Login,Android,63
2082,1499,2025-08-17,Login,iOS,577
2083,1339,2026-02-11,View_Statement,Android,287
2084,1440,2026-03-12,Deposit,Android,243
2085,1121,2026-01-21,View_Portfolio,Web,207
2086,1202,2025-06-27,Deposit,iOS,440
2087,1432,2026-04-02,Deposit,Android,269
2088,1436,2025-12-31,Deposit,Web,171
2089,1328,2026-03-18,Login,iOS,188
2090,1257,2026-04-22,Deposit,iOS,240
2091,1130,2026-04-06,View_Portfolio,Web,415
2092,1349,2026-04-20,Deposit,iOS,578
2093,1042,2025-11-30,Deposit,Android,462
2094,1074,2026-04-23,Deposit,Android,68
2095,1234,2026-05-02,Login,iOS,306
2096,1009,2026-03-07,Deposit,Android,170
2097,1370,2025-08-31,Login,iOS,78
2098,1031,2026-04-13,View_Statement,Android,416
2099,1096,2025-10-25,Login,Android,183
2100,1258,2025-08-13,Deposit,iOS,366
2101,1280,2026-01-22,Login,iOS,297
2102,1229,2026-03-01,Login,Android,573
2103,1245,2026-01-26,Withdrawal,iOS,215
2104,1427,2026-04-01,View_Statement,iOS,42
2105,1198,2026-01-02,Withdrawal,iOS,462
2106,1456,2026-01-29,Login,Android,172
2107,1232,2026-01-19,Deposit,iOS,242
2108,1473,2026-04-01,Login,iOS,120
2109,1490,2026-03-20,Deposit,Android,495
2110,1299,2026-02-27,Login,iOS,79
2111,1051,2026-02-15,View_Portfolio,Android,512
2112,1217,2026-01-31,Login,Android,107
2113,1174,2026-04-02,Login,iOS,65
2114,1075,2026-02-17,View_Portfolio,iOS,331
2115,1099,2026-02-16,View_Statement,iOS,359
2116,1001,2026-04-07,Login,Web,584
2117,1124,2026-05-04,Login,Android,444
2118,1117,2026-04-10,Withdrawal,iOS,338
2119,1343,2026-03-22,Deposit,iOS,142
2120,1195,2026-01-15,View_Statement,Android,409
2121,1233,2025-11-30,Login,iOS,483
2122,1129,2025-09-09,Login,iOS,523
2123,1374,2026-03-16,Login,iOS,168
2124,1063,2025-10-05,Deposit,Android,351
2125,1236,2026-01-19,View_Portfolio,Web,426
2126,1332,2026-01-09,View_Portfolio,iOS,561
2127,1230,2026-03-20,View_Statement,iOS,136
2128,1190,2026-03-12,Login,iOS,399
2129,1189,2026-04-15,Withdrawal,iOS,439
2130,1168,2025-09-15,View_Portfolio,iOS,180
2131,1095,2026-03-20,View_Portfolio,iOS,506
2132,1157,2026-04-08,Deposit,iOS,533
2133,1291,2026-04-13,Deposit,iOS,355
2134,1348,2026-03-27,Deposit,iOS,124
2135,1341,2026-03-24,Deposit,Android,58
2136,1395,2026-04-16,Login,Android,390
2137,1474,2026-04-01,Withdrawal,Android,417
2138,1139,2026-04-16,Withdrawal,iOS,142
2139,1191,2025-09-13,Login,iOS,209
2140,1453,2026-02-21,Deposit,iOS,255
2141,1056,2026-01-28,Deposit,Android,492
2142,1007,2025-09-16,Withdrawal,iOS,576
2143,1051,2026-03-31,Withdrawal,iOS,202
2144,1479,2026-04-17,Deposit,iOS,528
2145,1039,2026-02-13,Withdrawal,Web,24
2146,1298,2025-11-19,Login,Web,599
2147,1072,2025-12-31,Login,Android,166
2148,1256,2026-01-06,Login,iOS,523
2149,1309,2026-02-10,Login,Android,336
2150,1091,2025-12-09,Withdrawal,Android,482
2151,1149,2026-03-28,View_Statement,Android,320
2152,1030,2025-09-23,Login,Web,435
2153,1462,2025-09-20,View_Statement,iOS,463
2154,1123,2025-11-23,Deposit,Web,461
2155,1385,2026-01-07,Login,Web,534
2156,1237,2025-10-17,Login,Android,174
2157,1280,2026-01-05,Withdrawal,Android,145
2158,1125,2026-04-25,Withdrawal,iOS,261
2159,1134,2026-04-27,Login,Android,561
2160,1006,2025-07-31,Login,Android,146
2161,1383,2026-03-22,View_Portfolio,iOS,453
2162,1373,2025-09-27,Login,iOS,226
2163,1197,2026-01-31,View_Portfolio,Android,96
2164,1190,2026-04-14,Login,Web,506
2165,1291,2026-04-26,Deposit,iOS,183
2166,1384,2025-12-02,Deposit,iOS,411
2167,1236,2026-02-11,Deposit,Android,594
2168,1079,2025-12-08,Login,iOS,126
2169,1035,2025-12-13,Login,Web,324
2170,1304,2025-09-15,Withdrawal,Android,326
2171,1370,2025-08-29,Login,Web,504
2172,1361,2026-03-05,Deposit,Android,505
2173,1072,2025-12-26,View_Portfolio,Android,445
2174,1043,2025-11-30,View_Portfolio,iOS,274
2175,1291,2026-04-30,Login,iOS,243
2176,1133,2026-02-22,Withdrawal,iOS,23
2177,1287,2026-04-23,Deposit,Web,341
2178,1106,2026-03-19,Login,Android,241
2179,1159,2026-05-02,Login,iOS,282
2180,1357,2026-02-01,Login,iOS,538
2181,1008,2026-04-19,Deposit,iOS,316
2182,1262,2025-08-30,View_Portfolio,Android,449
2183,1343,2025-12-30,View_Portfolio,iOS,251
2184,1437,2026-04-28,Withdrawal,iOS,45
2185,1080,2025-07-09,Deposit,Android,327
2186,1044,2026-02-28,View_Statement,iOS,27
2187,1177,2026-04-05,Deposit,iOS,510
2188,1392,2025-09-24,Deposit,iOS,576
2189,1064,2026-02-16,View_Portfolio,Web,371
2190,1388,2025-11-06,Login,iOS,388
2191,1288,2026-04-28,Login,Android,435
2192,1309,2026-04-28,View_Portfolio,Android,494
2193,1113,2026-04-28,View_Portfolio,Android,275
2194,1451,2026-04-21,Login,iOS,358
2195,1319,2025-06-23,View_Portfolio,iOS,252
2196,1370,2025-09-11,Deposit,iOS,489
2197,1208,2026-01-21,Withdrawal,iOS,516
2198,1444,2026-03-11,Login,iOS,360
2199,1226,2025-08-09,View_Statement,iOS,174
2200,1333,2025-07-11,View_Portfolio,iOS,170
2201,1417,2026-04-27,Deposit,iOS,231
2202,1278,2025-09-26,View_Portfolio,Android,112
2203,1383,2026-03-04,View_Portfolio,Web,19
2204,1287,2026-04-28,Deposit,iOS,457
2205,1280,2026-01-24,View_Statement,iOS,195
2206,1003,2026-04-08,View_Statement,iOS,172
2207,1033,2026-02-23,Login,iOS,570
2208,1478,2026-04-28,Login,iOS,514
2209,1410,2025-11-20,Login,iOS,165
2210,1482,2026-03-21,Deposit,Web,64
2211,1307,2026-04-04,Login,Android,499
2212,1214,2025-10-16,Login,Web,146
2213,1030,2025-09-05,View_Statement,iOS,420
2214,1419,2026-04-02,Withdrawal,Web,434
2215,1025,2026-04-09,View_Portfolio,Android,131
2216,1028,2026-02-14,View_Statement,Web,341
2217,1097,2026-04-30,Login,iOS,16
2218,1087,2026-01-13,Withdrawal,Android,588
2219,1026,2025-11-06,Login,Android,85
2220,1120,2025-10-22,Deposit,Android,195
2221,1201,2026-02-02,Login,Android,470
2222,1392,2026-02-11,Login,Android,351
2223,1357,2026-01-24,Login,Web,179
2224,1353,2025-11-19,Deposit,Android,239
2225,1015,2026-02-03,View_Statement,Web,318
2226,1305,2025-07-03,Login,iOS,37
2227,1254,2025-10-31,Deposit,Android,579
2228,1111,2026-03-06,Withdrawal,iOS,192
2229,1008,2026-04-27,Deposit,iOS,489
2230,1439,2025-12-17,View_Statement,Web,54
2231,1341,2026-01-02,Login,Web,515
2232,1128,2025-09-23,Login,Android,272
2233,1186,2026-04-02,Login,Android,144
2234,1387,2025-10-27,Deposit,iOS,362
2235,1393,2026-03-19,Login,iOS,59
2236,1500,2026-01-22,Login,Android,535
2237,1014,2025-11-14,View_Portfolio,iOS,364
2238,1230,2026-01-06,Login,iOS,231
2239,1091,2026-02-25,Deposit,iOS,300
2240,1404,2026-01-18,View_Statement,iOS,200
2241,1004,2026-03-07,Deposit,iOS,540
2242,1152,2026-04-02,Deposit,iOS,324
2243,1219,2025-12-31,Login,Web,329
2244,1076,2026-02-24,Deposit,Web,521
2245,1284,2026-03-21,Withdrawal,iOS,26
2246,1355,2026-01-01,View_Portfolio,Android,223
2247,1216,2025-09-23,Deposit,iOS,277
2248,1159,2026-04-24,View_Portfolio,Android,320
2249,1251,2026-04-05,Login,iOS,417
2250,1067,2026-01-20,Login,Android,240
2251,1222,2026-02-19,Withdrawal,Android,141
2252,1192,2026-04-07,Login,iOS,96
2253,1219,2026-02-15,View_Portfolio,Android,518
2254,1373,2025-11-21,Deposit,Android,525
2255,1017,2026-01-19,Deposit,Android,36
2256,1390,2025-11-20,View_Portfolio,iOS,532
2257,1495,2026-01-24,Withdrawal,Android,199
2258,1107,2025-12-12,Withdrawal,iOS,329
2259,1466,2026-01-09,Withdrawal,Web,132
2260,1444,2026-02-09,Deposit,Web,457
2261,1227,2026-03-10,View_Statement,iOS,557
2262,1475,2026-04-08,View_Portfolio,Android,485
2263,1081,2026-03-14,Login,iOS,71
2264,1267,2026-04-22,View_Portfolio,Web,440
2265,1166,2026-04-19,View_Portfolio,iOS,235
2266,1357,2026-01-29,Deposit,iOS,331
2267,1234,2026-04-26,Deposit,iOS,306
2268,1162,2025-08-27,Withdrawal,Android,227
2269,1175,2026-03-13,Login,iOS,438
2270,1160,2025-10-08,Login,Android,88
2271,1363,2026-01-18,View_Portfolio,Android,545
2272,1376,2025-08-31,Deposit,iOS,412
2273,1185,2026-04-30,Login,Android,505
2274,1174,2026-01-21,Deposit,iOS,77
2275,1238,2026-01-26,Login,Web,493
2276,1163,2026-04-14,View_Portfolio,iOS,305
2277,1476,2026-04-20,Deposit,Web,103
2278,1406,2026-02-14,Deposit,Android,201
2279,1400,2026-01-01,Login,Android,370
2280,1238,2026-02-15,View_Portfolio,iOS,199
2281,1106,2026-02-22,View_Statement,iOS,448
2282,1118,2025-11-04,View_Portfolio,iOS,435
2283,1232,2026-02-25,Deposit,iOS,452
2284,1076,2026-02-06,View_Portfolio,iOS,57
2285,1005,2025-12-27,Login,iOS,311
2286,1218,2026-02-24,Login,iOS,574
2287,1282,2026-04-26,Deposit,iOS,129
2288,1333,2025-07-22,Login,Web,329
2289,1408,2025-11-09,Login,Android,422
2290,1236,2026-03-04,Deposit,Android,132
2291,1323,2025-06-15,Deposit,iOS,63
2292,1032,2025-11-04,View_Portfolio,iOS,227
2293,1407,2026-05-03,Login,Android,348
2294,1177,2026-03-25,View_Statement,Android,145
2295,1500,2026-01-24,Login,Android,495
2296,1485,2026-05-01,Deposit,Android,29
2297,1119,2025-10-16,Login,iOS,519
2298,1190,2026-03-30,Deposit,Web,458
2299,1102,2026-01-01,View_Statement,Android,323
2300,1365,2025-12-15,Withdrawal,iOS,74
2301,1486,2026-03-08,Login,iOS,428
2302,1461,2025-10-01,Deposit,iOS,549
2303,1079,2026-03-14,Deposit,iOS,25
2304,1322,2026-03-04,Login,Android,468
2305,1139,2026-04-24,View_Portfolio,iOS,329
2306,1336,2026-01-20,Login,iOS,430
2307,1402,2025-12-18,Deposit,Android,133
2308,1226,2025-06-23,Login,iOS,554
2309,1266,2026-03-20,Login,iOS,529
2310,1333,2025-07-07,View_Statement,Android,368
2311,1224,2025-08-13,Login,iOS,560
2312,1060,2025-09-03,Login,iOS,128
2313,1264,2026-03-21,Withdrawal,Web,446
2314,1455,2026-04-13,Login,Android,555
2315,1048,2026-01-08,Deposit,iOS,562
2316,1081,2025-12-21,Deposit,Android,498
2317,1297,2026-02-05,View_Statement,iOS,116
2318,1475,2026-03-10,View_Portfolio,iOS,45
2319,1379,2025-09-30,View_Statement,Android,512
2320,1008,2026-04-30,Withdrawal,iOS,270
2321,1349,2026-04-26,Login,Web,37
2322,1249,2025-12-17,Login,iOS,206
2323,1244,2025-11-29,View_Portfolio,Android,333
2324,1165,2025-10-08,Deposit,iOS,140
2325,1347,2026-04-13,Login,Android,578
2326,1421,2025-11-24,View_Statement,iOS,189
2327,1320,2026-03-27,Login,iOS,332
2328,1187,2025-08-28,Deposit,Android,465
2329,1249,2026-01-18,View_Portfolio,Web,544
2330,1127,2026-01-15,Withdrawal,Web,591
2331,1088,2026-03-15,Login,iOS,292
2332,1045,2025-09-07,Deposit,Android,351
2333,1400,2026-04-20,Login,Android,427
2334,1282,2026-04-20,Deposit,iOS,202
2335,1246,2026-05-03,Deposit,iOS,301
2336,1415,2026-03-16,View_Portfolio,iOS,530
2337,1411,2025-12-25,Login,iOS,373
2338,1218,2026-02-20,View_Portfolio,Android,546
2339,1427,2026-03-10,Withdrawal,iOS,87
2340,1015,2025-11-07,Withdrawal,iOS,411
2341,1256,2026-01-16,Login,iOS,475
2342,1314,2026-01-23,Login,Android,250
2343,1177,2026-04-30,Withdrawal,iOS,292
2344,1335,2025-09-18,View_Statement,iOS,530
2345,1215,2026-01-03,Deposit,Android,124
2346,1025,2026-04-12,View_Statement,Android,56
2347,1492,2026-04-23,Deposit,iOS,83
2348,1324,2026-04-11,View_Portfolio,Web,171
2349,1292,2026-05-03,Login,Android,367
2350,1117,2026-03-20,View_Portfolio,Android,462
2351,1080,2025-08-28,View_Portfolio,Android,39
2352,1175,2026-04-30,View_Portfolio,iOS,10
2353,1232,2026-02-18,View_Portfolio,iOS,547
2354,1315,2026-02-04,Login,Web,208
2355,1469,2026-03-20,Deposit,iOS,272
2356,1436,2025-08-29,Login,Android,374
2357,1040,2026-04-25,Login,iOS,14
2358,1171,2026-04-07,Login,iOS,457
2359,1117,2026-05-04,Login,iOS,32
2360,1184,2026-04-18,Withdrawal,Android,440
2361,1081,2026-02-25,Withdrawal,Android,217
2362,1387,2026-02-18,Login,iOS,178
2363,1071,2026-03-12,Withdrawal,Android,468
2364,1140,2025-06-18,Login,iOS,342
2365,1193,2026-05-03,Login,Android,203
2366,1171,2026-02-15,Withdrawal,Android,395
2367,1101,2025-08-02,Login,iOS,328
2368,1070,2026-04-18,Deposit,Android,384
2369,1174,2026-01-16,Login,iOS,290
2370,1444,2025-11-20,Deposit,Web,247
2371,1189,2026-01-09,Login,iOS,518
2372,1433,2026-04-15,Login,iOS,550
2373,1215,2026-02-09,Login,Android,558
2374,1025,2026-04-12,View_Portfolio,Android,246
2375,1089,2026-02-15,Login,Web,376
2376,1131,2025-10-06,Login,iOS,352
2377,1196,2026-05-01,Login,Android,556
2378,1319,2025-08-03,Deposit,iOS,12
2379,1286,2026-03-03,Login,iOS,184
2380,1225,2025-05-29,Login,Android,199
2381,1349,2026-04-28,View_Statement,Web,322
2382,1388,2025-09-23,Login,Android,594
2383,1334,2025-10-10,Deposit,Android,569
2384,1341,2026-03-16,View_Statement,Android,29
2385,1327,2026-04-15,Login,Android,218
2386,1149,2026-03-17,Withdrawal,Android,118
2387,1071,2025-08-06,Login,Web,426
2388,1129,2025-09-07,View_Statement,iOS,136
2389,1444,2025-12-23,View_Statement,iOS,79
2390,1290,2025-07-29,Login,Android,288
2391,1087,2025-11-20,Login,Android,55
2392,1387,2025-11-20,Deposit,Android,35
2393,1018,2025-11-02,View_Statement,iOS,204
2394,1043,2025-12-04,Login,iOS,204
2395,1076,2026-01-31,View_Statement,Web,133
2396,1334,2025-09-06,View_Portfolio,iOS,589
2397,1041,2025-12-07,Login,iOS,127
2398,1476,2026-04-15,View_Portfolio,iOS,329
2399,1362,2026-04-05,Login,Web,208
2400,1365,2025-07-17,Deposit,iOS,406
2401,1280,2026-04-09,Login,Android,187
2402,1280,2026-04-25,Deposit,Android,52
2403,1259,2026-02-05,Deposit,Android,144
2404,1443,2026-05-04,Deposit,iOS,480
2405,1442,2025-10-25,Withdrawal,iOS,457
2406,1329,2026-03-10,Withdrawal,Android,16
2407,1024,2026-03-31,View_Statement,Android,531
2408,1450,2025-07-18,View_Portfolio,iOS,87
2409,1375,2026-04-24,Withdrawal,iOS,199
2410,1296,2025-11-30,Login,iOS,42
2411,1476,2026-02-23,Login,iOS,327
2412,1327,2025-11-06,Login,Android,126
2413,1393,2026-01-23,Deposit,iOS,87
2414,1109,2026-03-29,Withdrawal,Android,460
2415,1359,2026-02-24,Withdrawal,iOS,551
2416,1444,2026-01-26,View_Statement,Android,133
2417,1423,2025-08-03,Login,iOS,557
2418,1289,2026-02-28,Deposit,iOS,383
2419,1418,2026-03-31,View_Portfolio,Android,153
2420,1318,2025-12-16,Deposit,iOS,28
2421,1341,2026-03-16,Deposit,Android,172
2422,1317,2026-05-04,View_Statement,Android,303
2423,1349,2026-05-01,Deposit,iOS,195
2424,1027,2025-08-22,View_Portfolio,iOS,193
2425,1126,2026-02-24,View_Statement,iOS,72
2426,1401,2025-09-18,Deposit,Android,185
2427,1316,2026-01-20,Login,iOS,331
2428,1170,2026-03-21,View_Portfolio,Android,200
2429,1047,2026-04-07,View_Portfolio,Android,60
2430,1368,2026-05-02,Login,iOS,126
2431,1343,2026-02-27,Deposit,Android,317
2432,1181,2026-03-30,Deposit,Web,344
2433,1365,2025-06-29,View_Portfolio,iOS,383
2434,1405,2025-07-07,Login,iOS,330
2435,1392,2025-12-25,Deposit,Android,437
2436,1073,2025-07-24,Deposit,Web,129
2437,1122,2026-05-01,Deposit,Web,585
2438,1353,2026-02-26,View_Statement,iOS,90
2439,1186,2026-03-04,View_Statement,Android,305
2440,1324,2025-09-19,Login,Android,580
2441,1319,2025-10-26,Login,Android,124
2442,1443,2025-10-11,Login,Android,351
2443,1082,2026-01-30,Deposit,iOS,257
2444,1480,2026-02-20,Withdrawal,Android,374
2445,1030,2025-09-08,Deposit,Android,286
2446,1281,2025-10-16,Login,Android,100
2447,1121,2026-04-23,Login,iOS,258
2448,1353,2026-04-05,Login,iOS,56
2449,1355,2026-02-17,Deposit,Android,215
2450,1106,2026-03-13,Withdrawal,iOS,333
2451,1312,2026-03-23,Login,iOS,598
2452,1418,2026-05-04,Login,Android,270
2453,1434,2025-11-13,View_Portfolio,Android,113
2454,1130,2026-03-07,View_Portfolio,Android,494
2455,1205,2025-12-08,Login,Web,209
2456,1053,2026-01-07,Deposit,iOS,304
2457,1382,2026-04-14,Login,iOS,348
2458,1297,2026-03-28,Login,iOS,275
2459,1279,2026-05-01,View_Portfolio,iOS,499
2460,1189,2026-01-19,Login,Android,176
2461,1215,2025-12-15,Deposit,Android,518
2462,1031,2026-04-24,View_Statement,iOS,476
2463,1450,2025-07-24,Withdrawal,iOS,168
2464,1258,2026-04-29,Deposit,Android,87
2465,1453,2025-06-28,Login,iOS,482
2466,1060,2025-09-10,Login,Android,529
2467,1078,2025-10-02,View_Portfolio,iOS,142
2468,1023,2026-05-01,Login,Android,271
2469,1185,2026-04-28,Login,iOS,497
2470,1035,2025-12-04,Login,iOS,110
2471,1494,2026-02-09,Login,iOS,476
2472,1001,2026-04-12,Deposit,iOS,499
2473,1105,2025-07-30,View_Portfolio,Android,436
2474,1176,2026-04-10,View_Statement,iOS,264
2475,1049,2025-10-01,Withdrawal,Web,366
2476,1168,2025-07-30,Login,Android,197
2477,1318,2025-11-24,Login,iOS,308
2478,1271,2026-03-10,Login,iOS,447
2479,1158,2026-04-29,Login,iOS,474
2480,1021,2026-01-30,Deposit,iOS,512
2481,1392,2025-06-19,View_Statement,Android,596
2482,1391,2026-04-25,Withdrawal,iOS,82
2483,1105,2025-11-01,View_Portfolio,Android,124
2484,1290,2025-12-29,Deposit,Android,112
2485,1121,2026-04-09,Deposit,Android,544
2486,1192,2026-04-05,View_Statement,Android,268
2487,1426,2025-10-24,Withdrawal,Android,591
2488,1229,2025-10-27,Deposit,Android,157
2489,1496,2025-08-06,Login,Web,216
2490,1181,2026-04-02,Login,Android,39
2491,1352,2026-04-18,View_Portfolio,iOS,425
2492,1225,2025-05-28,Login,iOS,591
2493,1454,2025-08-06,Deposit,iOS,424
2494,1234,2026-05-03,Deposit,iOS,38
2495,1266,2026-02-01,Withdrawal,iOS,287
2496,1346,2025-10-23,Login,iOS,472
2497,1314,2025-12-13,Login,Android,94
2498,1499,2025-10-18,Withdrawal,iOS,74
2499,1365,2026-04-25,Deposit,iOS,167
2500,1218,2026-05-03,Login,iOS,267
2501,1211,2026-04-13,View_Statement,Android,545
2502,1099,2026-02-24,View_Portfolio,Android,442
2503,1109,2026-02-05,Deposit,Web,462
2504,1388,2026-02-07,Withdrawal,Android,270
2505,1345,2026-04-07,Login,iOS,535
2506,1253,2026-04-25,View_Statement,iOS,213
2507,1392,2025-09-24,View_Statement,iOS,587
2508,1012,2025-10-23,Deposit,iOS,186
2509,1118,2025-11-30,Withdrawal,Android,566
2510,1088,2026-03-15,Withdrawal,iOS,559
2511,1344,2026-05-02,Withdrawal,iOS,460
2512,1209,2026-03-01,Deposit,Android,323
2513,1409,2025-10-19,Deposit,iOS,365
2514,1481,2026-04-14,Login,Web,75
2515,1411,2026-02-03,Deposit,Web,250
2516,1130,2026-02-24,Deposit,Android,516
2517,1329,2025-07-07,Login,iOS,13
2518,1183,2026-04-05,View_Portfolio,iOS,448
2519,1442,2025-11-11,Deposit,iOS,386
2520,1417,2026-01-31,Deposit,iOS,53
2521,1083,2026-01-08,Login,iOS,71
2522,1254,2026-01-06,Deposit,iOS,359
2523,1433,2026-05-03,View_Portfolio,Android,14
2524,1005,2026-03-17,Deposit,iOS,53
2525,1303,2026-04-21,Deposit,Android,404
2526,1468,2026-02-26,Withdrawal,Android,510
2527,1024,2026-03-10,Login,Web,82
2528,1121,2025-11-28,Login,Android,184
2529,1095,2026-03-14,Login,iOS,23
2530,1428,2026-04-24,Deposit,Android,28
2531,1452,2026-03-29,Withdrawal,Android,534
2532,1224,2026-01-16,Deposit,Web,542
2533,1239,2026-02-27,Login,Android,244
2534,1227,2026-02-17,Login,iOS,587
2535,1142,2025-11-19,Login,iOS,160
2536,1420,2026-03-28,Login,Android,201
2537,1051,2026-02-15,Deposit,Web,336
2538,1390,2025-08-10,Login,Web,380
2539,1145,2026-03-02,Withdrawal,iOS,14
2540,1338,2026-03-30,View_Statement,Android,468
2541,1328,2026-03-20,Login,Android,498
2542,1307,2025-11-12,View_Portfolio,iOS,42
2543,1052,2026-04-14,Withdrawal,iOS,102
2544,1012,2026-01-19,View_Portfolio,Android,16
2545,1337,2026-04-20,Login,Android,438
2546,1095,2026-02-27,View_Statement,iOS,258
2547,1371,2025-08-07,View_Statement,Android,82
2548,1129,2025-08-22,View_Statement,iOS,143
2549,1011,2025-07-29,View_Portfolio,Android,64
2550,1490,2026-04-03,Login,iOS,394
2551,1272,2026-05-03,Login,iOS,276
2552,1357,2026-02-14,View_Statement,iOS,372
2553,1369,2025-12-10,Login,Android,410
2554,1092,2026-02-28,Login,Android,261
2555,1009,2026-01-16,Login,iOS,210
2556,1375,2026-04-03,Deposit,iOS,574
2557,1123,2026-02-09,Deposit,iOS,100
2558,1264,2025-12-16,View_Statement,Android,498
2559,1281,2026-01-11,View_Portfolio,iOS,367
2560,1458,2026-04-22,Deposit,iOS,273
2561,1424,2025-07-16,Deposit,Android,466
2562,1451,2025-12-01,Deposit,iOS,12
2563,1119,2025-10-08,Login,Android,36
2564,1407,2026-05-02,View_Portfolio,iOS,59
2565,1190,2026-04-26,Deposit,Android,319
2566,1279,2026-01-19,Deposit,Web,577
2567,1300,2026-05-01,Login,iOS,157
2568,1056,2025-12-05,Withdrawal,Android,106
2569,1196,2026-03-01,Login,iOS,571
2570,1379,2025-08-30,Login,Web,115
2571,1498,2026-01-15,View_Portfolio,iOS,349
2572,1023,2026-04-21,Login,Android,292
2573,1265,2026-01-18,Deposit,iOS,27
2574,1245,2026-01-24,View_Portfolio,iOS,421
2575,1260,2026-01-25,View_Portfolio,Android,362
2576,1418,2026-01-29,View_Portfolio,Android,451
2577,1231,2026-03-30,View_Portfolio,Android,41
2578,1210,2026-01-03,Login,iOS,528
2579,1162,2026-04-25,View_Statement,Android,408
2580,1377,2026-04-02,Login,iOS,428
2581,1354,2026-04-12,Login,Android,189
2582,1170,2026-02-04,Login,Android,49
2583,1387,2026-01-19,View_Statement,iOS,232
2584,1339,2025-12-26,Deposit,Android,571
2585,1290,2025-11-30,Login,Web,99
2586,1474,2026-04-24,Login,iOS,247
2587,1227,2026-01-02,Login,iOS,207
2588,1361,2026-04-16,Deposit,iOS,252
2589,1363,2025-12-10,Login,Android,420
2590,1479,2026-04-14,Deposit,iOS,197
2591,1043,2025-12-13,View_Portfolio,Android,269
2592,1475,2026-03-19,Deposit,Web,526
2593,1195,2025-06-15,View_Portfolio,iOS,397
2594,1421,2026-02-11,Login,Web,486
2595,1012,2026-01-13,Login,Web,146
2596,1495,2025-05-31,Withdrawal,Android,572
2597,1471,2026-03-11,View_Portfolio,iOS,495
2598,1465,2026-04-09,Deposit,iOS,62
2599,1272,2026-05-02,View_Portfolio,iOS,209
2600,1062,2026-03-20,Deposit,Android,425
2601,1017,2026-02-10,Login,Android,553
2602,1271,2026-04-28,Deposit,Android,142
2603,1026,2026-03-25,Login,Web,489
2604,1045,2026-02-06,Deposit,Android,162
2605,1386,2025-07-25,Login,Web,375
2606,1145,2025-09-23,Login,iOS,87
2607,1065,2026-04-02,View_Portfolio,iOS,82
2608,1350,2026-04-06,Login,iOS,549
2609,1480,2026-04-20,Login,iOS,507
2610,1286,2026-01-29,View_Statement,Android,45
2611,1490,2026-03-26,Deposit,iOS,240
2612,1068,2025-12-31,Deposit,iOS,499
2613,1362,2026-02-21,View_Portfolio,Web,588
2614,1300,2026-04-22,Deposit,Web,542
2615,1096,2026-04-21,Login,iOS,304
2616,1060,2026-01-01,Deposit,iOS,51
2617,1483,2026-04-21,View_Portfolio,iOS,538
2618,1257,2026-02-21,View_Portfolio,iOS,508
2619,1019,2026-03-16,Login,Android,575
2620,1033,2026-02-16,Login,Android,114
2621,1467,2026-01-16,Login,iOS,162
2622,1420,2026-02-02,Deposit,Android,414
2623,1091,2025-12-22,Login,iOS,28
2624,1461,2025-10-15,View_Portfolio,Web,422
2625,1475,2026-04-06,View_Statement,iOS,64
2626,1238,2026-01-06,Withdrawal,Web,188
2627,1462,2025-07-19,View_Statement,iOS,209
2628,1024,2026-02-01,Login,iOS,172
2629,1227,2025-12-22,View_Portfolio,iOS,334
2630,1339,2026-01-24,Withdrawal,Web,133
2631,1381,2025-06-24,Login,Android,517
2632,1409,2025-11-15,Login,Android,419
2633,1395,2026-04-15,Deposit,iOS,262
2634,1265,2026-02-19,View_Portfolio,iOS,288
2635,1006,2025-08-28,View_Portfolio,iOS,586
2636,1058,2025-10-01,Deposit,Android,229
2637,1100,2025-12-24,Withdrawal,Web,255
2638,1122,2026-04-20,Login,iOS,78
2639,1357,2026-02-20,Withdrawal,iOS,504
2640,1157,2026-03-27,Deposit,Android,389
2641,1201,2026-04-22,Login,iOS,10
2642,1225,2025-07-14,View_Statement,Android,152
2643,1471,2026-03-12,Deposit,iOS,103
2644,1463,2025-11-23,View_Portfolio,Android,76
2645,1267,2025-10-16,Deposit,Android,463
2646,1151,2026-03-23,View_Statement,Android,14
2647,1410,2025-10-26,Login,iOS,290
2648,1257,2026-02-09,Deposit,iOS,340
2649,1478,2026-03-23,Login,iOS,71
2650,1081,2025-12-11,Login,Android,151
2651,1431,2026-03-06,Login,iOS,378
2652,1366,2026-04-25,Deposit,Web,386
2653,1425,2025-07-08,View_Portfolio,Web,445
2654,1407,2026-05-01,Deposit,iOS,548
2655,1100,2025-11-29,Deposit,Android,61
2656,1105,2026-01-27,View_Statement,Android,242
2657,1252,2026-03-06,View_Portfolio,iOS,10
2658,1133,2026-03-01,Login,iOS,398
2659,1099,2026-01-07,Login,iOS,201
2660,1178,2026-05-04,Login,Android,110
2661,1265,2026-04-10,Login,iOS,235
2662,1132,2026-04-06,Login,Android,389
2663,1199,2026-02-19,Withdrawal,Web,513
2664,1193,2026-04-10,Login,Android,438
2665,1208,2026-02-28,Login,Web,380
2666,1057,2026-04-16,Login,Android,27
2667,1380,2026-04-25,Deposit,iOS,536
2668,1409,2025-12-09,View_Portfolio,Web,519
2669,1442,2026-01-11,View_Statement,iOS,42
2670,1262,2026-02-07,Deposit,Web,253
2671,1230,2026-01-01,Deposit,iOS,276
2672,1142,2025-09-20,Withdrawal,Web,550
2673,1063,2025-07-12,Withdrawal,iOS,529
2674,1118,2025-10-11,Deposit,iOS,551
2675,1485,2026-04-25,Withdrawal,iOS,595
2676,1459,2026-04-28,Deposit,iOS,584
2677,1321,2026-02-19,View_Statement,Android,138
2678,1308,2026-04-22,Login,iOS,530
2679,1490,2026-04-12,Deposit,Android,320
2680,1321,2026-04-04,Login,Android,500
2681,1245,2026-02-13,View_Portfolio,Android,386
2682,1381,2025-07-16,Login,Android,12
2683,1356,2026-04-08,Deposit,iOS,523
2684,1136,2026-04-27,Withdrawal,iOS,453
2685,1096,2026-04-07,Deposit,iOS,465
2686,1225,2026-01-11,Deposit,iOS,68
2687,1008,2026-04-24,Deposit,iOS,524
2688,1014,2026-02-24,View_Portfolio,Web,527
2689,1024,2026-03-20,Deposit,iOS,536
2690,1192,2025-09-07,View_Portfolio,iOS,92
2691,1241,2026-01-16,Withdrawal,Android,251
2692,1489,2026-05-02,Login,Web,215
2693,1349,2026-04-09,Deposit,Web,34
2694,1025,2026-05-03,Login,Android,170
2695,1390,2025-08-16,Login,Android,202
2696,1129,2025-09-08,Deposit,iOS,126
2697,1087,2025-08-06,View_Portfolio,Android,475
2698,1233,2025-09-23,Login,iOS,573
2699,1289,2026-02-26,Deposit,iOS,482
2700,1398,2026-04-26,Login,Web,536
2701,1447,2025-11-24,View_Statement,iOS,572
2702,1056,2026-04-30,Deposit,Android,136
2703,1190,2026-04-21,Withdrawal,Android,327
2704,1028,2026-04-14,Deposit,iOS,581
2705,1029,2026-03-15,Login,iOS,210
2706,1491,2026-04-15,View_Statement,Web,98
2707,1488,2026-04-03,Deposit,Android,555
2708,1279,2026-02-07,Deposit,iOS,376
2709,1172,2025-05-14,Deposit,iOS,532
2710,1038,2026-02-22,View_Portfolio,Android,216
2711,1433,2026-05-03,Login,Android,508
2712,1299,2026-03-06,Login,Android,294
2713,1266,2026-02-04,View_Portfolio,Android,532
2714,1027,2025-12-12,Login,Android,394
2715,1136,2026-05-02,Deposit,Web,474
2716,1236,2026-01-09,Deposit,Android,422
2717,1245,2026-01-26,Login,iOS,200
2718,1452,2025-09-19,Deposit,Web,580
2719,1469,2026-03-09,View_Portfolio,iOS,501
2720,1085,2025-12-01,Deposit,Web,301
2721,1414,2025-08-07,Login,Android,69
2722,1013,2026-01-04,Login,iOS,280
2723,1058,2025-09-23,View_Statement,Android,43
2724,1259,2025-11-18,Login,Android,25
2725,1468,2026-04-29,Login,Web,298
2726,1100,2025-11-06,View_Statement,iOS,135
2727,1104,2025-12-02,View_Portfolio,iOS,489
2728,1261,2026-03-20,Withdrawal,iOS,41
2729,1278,2025-12-30,Login,iOS,409
2730,1442,2026-02-18,Login,Android,88
2731,1066,2026-03-02,Login,iOS,549
2732,1089,2026-02-26,Deposit,Android,151
2733,1296,2026-03-20,Login,iOS,225
2734,1088,2026-04-21,Login,Android,386
2735,1378,2026-05-01,Login,iOS,168
2736,1005,2026-01-19,View_Portfolio,iOS,31
2737,1144,2026-03-15,View_Portfolio,iOS,34
2738,1117,2026-05-03,Deposit,Android,567
2739,1271,2026-03-31,Login,Android,51
2740,1499,2025-09-12,View_Portfolio,Android,554
2741,1205,2026-04-08,Deposit,iOS,516
2742,1075,2025-10-02,Deposit,Android,355
2743,1080,2025-10-16,View_Statement,iOS,591
2744,1018,2025-08-25,Login,iOS,476
2745,1217,2025-09-01,Deposit,iOS,507
2746,1431,2025-12-15,View_Portfolio,iOS,321
2747,1102,2026-03-07,Login,iOS,162
2748,1488,2025-08-16,Login,Android,323
2749,1132,2026-04-01,View_Statement,Web,211
2750,1309,2025-11-15,Login,iOS,569
2751,1058,2025-11-06,Deposit,iOS,116
2752,1112,2025-11-14,Withdrawal,iOS,211
2753,1085,2026-03-11,Login,iOS,473
2754,1331,2026-03-06,Deposit,Web,378
2755,1314,2025-11-21,Login,Web,235
2756,1116,2026-02-19,Login,iOS,113
2757,1315,2026-03-30,View_Portfolio,iOS,447
2758,1162,2025-12-08,View_Portfolio,Android,586
2759,1286,2026-02-06,Login,iOS,513
2760,1438,2026-03-29,Login,Android,455
2761,1324,2026-05-03,Deposit,Android,463
2762,1206,2025-10-08,Login,Web,156
2763,1331,2025-07-03,Withdrawal,Android,527
2764,1068,2026-01-06,Login,iOS,380
2765,1410,2025-11-08,View_Portfolio,iOS,461
2766,1387,2026-01-14,Login,Web,180
2767,1248,2026-03-03,View_Portfolio,iOS,576
2768,1057,2026-02-17,Deposit,iOS,390
2769,1165,2025-07-30,View_Portfolio,iOS,255
2770,1166,2026-03-02,View_Portfolio,iOS,456
2771,1297,2025-10-20,Login,iOS,242
2772,1004,2026-03-15,Deposit,iOS,392
2773,1410,2025-08-23,Deposit,Web,149
2774,1295,2026-04-09,Deposit,iOS,567
2775,1365,2026-02-27,Deposit,Android,370
2776,1106,2026-03-26,Login,Web,87
2777,1108,2026-04-30,Login,Web,463
2778,1170,2025-11-10,Deposit,Android,568
2779,1267,2026-03-05,Login,iOS,453
2780,1267,2025-12-30,View_Statement,iOS,578
2781,1054,2026-03-05,Deposit,Android,72
2782,1486,2026-01-12,Deposit,Web,295
2783,1166,2025-10-03,Login,iOS,483
2784,1254,2026-03-15,Deposit,Android,93
2785,1276,2026-02-18,Login,iOS,14
2786,1154,2026-02-23,Withdrawal,iOS,598
2787,1128,2025-08-29,Login,Android,436
2788,1486,2026-04-29,Withdrawal,iOS,20
2789,1076,2026-02-03,Deposit,Android,60
2790,1375,2026-04-21,Withdrawal,iOS,405
2791,1221,2026-03-08,Login,iOS,512
2792,1270,2025-07-04,Login,Android,382
2793,1434,2026-01-21,Login,iOS,449
2794,1123,2025-11-09,Deposit,Android,412
2795,1025,2026-03-13,Login,Android,346
2796,1439,2026-02-08,Login,Web,587
2797,1435,2026-02-19,Login,iOS,514
2798,1106,2026-03-17,Withdrawal,Android,431
2799,1106,2026-02-27,Deposit,iOS,189
2800,1103,2026-03-04,View_Statement,iOS,416
2801,1474,2026-04-01,Deposit,iOS,103
2802,1266,2026-03-28,Login,iOS,586
2803,1014,2025-08-28,Withdrawal,iOS,15
2804,1133,2026-04-15,Deposit,iOS,216
2805,1441,2025-11-21,Deposit,Android,429
2806,1022,2026-03-19,View_Statement,Web,227
2807,1075,2026-03-30,Deposit,iOS,511
2808,1285,2026-03-09,Deposit,Android,459
2809,1391,2026-03-02,View_Portfolio,iOS,190
2810,1244,2025-10-30,View_Portfolio,Android,502
2811,1256,2026-01-08,Deposit,Android,147
2812,1146,2026-05-04,Login,iOS,13
2813,1415,2025-09-02,View_Statement,Android,475
2814,1427,2026-04-09,Login,Android,373
2815,1212,2026-03-31,Login,Android,583
2816,1249,2025-07-23,View_Statement,iOS,435
2817,1035,2026-04-23,View_Portfolio,Android,38
2818,1327,2026-04-28,Login,iOS,216
2819,1253,2026-04-30,Login,iOS,521
2820,1350,2026-04-10,Withdrawal,Android,435
2821,1260,2025-12-15,Login,Android,404
2822,1307,2025-12-31,Login,iOS,484
2823,1350,2026-04-16,View_Statement,iOS,255
2824,1286,2026-01-31,Deposit,iOS,380
2825,1350,2026-04-20,View_Portfolio,iOS,152
2826,1181,2026-04-06,Withdrawal,iOS,37
2827,1210,2025-09-27,View_Portfolio,Android,125
2828,1491,2026-04-12,View_Statement,iOS,446
2829,1110,2026-05-04,Deposit,iOS,24
2830,1330,2025-10-08,View_Portfolio,Android,49
2831,1142,2025-09-04,View_Portfolio,Android,483
2832,1164,2025-08-27,View_Statement,Android,43
2833,1087,2025-10-01,Withdrawal,iOS,557
2834,1140,2025-10-11,View_Portfolio,Android,292
2835,1332,2025-12-29,Login,iOS,407
2836,1162,2025-08-25,Login,iOS,251
2837,1026,2026-02-06,Login,iOS,140
2838,1134,2026-04-04,Login,iOS,140
2839,1357,2026-01-07,Login,iOS,197
2840,1115,2026-04-10,Login,iOS,431
2841,1181,2026-03-07,View_Statement,Android,493
2842,1399,2025-10-28,Login,iOS,134
2843,1362,2026-03-17,Deposit,iOS,124
2844,1359,2026-01-14,View_Portfolio,Android,472
2845,1147,2026-01-05,Login,iOS,109
2846,1360,2026-04-24,Login,Android,485
2847,1431,2025-10-29,Login,iOS,39
2848,1215,2026-04-16,Login,iOS,252
2849,1484,2026-04-08,View_Statement,Android,88
2850,1077,2025-09-19,View_Portfolio,Web,200
2851,1095,2026-02-14,View_Portfolio,Android,541
2852,1445,2025-08-21,View_Portfolio,iOS,512
2853,1485,2026-03-02,Login,Android,124
2854,1218,2026-04-25,View_Portfolio,Android,291
2855,1363,2026-01-23,Withdrawal,Android,489
2856,1368,2026-04-10,View_Statement,Android,535
2857,1052,2026-03-22,Login,Web,95
2858,1274,2026-02-15,Deposit,iOS,517
2859,1444,2025-12-04,Login,iOS,559
2860,1175,2026-03-15,Login,iOS,194
2861,1313,2026-05-02,Withdrawal,Android,551
2862,1033,2026-02-12,Login,Android,236
2863,1360,2026-03-07,Deposit,iOS,576
2864,1416,2025-09-05,Deposit,iOS,363
2865,1132,2026-03-03,Login,Android,118
2866,1425,2025-07-03,Login,Android,342
2867,1275,2025-11-12,View_Statement,iOS,587
2868,1007,2025-09-13,View_Portfolio,Web,473
2869,1495,2025-12-02,Withdrawal,iOS,447
2870,1227,2026-01-24,View_Portfolio,Web,352
2871,1255,2026-03-21,Login,iOS,374
2872,1282,2026-03-27,Login,iOS,346
2873,1236,2026-04-04,Login,iOS,25
2874,1343,2026-02-28,Deposit,Android,151
2875,1354,2026-04-30,Deposit,iOS,75
2876,1435,2026-03-26,Login,iOS,565
2877,1184,2026-02-05,Login,Web,97
2878,1199,2026-04-16,View_Portfolio,Web,195
2879,1203,2026-05-01,Deposit,iOS,48
2880,1435,2026-05-02,View_Statement,Android,315
2881,1136,2026-03-23,Login,iOS,436
2882,1397,2026-04-10,Deposit,Android,552
2883,1288,2025-11-29,View_Portfolio,iOS,73
2884,1489,2026-05-03,View_Portfolio,iOS,94
2885,1290,2026-04-27,Login,Android,267
2886,1146,2026-05-01,Login,iOS,308
2887,1207,2025-08-24,Login,iOS,561
2888,1055,2026-01-19,Withdrawal,Web,67
2889,1299,2026-02-12,Deposit,Android,122
2890,1408,2025-11-12,Deposit,iOS,95
2891,1495,2025-05-26,Login,iOS,278
2892,1405,2025-09-06,Login,Android,521
2893,1402,2025-11-28,Login,Android,132
2894,1398,2026-04-18,View_Portfolio,Web,477
2895,1250,2026-05-03,View_Portfolio,Android,117
2896,1437,2026-05-01,Deposit,Android,232
2897,1275,2026-02-04,Deposit,Android,419
2898,1205,2026-01-17,Login,iOS,254
2899,1313,2026-04-26,Deposit,Web,231
2900,1192,2026-03-29,Login,iOS,338
2901,1336,2025-11-25,Withdrawal,Android,432
2902,1002,2026-04-29,Deposit,Android,254
2903,1185,2026-04-28,Login,iOS,553
2904,1162,2025-10-11,Login,iOS,85
2905,1049,2025-12-07,Login,Android,389
2906,1090,2025-08-03,Login,iOS,100
2907,1438,2026-03-29,View_Statement,iOS,311
2908,1251,2026-04-14,Deposit,Android,547
2909,1022,2026-03-30,Deposit,Web,116
2910,1212,2026-02-07,Deposit,iOS,215
2911,1477,2025-08-30,Deposit,Android,404
2912,1466,2026-03-27,Login,iOS,17
2913,1477,2025-08-18,Login,Android,24
2914,1234,2026-04-28,Deposit,Web,202
2915,1172,2025-05-13,Withdrawal,iOS,510
2916,1091,2025-10-17,View_Statement,Web,15
2917,1163,2026-04-28,Login,Web,124
2918,1285,2026-04-09,Login,Android,75
2919,1006,2025-08-23,View_Portfolio,Android,104
2920,1244,2025-10-23,Deposit,Web,190
2921,1421,2025-12-21,View_Statement,Android,28
2922,1379,2026-03-15,Deposit,iOS,534
2923,1473,2026-03-30,Deposit,Android,133
2924,1341,2026-04-29,Login,iOS,273
2925,1442,2026-05-04,Login,Web,386
2926,1448,2026-04-13,Login,iOS,101
2927,1159,2026-04-26,Login,Android,356
2928,1123,2025-12-16,Deposit,Android,577
2929,1360,2026-02-16,View_Portfolio,iOS,126
2930,1434,2026-03-07,Login,Android,303
2931,1464,2026-02-27,Login,Web,371
2932,1188,2026-03-09,View_Statement,iOS,583
2933,1014,2026-03-19,Login,iOS,198
2934,1070,2026-04-22,Deposit,Android,311
2935,1139,2026-04-23,View_Portfolio,Android,427
2936,1411,2025-11-04,Login,iOS,546
2937,1358,2026-04-20,View_Portfolio,Android,522
2938,1325,2025-11-21,Deposit,Android,468
2939,1079,2026-04-27,Login,iOS,280
2940,1294,2026-05-02,View_Portfolio,Android,483
2941,1318,2025-08-01,Deposit,Android,568
2942,1437,2026-04-25,Deposit,iOS,175
2943,1080,2025-09-30,Deposit,Web,170
2944,1146,2026-05-01,Login,iOS,420
2945,1373,2025-08-05,Login,Android,445
2946,1225,2025-08-18,Login,iOS,277
2947,1227,2026-04-28,Login,iOS,387
2948,1382,2026-05-03,Login,iOS,454
2949,1180,2025-08-25,Login,iOS,430
2950,1024,2026-03-27,Login,Android,15
2951,1099,2026-01-16,Login,iOS,224
2952,1391,2026-04-12,Withdrawal,Android,472
2953,1270,2025-06-10,Login,Web,392
2954,1434,2025-11-23,Deposit,iOS,357
2955,1094,2026-04-14,Deposit,Web,401
2956,1280,2026-02-04,View_Portfolio,iOS,527
2957,1463,2026-03-25,Deposit,iOS,197
2958,1269,2026-05-04,View_Statement,Android,163
2959,1147,2026-03-14,Deposit,Web,186
2960,1285,2026-04-17,Login,iOS,136
2961,1022,2026-03-07,Login,Android,151
2962,1002,2025-12-06,Withdrawal,iOS,435
2963,1103,2026-04-06,Deposit,Android,378
2964,1461,2025-12-12,Deposit,Android,579
2965,1036,2025-08-07,Withdrawal,Android,432
2966,1294,2026-04-29,Login,Web,262
2967,1274,2026-02-16,View_Statement,Web,257
2968,1051,2025-08-07,Deposit,iOS,25
2969,1143,2025-12-07,Deposit,iOS,406
2970,1384,2025-11-30,View_Statement,Android,123
2971,1483,2026-04-04,View_Portfolio,Android,423
2972,1436,2026-02-02,Deposit,iOS,150
2973,1017,2026-01-06,View_Portfolio,iOS,348
2974,1368,2026-05-04,Deposit,Android,164
2975,1077,2026-03-08,Deposit,iOS,431
2976,1278,2025-08-29,View_Portfolio,iOS,501
2977,1123,2026-03-20,Login,iOS,47
2978,1438,2026-04-06,Deposit,Android,188
2979,1436,2026-03-02,Login,iOS,160
2980,1488,2026-02-21,Withdrawal,Android,55
2981,1384,2025-12-13,Login,iOS,520
2982,1469,2026-04-14,Withdrawal,Android,123
2983,1346,2026-03-29,Login,iOS,442
2984,1174,2026-02-07,Login,iOS,409
2985,1132,2025-12-27,View_Statement,Android,276
2986,1263,2025-09-12,Login,iOS,419
2987,1394,2026-02-10,Login,Android,242
2988,1271,2026-03-10,Login,Web,24
2989,1410,2025-09-01,Withdrawal,iOS,195
2990,1208,2026-01-17,View_Portfolio,iOS,347
2991,1296,2025-07-26,View_Portfolio,iOS,27
2992,1226,2025-10-19,Login,iOS,206
2993,1189,2026-05-03,Deposit,Android,295
2994,1465,2026-05-01,Withdrawal,iOS,168
2995,1358,2026-04-22,Deposit,iOS,372
2996,1144,2026-03-30,Withdrawal,iOS,476
2997,1354,2026-05-02,View_Portfolio,Android,219
2998,1251,2026-05-02,Login,Android,505
2999,1376,2026-04-04,Login,iOS,140
3000,1477,2025-09-10,Withdrawal,Android,539
3001,1245,2026-01-31,Deposit,Android,365
3002,1018,2025-09-07,Deposit,iOS,445
3003,1203,2026-04-26,Deposit,Android,297
3004,1204,2026-02-17,Login,Web,570
3005,1485,2026-05-04,Deposit,Android,174
3006,1002,2025-10-16,Login,iOS,80
3007,1438,2026-05-03,Deposit,iOS,293
3008,1376,2026-03-07,Login,Android,41
3009,1402,2026-01-13,View_Portfolio,iOS,178
3010,1054,2026-02-24,View_Portfolio,Android,429
3011,1166,2025-09-14,Deposit,Android,95
3012,1353,2026-02-23,Login,Web,19
3013,1329,2026-03-10,Login,iOS,538
3014,1143,2026-04-29,Login,Android,361
3015,1448,2026-02-02,Login,iOS,577
3016,1092,2026-03-06,Login,iOS,148
3017,1008,2026-04-18,Withdrawal,iOS,310
3018,1252,2026-02-03,View_Statement,iOS,136
3019,1430,2026-04-27,Login,iOS,538
3020,1100,2025-11-12,Login,iOS,201
3021,1039,2026-02-27,View_Portfolio,Android,484
3022,1436,2025-12-14,Withdrawal,iOS,576
3023,1136,2026-04-03,Deposit,iOS,216
3024,1362,2025-12-19,View_Statement,Android,270
3025,1434,2025-12-31,Deposit,Android,116
3026,1050,2026-01-17,Withdrawal,iOS,342
3027,1083,2026-01-27,Withdrawal,Android,51
3028,1254,2025-09-15,Login,Android,357
3029,1196,2026-03-19,Deposit,iOS,140
3030,1027,2026-02-17,Login,iOS,106
3031,1077,2026-02-04,Deposit,Android,514
3032,1294,2026-04-22,Login,Android,294
3033,1255,2026-03-17,Login,Android,471
3034,1021,2026-03-04,Login,iOS,187
3035,1218,2026-03-09,Login,Android,226
3036,1045,2026-01-16,Login,Android,402
3037,1442,2025-11-23,View_Portfolio,Android,21
3038,1407,2026-05-02,Deposit,iOS,321
3039,1182,2026-04-20,View_Portfolio,iOS,526
3040,1286,2026-03-08,View_Portfolio,iOS,486
3041,1479,2026-04-26,Login,Web,186
3042,1351,2026-02-15,Deposit,iOS,285
3043,1144,2026-02-04,Withdrawal,iOS,294
3044,1052,2026-03-01,Deposit,iOS,256
3045,1251,2026-04-08,View_Portfolio,Web,220
3046,1106,2026-02-12,Deposit,Android,301
3047,1297,2025-09-01,Deposit,iOS,106
3048,1199,2026-03-08,View_Portfolio,Web,167
3049,1337,2026-03-13,Login,Web,198
3050,1280,2025-12-13,Deposit,iOS,261
3051,1148,2025-12-23,Login,iOS,360
3052,1103,2026-02-02,Login,Web,394
3053,1411,2025-11-13,Login,Android,476
3054,1002,2025-08-03,Deposit,iOS,320
3055,1256,2026-02-03,View_Portfolio,iOS,119
3056,1060,2025-09-03,Login,iOS,115
3057,1307,2025-12-04,View_Portfolio,Android,552
3058,1385,2026-02-18,Login,iOS,73
3059,1482,2025-12-17,Login,iOS,285
3060,1091,2025-12-21,View_Statement,iOS,385
3061,1101,2025-06-26,Login,iOS,294
3062,1114,2026-04-25,Login,iOS,240
3063,1262,2026-03-02,Login,Web,192
3064,1422,2026-05-02,Login,iOS,594
3065,1054,2026-03-28,Login,Android,554
3066,1188,2026-02-12,Login,iOS,190
3067,1027,2026-02-15,Deposit,Android,275
3068,1240,2025-12-24,Login,iOS,549
3069,1080,2025-09-25,Deposit,iOS,362
3070,1190,2026-04-01,View_Portfolio,Web,496
3071,1319,2025-08-25,Login,iOS,502
3072,1355,2025-11-27,Deposit,Android,582
3073,1091,2026-02-11,Login,Android,229
3074,1035,2026-05-01,Login,Android,52
3075,1058,2025-07-28,View_Portfolio,Web,554
3076,1189,2026-03-30,Deposit,iOS,25
3077,1253,2026-03-23,Login,Web,532
3078,1036,2025-09-08,Login,Android,117
3079,1358,2026-04-29,Login,iOS,327
3080,1092,2026-02-26,View_Portfolio,iOS,521
3081,1056,2025-10-31,View_Portfolio,Android,128
3082,1067,2025-12-30,Login,iOS,10
3083,1313,2026-04-30,Login,Android,322
3084,1169,2026-03-31,Login,iOS,82
3085,1287,2026-05-03,View_Portfolio,Android,337
3086,1131,2026-03-03,Deposit,Android,516
3087,1166,2025-08-11,Login,iOS,221
3088,1437,2026-04-25,Login,iOS,156
3089,1052,2026-04-28,Login,Web,128
3090,1152,2026-04-13,Login,iOS,296
3091,1410,2025-10-04,Withdrawal,iOS,31
3092,1105,2025-11-27,Login,Android,130
3093,1367,2026-03-31,View_Portfolio,iOS,85
3094,1092,2026-04-05,Deposit,iOS,92
3095,1201,2026-04-13,Login,Android,366
3096,1293,2025-11-01,Deposit,iOS,587
3097,1373,2025-11-23,Login,iOS,269
3098,1219,2025-12-03,Login,Android,160
3099,1432,2026-02-04,View_Statement,Web,528
3100,1067,2026-01-01,Deposit,Android,597
3101,1169,2026-04-05,Login,Android,114
3102,1305,2025-09-26,Login,iOS,212
3103,1028,2026-02-21,Login,Web,567
3104,1288,2026-04-30,Login,Android,215
3105,1355,2026-01-02,Login,Android,204
3106,1455,2026-04-22,Login,Web,332
3107,1327,2026-01-08,Withdrawal,Android,225
3108,1469,2026-03-11,View_Portfolio,Web,41
3109,1032,2026-01-01,Login,Web,463
3110,1166,2025-10-14,Deposit,Android,79
3111,1404,2025-11-26,Login,Web,589
3112,1136,2026-04-28,Login,iOS,77
3113,1068,2025-10-04,Deposit,Android,150
3114,1154,2026-02-15,View_Portfolio,iOS,244
3115,1463,2025-08-15,Login,Web,364
3116,1326,2026-04-29,Deposit,iOS,501
3117,1304,2025-11-02,View_Statement,Web,33
3118,1096,2025-09-26,Withdrawal,iOS,49
3119,1197,2026-03-15,Login,Android,322
3120,1108,2026-04-03,Login,iOS,375
3121,1046,2026-05-04,View_Statement,Android,239
3122,1186,2026-04-06,Login,iOS,328
3123,1454,2025-10-08,Deposit,Web,509
3124,1323,2025-06-13,Login,Android,156
3125,1285,2026-02-27,Deposit,Android,464
3126,1083,2025-07-23,Login,iOS,295
3127,1138,2026-03-28,Withdrawal,iOS,209
3128,1327,2026-04-03,Login,Web,257
3129,1237,2025-07-03,Deposit,iOS,504
3130,1449,2025-10-28,Login,Web,233
3131,1321,2025-12-10,Login,iOS,247
3132,1145,2026-02-10,Withdrawal,iOS,497
3133,1278,2025-09-18,View_Statement,Web,237
3134,1100,2026-02-27,View_Portfolio,Android,568
3135,1014,2026-01-25,Login,iOS,484
3136,1262,2026-04-20,Deposit,iOS,361
3137,1414,2025-08-24,Withdrawal,Web,62
3138,1494,2026-03-15,Deposit,iOS,466
3139,1047,2026-04-26,Withdrawal,iOS,315
3140,1225,2025-11-19,View_Statement,Android,269
3141,1404,2025-07-17,Login,iOS,506
3142,1144,2026-05-04,View_Portfolio,iOS,33
3143,1196,2026-04-25,Login,Android,248
3144,1290,2025-06-18,View_Portfolio,Web,168
3145,1257,2026-02-24,View_Portfolio,Web,353
3146,1461,2025-11-15,Deposit,Android,385
3147,1432,2026-04-15,View_Portfolio,Android,97
3148,1008,2026-04-29,Withdrawal,Android,260
3149,1278,2025-09-30,Deposit,iOS,97
3150,1324,2025-08-04,View_Statement,Web,365
3151,1290,2025-08-20,Login,iOS,169
3152,1444,2025-10-26,View_Statement,iOS,88
3153,1429,2026-03-07,Login,Android,479
3154,1293,2026-02-16,Deposit,iOS,324
3155,1377,2026-03-30,Login,iOS,491
3156,1023,2026-04-27,Login,iOS,533
3157,1084,2025-10-18,Deposit,iOS,432
3158,1255,2025-11-24,Login,Android,463
3159,1373,2025-08-30,View_Statement,Android,162
3160,1024,2026-04-04,Login,iOS,256
3161,1475,2026-02-23,Login,iOS,322
3162,1397,2026-03-26,View_Portfolio,Android,291
3163,1325,2025-08-16,View_Portfolio,Android,205
3164,1336,2025-12-31,Withdrawal,Android,38
3165,1316,2026-03-28,Login,Web,88
3166,1038,2026-02-19,View_Portfolio,iOS,192
3167,1432,2025-12-12,Login,Android,362
3168,1221,2026-03-18,View_Statement,Android,561
3169,1410,2025-07-30,Withdrawal,Web,526
3170,1214,2026-01-09,View_Portfolio,iOS,509
3171,1472,2026-01-23,Withdrawal,iOS,46
3172,1333,2025-08-03,Deposit,iOS,83
3173,1491,2026-04-25,Withdrawal,Android,130
3174,1085,2026-01-28,Deposit,iOS,552
3175,1385,2026-03-20,Login,Web,23
3176,1004,2026-03-16,Login,Web,299
3177,1195,2025-07-23,Login,iOS,574
3178,1114,2026-04-16,Withdrawal,Android,348
3179,1215,2026-02-17,Deposit,iOS,542
3180,1336,2026-01-03,Deposit,Web,417
3181,1365,2025-06-29,View_Portfolio,iOS,238
3182,1141,2026-02-11,Deposit,Web,237
3183,1167,2026-01-06,Login,iOS,168
3184,1287,2026-04-24,Login,iOS,59
3185,1408,2025-11-09,Login,Android,187
3186,1495,2025-08-06,Login,iOS,308
3187,1384,2026-03-04,Login,iOS,538
3188,1335,2025-09-17,Deposit,Android,199
3189,1005,2026-02-14,Login,Android,561
3190,1127,2025-12-06,Login,Web,46
3191,1433,2026-04-17,View_Statement,iOS,86
3192,1086,2026-03-26,View_Statement,Android,472
3193,1086,2025-10-07,Deposit,Android,547
3194,1395,2026-05-01,Login,Android,452
3195,1024,2026-04-05,View_Portfolio,iOS,486
3196,1045,2025-11-08,Deposit,iOS,325
3197,1458,2026-05-03,Login,iOS,133
3198,1111,2026-02-24,Deposit,Android,444
3199,1290,2026-04-09,Login,Web,329
3200,1395,2026-04-20,View_Statement,Android,491
3201,1185,2026-04-28,View_Portfolio,Android,390
3202,1235,2025-10-08,Login,iOS,201
3203,1157,2026-03-28,Deposit,iOS,155
3204,1406,2026-04-01,Login,iOS,489
3205,1161,2026-03-10,View_Portfolio,Android,488
3206,1200,2026-02-08,Login,iOS,137
3207,1122,2026-05-03,Login,iOS,219
3208,1433,2026-05-04,Login,iOS,25
3209,1224,2025-09-03,Login,iOS,454
3210,1488,2026-02-06,View_Statement,iOS,340
3211,1365,2025-12-19,View_Statement,Web,201
3212,1023,2026-04-27,Login,iOS,295
3213,1197,2026-05-02,Login,Android,596
3214,1479,2026-05-01,Deposit,Web,501
3215,1285,2026-04-14,View_Portfolio,iOS,79
3216,1006,2025-08-06,Login,Web,31
3217,1308,2026-04-28,Deposit,iOS,407
3218,1345,2026-04-18,Login,Web,309
3219,1089,2026-01-19,Login,Web,72
3220,1479,2026-04-23,View_Portfolio,Web,384
3221,1378,2026-05-01,Deposit,iOS,29
3222,1398,2026-04-19,Deposit,Web,459
3223,1273,2026-03-29,View_Portfolio,Web,354
3224,1464,2026-01-28,View_Portfolio,Android,431
3225,1284,2026-04-18,Login,iOS,280
3226,1265,2025-12-10,Deposit,iOS,20
3227,1115,2026-02-09,View_Portfolio,iOS,504
3228,1124,2026-03-23,Deposit,Android,444
3229,1450,2025-09-07,Withdrawal,iOS,42
3230,1260,2026-02-24,Login,Web,390
3231,1404,2025-11-12,Login,Android,173
3232,1169,2026-03-05,Login,iOS,367
3233,1036,2026-02-02,Deposit,Android,512
3234,1229,2026-01-03,Login,Android,340
3235,1134,2026-04-06,View_Portfolio,iOS,329
3236,1244,2025-11-20,Deposit,iOS,210
3237,1065,2026-02-20,Deposit,iOS,596
3238,1237,2025-08-12,Withdrawal,Android,498
3239,1434,2025-12-25,Deposit,Android,42
3240,1448,2026-03-10,View_Portfolio,iOS,404
3241,1003,2026-04-14,View_Portfolio,iOS,327
3242,1500,2026-01-24,Login,iOS,103
3243,1037,2026-04-30,Login,Android,326
3244,1109,2026-03-02,View_Statement,Android,345
3245,1490,2026-03-27,Deposit,Android,449
3246,1250,2026-05-03,Withdrawal,iOS,33
3247,1003,2026-04-15,View_Portfolio,iOS,271
3248,1235,2025-10-23,Deposit,iOS,85
3249,1417,2026-02-18,Deposit,Android,291
3250,1443,2026-04-08,View_Statement,iOS,254
3251,1251,2026-04-27,Withdrawal,iOS,191
3252,1143,2026-03-28,View_Portfolio,iOS,349
3253,1248,2026-01-20,Deposit,iOS,277
3254,1056,2025-09-11,View_Statement,Web,489
3255,1061,2025-09-27,Withdrawal,iOS,517
3256,1068,2026-02-03,Withdrawal,Android,261
3257,1079,2026-02-12,Login,Web,215
3258,1327,2026-03-17,Deposit,iOS,525
3259,1367,2026-03-30,Login,iOS,38
3260,1196,2026-01-23,Withdrawal,Android,143
3261,1446,2026-01-31,Deposit,Android,56
3262,1195,2025-08-03,Login,Web,576
3263,1023,2026-04-23,Deposit,Android,448
3264,1014,2025-09-29,Deposit,Android,255
3265,1390,2025-08-05,View_Portfolio,Web,418
3266,1289,2026-04-02,Deposit,Android,145
3267,1009,2026-02-18,Deposit,Web,514
3268,1140,2025-06-19,Withdrawal,iOS,394
3269,1242,2026-02-11,Withdrawal,Android,463
3270,1253,2026-04-29,View_Statement,Android,367
3271,1227,2026-02-28,Login,iOS,402
3272,1373,2025-11-25,Withdrawal,Android,107
3273,1095,2026-03-28,Login,iOS,58
3274,1179,2026-04-25,View_Portfolio,Android,70
3275,1003,2026-03-26,View_Portfolio,Web,252
3276,1184,2026-02-16,Withdrawal,iOS,381
3277,1046,2026-03-29,Login,Android,436
3278,1292,2026-05-04,View_Statement,Android,182
3279,1141,2026-04-18,View_Statement,Android,345
3280,1013,2026-01-06,Login,Android,562
3281,1186,2026-02-23,Deposit,iOS,156
3282,1482,2026-01-18,View_Portfolio,Android,309
3283,1085,2025-10-14,Deposit,iOS,35
3284,1418,2025-10-31,Deposit,Android,558
3285,1490,2026-03-16,Deposit,iOS,215
3286,1043,2025-12-04,Deposit,Android,161
3287,1384,2026-04-07,Deposit,Web,471
3288,1156,2025-11-04,Deposit,iOS,466
3289,1184,2026-02-18,Deposit,iOS,177
3290,1047,2026-04-11,View_Portfolio,Android,385
3291,1419,2026-03-31,View_Portfolio,iOS,212
3292,1206,2025-09-24,View_Portfolio,Android,188
3293,1210,2025-10-03,Deposit,iOS,447
3294,1275,2026-04-24,View_Portfolio,iOS,226
3295,1083,2025-11-03,Login,Android,168
3296,1097,2026-04-25,Withdrawal,Android,514
3297,1179,2025-12-21,Deposit,Android,366
3298,1355,2025-12-08,Login,Android,79
3299,1148,2025-08-31,Deposit,Android,308
3300,1285,2026-03-16,View_Portfolio,Android,132
3301,1384,2025-12-08,View_Statement,Web,276
3302,1072,2026-03-28,Login,iOS,433
3303,1217,2026-03-13,Deposit,iOS,586
3304,1209,2026-03-07,Deposit,iOS,195
3305,1321,2026-02-23,Deposit,iOS,164
3306,1294,2026-04-22,View_Statement,iOS,178
3307,1433,2026-04-13,Deposit,Android,349
3308,1124,2026-03-05,View_Portfolio,iOS,428
3309,1350,2026-04-13,Withdrawal,iOS,232
3310,1156,2025-10-11,Login,iOS,523
3311,1033,2026-04-06,Withdrawal,iOS,475
3312,1269,2026-05-04,Deposit,iOS,98
3313,1216,2026-02-06,View_Portfolio,iOS,22
3314,1428,2026-03-04,Login,iOS,45
3315,1101,2025-06-06,Login,iOS,247
3316,1470,2025-08-11,View_Portfolio,Android,435
3317,1180,2025-10-26,Login,Android,223
3318,1127,2026-02-20,View_Statement,iOS,24
3319,1333,2025-07-31,Deposit,Android,144
3320,1488,2025-12-01,Login,Web,436
3321,1460,2026-04-05,Withdrawal,iOS,547
3322,1377,2026-01-28,Deposit,iOS,566
3323,1169,2026-04-24,Login,Web,549
3324,1305,2026-03-05,Login,iOS,54
3325,1366,2026-03-26,Login,iOS,530
3326,1135,2026-04-05,Login,Android,80
3327,1292,2026-05-04,Deposit,iOS,305
3328,1093,2025-07-30,View_Portfolio,iOS,262
3329,1221,2026-03-24,Login,iOS,205
3330,1410,2025-09-16,Withdrawal,iOS,195
3331,1155,2026-03-13,View_Portfolio,Android,507
3332,1280,2026-03-18,Deposit,Android,156
3333,1479,2026-04-27,View_Portfolio,Web,129
3334,1199,2026-02-15,Login,iOS,185
3335,1337,2026-04-30,Login,iOS,515
3336,1241,2026-04-30,Login,iOS,37
3337,1417,2026-02-07,Withdrawal,iOS,437
3338,1098,2026-04-21,Withdrawal,iOS,31
3339,1250,2026-05-04,View_Statement,iOS,95
3340,1402,2026-01-27,Deposit,iOS,491
3341,1105,2026-04-15,Deposit,iOS,177
3342,1261,2026-03-19,View_Portfolio,Web,309
3343,1129,2025-08-21,Login,iOS,505
3344,1327,2026-04-19,View_Portfolio,Android,40
3345,1378,2026-05-01,Login,Web,100
3346,1482,2026-03-24,Login,iOS,270
3347,1259,2025-09-22,Login,Web,499
3348,1292,2026-05-04,View_Statement,Android,422
3349,1419,2026-04-24,Deposit,iOS,206
3350,1435,2026-04-27,Login,Web,136
3351,1377,2026-04-28,Login,Android,102
3352,1140,2025-07-09,Login,iOS,279
3353,1015,2025-11-24,Login,Android,452
3354,1388,2025-12-27,Login,Android,574
3355,1184,2026-04-13,View_Portfolio,Android,238
3356,1481,2026-01-07,View_Portfolio,Android,425
3357,1016,2026-03-15,View_Statement,iOS,314
3358,1221,2025-09-17,Login,Android,175
3359,1390,2026-03-28,View_Portfolio,Android,102
3360,1063,2025-11-08,Login,Android,521
3361,1241,2025-12-12,Login,Android,394
3362,1485,2026-03-21,Login,Android,118
3363,1279,2026-01-18,View_Statement,Web,476
3364,1333,2025-07-13,View_Statement,Android,215
3365,1428,2026-03-27,View_Portfolio,Web,288
3366,1257,2026-02-14,Login,iOS,163
3367,1185,2026-05-01,View_Portfolio,iOS,347
3368,1076,2026-02-09,Deposit,iOS,472
3369,1027,2025-10-19,Login,iOS,237
3370,1025,2026-04-29,Login,Web,584
3371,1342,2026-03-09,Withdrawal,iOS,349
3372,1062,2026-03-01,View_Portfolio,iOS,507
3373,1482,2026-04-03,View_Portfolio,iOS,195
3374,1146,2026-05-04,Deposit,Android,122
3375,1233,2026-04-13,Deposit,iOS,595
3376,1464,2026-04-18,Withdrawal,iOS,496
3377,1349,2026-04-22,View_Portfolio,iOS,500
3378,1286,2026-01-24,Login,iOS,126
3379,1414,2026-01-03,Withdrawal,iOS,108
3380,1084,2025-10-28,Login,Android,306
3381,1175,2026-03-22,Login,iOS,159
3382,1406,2025-08-09,Login,Web,40
3383,1381,2025-07-13,Deposit,iOS,166
3384,1170,2026-02-22,Login,iOS,434
3385,1290,2025-08-20,View_Statement,Android,537
3386,1447,2026-02-02,Deposit,iOS,64
3387,1004,2026-04-24,View_Statement,iOS,154
3388,1498,2025-11-27,Login,iOS,27
3389,1287,2026-05-04,Withdrawal,Android,581
3390,1307,2026-01-17,View_Statement,iOS,294
3391,1050,2025-12-11,Login,Android,228
3392,1270,2025-06-11,Login,Android,224
3393,1008,2026-04-23,Deposit,Android,354
3394,1357,2026-01-20,Login,Web,260
3395,1069,2026-03-21,Login,Android,415
3396,1392,2026-02-03,View_Statement,Android,575
3397,1139,2026-05-01,View_Portfolio,Web,346
3398,1248,2026-03-20,Deposit,iOS,54
3399,1029,2026-04-02,Login,Android,451
3400,1183,2026-03-15,Login,iOS,140
3401,1213,2026-05-02,Login,iOS,138
3402,1423,2025-09-27,Deposit,iOS,192
3403,1397,2026-03-28,Deposit,Web,243
3404,1320,2026-05-01,Login,Android,310
3405,1305,2025-12-27,View_Statement,iOS,322
3406,1019,2026-03-30,Deposit,iOS,294
3407,1383,2026-01-28,Login,iOS,539
3408,1451,2025-10-21,Withdrawal,iOS,243
3409,1226,2025-11-10,Login,Android,402
3410,1230,2026-01-01,Withdrawal,iOS,106
3411,1339,2026-01-04,Withdrawal,Android,85
3412,1096,2025-12-13,View_Statement,Web,381
3413,1495,2025-07-05,Login,iOS,471
3414,1484,2026-02-16,Login,Web,18
3415,1115,2026-01-03,Login,iOS,168
3416,1359,2025-12-24,Login,iOS,395
3417,1180,2025-10-09,View_Portfolio,iOS,569
3418,1373,2025-09-23,Withdrawal,iOS,111
3419,1078,2025-08-24,View_Statement,Web,118
3420,1327,2026-01-17,Login,iOS,387
3421,1276,2026-02-06,View_Portfolio,Android,584
3422,1352,2025-09-15,Login,Android,43
3423,1366,2026-04-05,View_Statement,iOS,377
3424,1182,2026-04-24,Login,iOS,530
3425,1095,2026-04-26,View_Portfolio,iOS,272
3426,1086,2026-01-26,Login,iOS,567
3427,1389,2025-12-17,Login,Web,380
3428,1095,2026-03-15,Withdrawal,Android,353
3429,1335,2025-10-31,View_Portfolio,Web,173
3430,1492,2026-01-27,View_Portfolio,Android,384
3431,1446,2026-04-19,Login,iOS,509
3432,1145,2025-09-27,Login,iOS,54
3433,1248,2026-01-17,Login,Android,399
3434,1181,2025-12-16,View_Portfolio,iOS,251
3435,1293,2026-02-26,Login,iOS,469
3436,1019,2026-01-05,View_Statement,iOS,28
3437,1138,2026-01-20,Deposit,iOS,317
3438,1044,2026-04-21,Deposit,Android,56
3439,1226,2025-06-26,View_Portfolio,Android,262
3440,1433,2026-04-17,Withdrawal,Android,492
3441,1345,2026-04-06,Login,Android,286
3442,1037,2026-05-01,Login,Android,386
3443,1314,2026-03-23,Login,Android,531
3444,1220,2026-04-19,Deposit,iOS,141
3445,1128,2025-08-17,Login,Web,322
3446,1143,2025-12-20,Withdrawal,iOS,149
3447,1404,2025-12-29,Login,iOS,147
3448,1183,2026-03-23,View_Portfolio,iOS,588
3449,1397,2026-03-24,Withdrawal,iOS,145
3450,1404,2026-03-21,View_Portfolio,iOS,334
3451,1043,2025-11-11,Login,iOS,249
3452,1479,2026-04-27,View_Portfolio,Android,159
3453,1210,2025-11-01,View_Portfolio,iOS,44
3454,1425,2025-08-01,Login,Android,583
3455,1048,2025-12-24,View_Statement,iOS,133
3456,1312,2026-03-29,Login,Android,571
3457,1220,2026-04-12,Login,Android,517
3458,1367,2026-05-03,Deposit,iOS,548
3459,1196,2026-05-01,Login,Web,49
3460,1472,2026-01-21,View_Portfolio,iOS,465
3461,1172,2025-05-12,Login,Android,464
3462,1237,2025-11-04,Deposit,Android,371
3463,1457,2026-01-08,Deposit,iOS,235
3464,1175,2026-04-20,View_Portfolio,Web,551
3465,1434,2026-01-04,Login,iOS,317
3466,1500,2026-02-16,Withdrawal,Android,226
3467,1032,2026-02-19,Login,iOS,303
3468,1224,2025-08-23,Withdrawal,Android,536
3469,1054,2026-04-09,View_Statement,Web,503
3470,1423,2025-09-11,Login,Android,305
3471,1469,2026-04-23,Login,iOS,82
3472,1186,2026-02-27,Deposit,iOS,142
3473,1492,2026-02-22,Login,Android,494
3474,1234,2026-05-04,Login,iOS,498
3475,1317,2026-02-07,Login,Web,223
3476,1231,2026-04-11,Deposit,Web,432
3477,1110,2026-04-30,Login,iOS,369
3478,1475,2026-04-26,Deposit,Android,389
3479,1367,2026-03-26,Deposit,Web,321
3480,1100,2025-10-28,Withdrawal,iOS,344
3481,1200,2026-03-21,View_Statement,iOS,390
3482,1211,2026-04-28,Deposit,iOS,44
3483,1221,2026-01-12,Login,iOS,510
3484,1403,2026-01-19,Login,Web,26
3485,1325,2026-04-07,Deposit,iOS,156
3486,1150,2025-11-20,View_Statement,iOS,283
3487,1163,2026-04-26,View_Portfolio,iOS,395
3488,1394,2026-02-04,Login,iOS,75
3489,1143,2025-09-03,View_Portfolio,Android,504
3490,1258,2025-10-12,Withdrawal,Android,228
3491,1245,2026-02-20,Login,Android,89
3492,1490,2026-04-17,Withdrawal,iOS,297
3493,1150,2026-04-29,Login,Android,431
3494,1112,2025-09-26,Deposit,Web,509
3495,1099,2026-01-24,Login,iOS,291
3496,1103,2026-02-03,Login,iOS,105
3497,1211,2026-04-04,View_Portfolio,iOS,248
3498,1495,2025-08-15,View_Portfolio,iOS,62
3499,1012,2025-11-04,Login,Android,443
3500,1381,2025-07-17,Login,Android,493
3501,1226,2025-06-10,Deposit,iOS,78
3502,1446,2026-02-26,View_Portfolio,iOS,81
3503,1301,2025-12-21,Login,iOS,568
3504,1442,2026-02-21,View_Portfolio,iOS,266
3505,1148,2026-03-16,View_Statement,Web,596
3506,1179,2026-03-16,Deposit,Android,303
3507,1007,2025-09-06,Login,iOS,265
3508,1152,2026-04-12,Login,iOS,283
3509,1323,2026-02-04,Login,Android,80
3510,1070,2026-03-09,Login,iOS,227
3511,1353,2026-04-04,View_Portfolio,Android,33
3512,1053,2025-12-25,Login,iOS,505
3513,1162,2025-08-29,Login,iOS,256
3514,1417,2026-03-01,Deposit,Android,405
3515,1093,2026-02-01,View_Portfolio,iOS,475
3516,1151,2026-03-16,Login,iOS,555
3517,1058,2025-08-29,View_Portfolio,iOS,224
3518,1196,2026-02-26,Deposit,iOS,405
3519,1325,2025-10-22,Withdrawal,Android,281
3520,1482,2026-04-30,View_Portfolio,iOS,28
3521,1208,2026-04-08,Login,Android,238
3522,1424,2026-02-16,Deposit,iOS,134
3523,1303,2026-04-18,Withdrawal,Android,242
3524,1299,2026-02-16,View_Portfolio,iOS,214
3525,1445,2025-11-12,Login,iOS,269
3526,1426,2025-11-21,Login,iOS,412
3527,1062,2026-03-01,Login,iOS,497
3528,1195,2025-12-18,View_Portfolio,iOS,182
3529,1055,2026-01-20,View_Portfolio,iOS,170
3530,1363,2026-02-19,Deposit,Web,282
3531,1049,2025-09-19,Login,Android,269
3532,1106,2026-03-06,Login,iOS,231
3533,1433,2026-04-28,Deposit,iOS,125
3534,1078,2025-09-10,View_Statement,Web,174
3535,1375,2026-04-27,View_Portfolio,Web,395
3536,1417,2026-03-11,View_Portfolio,Web,354
3537,1284,2026-04-24,Deposit,Web,306
3538,1057,2026-01-02,View_Statement,iOS,406
3539,1169,2026-03-17,View_Portfolio,iOS,161
3540,1376,2026-01-07,Login,Android,108
3541,1376,2026-04-19,Withdrawal,Android,455
3542,1207,2025-08-23,Deposit,iOS,74
3543,1260,2026-01-15,Withdrawal,iOS,424
3544,1276,2025-06-28,View_Statement,Web,155
3545,1373,2025-09-22,Login,Web,519
3546,1345,2026-04-15,View_Portfolio,iOS,33
3547,1163,2026-04-29,Deposit,iOS,586
3548,1244,2025-12-29,View_Statement,Web,224
3549,1250,2026-05-03,Login,iOS,379
3550,1309,2025-11-07,Withdrawal,Android,541
3551,1039,2025-12-16,Login,iOS,359
3552,1309,2026-01-15,Login,Android,520
3553,1121,2025-12-16,Login,iOS,61
3554,1086,2026-01-26,Deposit,Web,214
3555,1099,2026-02-11,View_Statement,iOS,130
3556,1374,2026-03-05,Login,Android,71
3557,1246,2026-04-20,Login,Android,20
3558,1495,2026-03-16,Login,Android,563
3559,1348,2026-02-20,Deposit,iOS,258
3560,1394,2026-03-20,Login,Android,239
3561,1208,2026-02-15,View_Statement,iOS,98
3562,1113,2026-04-14,Deposit,Web,512
3563,1471,2026-02-20,View_Portfolio,iOS,182
3564,1083,2025-08-03,View_Portfolio,Android,450
3565,1065,2026-02-25,Withdrawal,Android,369
3566,1001,2026-04-27,View_Statement,iOS,372
3567,1437,2026-04-24,View_Statement,iOS,558
3568,1174,2026-04-28,Login,Web,561
3569,1250,2026-05-04,View_Statement,iOS,234
3570,1410,2025-10-16,Deposit,Android,400
3571,1226,2025-11-06,Login,iOS,475
3572,1386,2025-06-17,Deposit,Web,373
3573,1284,2026-04-05,Login,Android,177
3574,1084,2025-11-21,Deposit,Web,428
3575,1490,2026-03-01,View_Portfolio,Web,383
3576,1239,2026-01-11,Login,Android,535
3577,1411,2025-10-09,Login,iOS,231
3578,1028,2026-03-24,View_Statement,iOS,146
3579,1380,2026-01-02,Deposit,iOS,78
3580,1287,2026-04-25,Login,iOS,566
3581,1431,2026-01-30,View_Statement,iOS,198
3582,1391,2026-02-22,View_Statement,Web,59
3583,1328,2026-04-22,Login,iOS,165
3584,1480,2025-12-07,Login,iOS,506
3585,1459,2026-03-20,View_Statement,Android,205
3586,1304,2025-08-27,Login,Web,485
3587,1282,2026-04-22,Deposit,iOS,238
3588,1183,2026-04-24,Login,iOS,417
3589,1345,2026-04-07,Withdrawal,iOS,500
3590,1135,2026-03-26,Login,iOS,228
3591,1468,2026-04-19,Deposit,Android,522
3592,1361,2026-04-08,Login,Android,30
3593,1057,2026-01-21,Login,Android,433
3594,1115,2026-02-16,Login,Web,117
3595,1186,2026-04-25,Login,Web,344
3596,1478,2026-02-20,View_Portfolio,Android,359
3597,1376,2025-09-08,View_Statement,iOS,317
3598,1001,2026-04-10,View_Portfolio,iOS,266
3599,1338,2026-03-21,Deposit,Android,446
3600,1456,2025-12-28,Login,Web,588
3601,1029,2026-04-24,Login,Android,426
3602,1232,2026-03-28,Login,Web,20
3603,1150,2026-02-05,View_Portfolio,iOS,352
3604,1480,2025-12-16,Login,iOS,434
3605,1424,2026-05-01,View_Statement,Android,354
3606,1190,2026-04-07,View_Portfolio,Web,241
3607,1270,2025-10-07,View_Statement,iOS,314
3608,1248,2026-05-04,Deposit,iOS,197
3609,1386,2026-03-19,Deposit,iOS,489
3610,1419,2026-04-08,Login,iOS,439
3611,1327,2025-12-29,Deposit,iOS,477
3612,1195,2025-07-05,View_Statement,iOS,25
3613,1381,2025-10-01,Login,iOS,545
3614,1255,2026-04-05,Login,iOS,17
3615,1079,2026-01-22,Login,iOS,504
3616,1363,2026-03-24,View_Statement,Android,333
3617,1098,2026-04-27,Login,Android,318
3618,1150,2025-11-30,View_Portfolio,iOS,504
3619,1274,2026-03-27,Login,iOS,574
3620,1302,2026-03-09,View_Portfolio,iOS,458
3621,1338,2026-04-08,Deposit,iOS,488
3622,1447,2025-11-11,Login,iOS,223
3623,1123,2026-03-05,Withdrawal,iOS,144
3624,1098,2026-04-14,View_Portfolio,iOS,420
3625,1164,2025-08-27,Deposit,Android,429
3626,1046,2026-01-19,Withdrawal,Web,588
3627,1359,2026-03-14,Login,Web,321
3628,1239,2026-01-03,View_Statement,Android,279
3629,1230,2026-03-06,Login,Android,394
3630,1293,2025-12-31,Login,Web,28
3631,1244,2026-02-27,Login,Android,332
3632,1018,2025-12-23,Login,iOS,507
3633,1171,2026-01-09,Deposit,Android,202
3634,1360,2026-02-05,Deposit,iOS,272
3635,1157,2026-04-08,Deposit,iOS,338
3636,1204,2026-04-05,Login,iOS,382
3637,1146,2026-05-03,Login,iOS,121
3638,1479,2026-04-17,View_Portfolio,Android,233
3639,1143,2026-01-29,View_Portfolio,Web,579
3640,1187,2025-07-22,Login,Web,373
3641,1488,2025-09-08,Deposit,iOS,361
3642,1122,2026-04-22,Login,Web,89
3643,1350,2026-03-31,View_Portfolio,Android,185
3644,1100,2026-01-17,View_Statement,iOS,175
3645,1284,2026-05-01,Login,Android,433
3646,1437,2026-04-23,View_Portfolio,iOS,422
3647,1015,2025-12-22,Login,iOS,478
3648,1384,2026-04-22,Login,Android,243
3649,1043,2025-11-21,Deposit,Android,89
3650,1289,2026-02-21,Deposit,iOS,470
3651,1386,2025-07-12,View_Portfolio,Web,560
3652,1187,2025-12-31,Withdrawal,Android,520
3653,1008,2026-04-29,View_Statement,iOS,366
3654,1112,2026-01-20,Deposit,Android,155
3655,1033,2026-03-28,Deposit,iOS,193
3656,1419,2026-04-22,Deposit,iOS,449
3657,1402,2025-11-02,Login,Android,237
3658,1090,2026-04-23,Deposit,iOS,426
3659,1496,2025-07-25,View_Portfolio,iOS,85
3660,1149,2026-03-02,Login,Android,221
3661,1448,2026-04-28,View_Statement,Android,388
3662,1412,2026-03-29,Withdrawal,iOS,175
3663,1212,2026-04-11,View_Portfolio,Android,101
3664,1116,2026-02-11,View_Statement,Web,437
3665,1173,2026-04-25,Deposit,Android,205
3666,1020,2026-03-21,Login,Web,260
3667,1379,2026-02-20,View_Portfolio,iOS,423
3668,1132,2026-05-01,View_Portfolio,iOS,327
3669,1292,2026-05-02,Login,iOS,554
3670,1354,2026-04-19,Login,Android,128
3671,1237,2025-12-21,Login,Web,492
3672,1077,2025-10-30,Login,Web,597
3673,1223,2025-11-11,View_Statement,iOS,172
3674,1436,2025-09-20,Login,Android,111
3675,1126,2026-03-20,View_Portfolio,Web,583
3676,1039,2026-01-20,View_Portfolio,iOS,382
3677,1327,2025-10-29,View_Portfolio,Android,299
3678,1209,2026-03-06,Login,Web,92
3679,1106,2026-02-23,Withdrawal,Web,454
3680,1140,2025-06-19,View_Statement,iOS,93
3681,1249,2025-09-01,Login,iOS,483
3682,1055,2026-04-16,Login,Android,71
3683,1118,2025-05-20,View_Portfolio,Web,104
3684,1350,2026-04-23,Deposit,Android,275
3685,1176,2026-03-25,Deposit,iOS,443
3686,1354,2026-04-21,View_Statement,Web,128
3687,1470,2025-09-19,View_Portfolio,iOS,337
3688,1213,2026-05-04,Login,Android,322
3689,1265,2026-02-16,Deposit,iOS,248
3690,1140,2025-08-07,Login,iOS,182
3691,1465,2026-04-16,Login,iOS,156
3692,1464,2026-02-13,Deposit,iOS,489
3693,1325,2025-10-14,Login,Web,363
3694,1339,2025-12-06,View_Statement,iOS,327
3695,1441,2025-10-16,Login,iOS,58
3696,1284,2026-04-11,Deposit,Android,576
3697,1273,2026-04-26,View_Portfolio,Android,408
3698,1022,2026-03-13,Withdrawal,Android,365
3699,1419,2026-04-03,Deposit,iOS,105
3700,1369,2025-10-17,Deposit,iOS,151
3701,1187,2025-11-22,View_Statement,iOS,487
3702,1207,2025-07-20,Login,iOS,452
3703,1147,2026-04-06,View_Portfolio,Web,87
3704,1495,2026-03-27,View_Statement,Android,549
3705,1434,2026-01-12,Login,iOS,561
3706,1154,2025-11-23,View_Statement,iOS,491
3707,1108,2026-04-10,View_Portfolio,Android,590
3708,1316,2026-01-28,Deposit,iOS,146
3709,1300,2026-04-25,Login,Android,285
3710,1440,2026-01-21,View_Statement,iOS,299
3711,1483,2026-03-22,Login,iOS,78
3712,1299,2026-03-01,Deposit,Web,130
3713,1151,2026-02-07,View_Portfolio,iOS,170
3714,1458,2026-05-03,View_Portfolio,Android,165
3715,1406,2026-03-24,Login,iOS,190
3716,1175,2026-04-20,Login,iOS,248
3717,1055,2026-01-27,View_Portfolio,iOS,36
3718,1267,2025-11-07,Deposit,iOS,187
3719,1311,2026-02-27,Login,iOS,41
3720,1154,2026-02-15,Login,Android,32
3721,1385,2026-03-11,Deposit,Web,182
3722,1500,2025-12-17,Deposit,iOS,539
3723,1484,2026-03-15,View_Portfolio,iOS,415
3724,1190,2026-04-29,Login,Android,37
3725,1149,2026-02-28,View_Portfolio,Android,280
3726,1008,2026-04-23,View_Portfolio,Android,285
3727,1148,2025-12-01,Deposit,Android,425
3728,1173,2026-04-19,Login,Android,480
3729,1081,2025-12-15,View_Statement,iOS,577
3730,1079,2026-04-16,Login,iOS,465
3731,1469,2026-03-06,Deposit,Web,318
3732,1321,2026-04-02,Deposit,iOS,436
3733,1060,2025-08-16,View_Portfolio,Web,109
3734,1451,2025-09-04,Deposit,Android,96
3735,1095,2026-04-18,Deposit,Android,287
3736,1312,2026-04-28,View_Portfolio,Android,107
3737,1128,2026-04-30,View_Statement,iOS,473
3738,1122,2026-04-12,Deposit,iOS,117
3739,1287,2026-04-26,Deposit,Web,578
3740,1341,2025-12-22,View_Portfolio,iOS,51
3741,1087,2025-08-05,View_Portfolio,iOS,598
3742,1382,2026-04-10,Login,Android,488
3743,1081,2025-12-11,Deposit,Android,505
3744,1022,2026-04-26,Login,iOS,225
3745,1252,2026-01-17,Deposit,iOS,490
3746,1190,2026-04-14,View_Portfolio,iOS,198
3747,1312,2026-04-17,Login,Web,123
3748,1086,2025-11-08,Login,Android,332
3749,1484,2026-05-04,Deposit,Web,567
3750,1379,2025-11-07,View_Portfolio,Android,442
3751,1456,2026-04-20,Withdrawal,Android,161
3752,1367,2026-05-02,Login,Web,55
3753,1008,2026-05-04,Login,iOS,510
3754,1318,2025-11-25,Withdrawal,iOS,322
3755,1334,2025-08-07,Deposit,Android,81
3756,1230,2025-12-15,Deposit,Web,501
3757,1152,2026-04-01,Deposit,Android,520
3758,1278,2025-11-07,Deposit,iOS,143
3759,1015,2026-02-14,Deposit,Web,597
3760,1468,2026-04-09,View_Portfolio,Android,70
3761,1475,2026-02-13,View_Portfolio,Android,355
3762,1412,2025-10-07,Login,Android,461
3763,1406,2025-08-02,Deposit,Android,39
3764,1287,2026-04-26,Deposit,iOS,57
3765,1457,2025-12-29,Login,iOS,253
3766,1248,2026-03-28,Deposit,Web,329
3767,1255,2026-03-03,Deposit,iOS,428
3768,1446,2026-01-15,View_Portfolio,Android,33
3769,1343,2026-03-03,Login,iOS,40
3770,1325,2025-12-28,Login,Web,171
3771,1365,2025-11-16,Login,Android,398
3772,1167,2026-04-21,Withdrawal,Android,407
3773,1081,2025-12-18,View_Statement,iOS,365
3774,1296,2025-10-28,Deposit,iOS,90
3775,1069,2026-03-26,Deposit,Android,413
3776,1183,2026-03-23,Login,iOS,148
3777,1327,2025-12-31,Deposit,Android,77
3778,1064,2026-02-06,Deposit,Android,377
3779,1264,2026-03-02,Login,Android,360
3780,1327,2025-10-04,View_Portfolio,iOS,454
3781,1086,2026-01-04,Login,Android,230
3782,1044,2026-03-05,Withdrawal,Android,214
3783,1294,2026-04-27,Deposit,iOS,502
3784,1373,2025-09-30,View_Statement,Android,492
3785,1149,2026-04-09,Login,iOS,582
3786,1260,2026-02-10,Login,iOS,402
3787,1416,2025-10-19,View_Statement,iOS,518
3788,1311,2025-11-08,Login,iOS,518
3789,1349,2026-04-12,Deposit,Web,24
3790,1444,2025-12-05,Login,iOS,289
3791,1059,2026-03-30,Deposit,iOS,184
3792,1094,2026-04-26,Deposit,iOS,473
3793,1323,2025-07-24,Withdrawal,Android,489
3794,1005,2026-04-18,Login,Android,288
3795,1083,2025-11-16,View_Portfolio,iOS,512
3796,1328,2026-03-22,Deposit,iOS,566
3797,1383,2025-10-16,Deposit,Web,128
3798,1037,2026-04-10,Deposit,iOS,301
3799,1479,2026-04-21,View_Statement,iOS,567
3800,1027,2026-01-25,View_Portfolio,iOS,279
3801,1013,2025-12-21,Login,iOS,436
3802,1490,2026-04-29,View_Portfolio,Android,342
3803,1390,2025-08-29,Deposit,Android,454
3804,1065,2026-04-07,View_Portfolio,iOS,346
3805,1414,2026-03-25,Login,iOS,374
3806,1203,2026-04-22,Login,iOS,213
3807,1180,2025-06-15,Deposit,Android,556
3808,1297,2025-10-20,Withdrawal,Android,269
3809,1479,2026-05-04,Login,Web,218
3810,1464,2026-03-29,Login,Android,478
3811,1271,2026-04-15,Withdrawal,Android,347
3812,1389,2026-03-13,Login,Android,312
3813,1015,2025-09-04,Login,iOS,112
3814,1001,2026-04-16,View_Portfolio,Android,82
3815,1271,2026-03-14,View_Portfolio,iOS,87
3816,1484,2026-02-03,Withdrawal,Android,191
3817,1444,2026-03-30,Deposit,iOS,511
3818,1048,2026-03-09,Login,iOS,453
3819,1182,2026-05-04,View_Portfolio,Android,572
3820,1487,2026-04-10,Login,Android,97
3821,1183,2026-03-24,Login,Android,172
3822,1328,2026-04-25,Login,Android,281
3823,1373,2025-08-17,Withdrawal,iOS,244
3824,1214,2025-10-31,Deposit,Web,77
3825,1027,2025-10-24,View_Statement,iOS,268
3826,1226,2025-08-11,Login,iOS,491
3827,1158,2026-05-04,View_Portfolio,iOS,71
3828,1460,2026-04-01,Deposit,Android,344
3829,1060,2026-03-28,Login,iOS,40
3830,1066,2026-03-27,Deposit,iOS,138
3831,1174,2026-01-17,View_Portfolio,iOS,327
3832,1499,2026-02-07,Deposit,Android,170
3833,1052,2026-02-22,Login,Android,510
3834,1486,2026-01-07,View_Statement,Android,202
3835,1470,2026-03-29,Login,Web,153
3836,1243,2026-03-05,View_Statement,Web,430
3837,1337,2026-03-12,View_Portfolio,iOS,573
3838,1291,2026-04-18,Withdrawal,Android,251
3839,1244,2025-11-13,Login,Android,44
3840,1121,2026-01-04,Deposit,iOS,81
3841,1042,2025-11-28,Deposit,iOS,364
3842,1184,2026-03-01,Login,Android,380
3843,1045,2026-03-14,Login,Android,139
3844,1052,2026-02-28,Login,Android,437
3845,1151,2026-01-18,Login,iOS,446
3846,1413,2025-09-25,Login,Web,91
3847,1029,2026-04-19,Login,Android,595
3848,1057,2026-03-15,View_Portfolio,Web,341
3849,1498,2026-02-08,Withdrawal,iOS,368
3850,1275,2026-03-11,View_Statement,Android,195
3851,1209,2026-03-03,Login,Android,287
3852,1008,2026-04-20,View_Portfolio,iOS,562
3853,1434,2026-01-03,Deposit,iOS,526
3854,1391,2026-04-06,Deposit,iOS,95
3855,1247,2025-07-16,Deposit,Web,231
3856,1395,2026-04-23,View_Portfolio,Android,119
3857,1195,2026-03-19,Login,iOS,452
3858,1322,2026-02-14,Login,Android,31
3859,1339,2026-01-24,Login,Android,581
3860,1412,2026-03-21,Login,iOS,495
3861,1440,2026-01-03,Deposit,Web,381
3862,1028,2026-02-16,Deposit,Android,183
3863,1345,2026-04-01,Withdrawal,iOS,144
3864,1331,2025-08-16,Login,Android,289
3865,1296,2026-04-07,Withdrawal,Android,145
3866,1235,2025-08-02,Login,iOS,277
3867,1130,2026-03-25,Login,Web,403
3868,1076,2026-03-25,Withdrawal,Android,404
3869,1445,2026-01-25,Withdrawal,Android,239
3870,1233,2025-11-26,Deposit,iOS,53
3871,1230,2026-02-11,Login,iOS,544
3872,1332,2026-02-12,View_Statement,iOS,287
3873,1370,2025-09-28,View_Portfolio,iOS,31
3874,1409,2025-10-18,Deposit,Web,48
3875,1485,2026-02-26,View_Statement,Web,65
3876,1351,2026-03-04,Login,iOS,133
3877,1310,2025-09-05,Deposit,Android,44
3878,1401,2025-10-25,View_Statement,iOS,281
3879,1432,2026-05-04,Deposit,iOS,406
3880,1396,2026-03-31,Deposit,iOS,31
3881,1189,2026-04-13,Login,iOS,18
3882,1478,2026-03-16,Login,iOS,591
3883,1002,2025-09-09,Login,iOS,402
3884,1336,2026-01-13,Deposit,Android,27
3885,1065,2026-04-19,Login,iOS,253
3886,1052,2026-03-21,Login,iOS,246
3887,1034,2026-05-01,Deposit,Web,303
3888,1301,2025-12-25,Withdrawal,iOS,60
3889,1240,2026-01-08,Withdrawal,Android,38
3890,1129,2025-08-23,View_Portfolio,iOS,89
3891,1243,2026-03-24,Deposit,Android,397
3892,1356,2026-05-01,Login,iOS,173
3893,1308,2026-04-21,Withdrawal,Android,41
3894,1323,2025-12-17,Login,Android,233
3895,1098,2026-04-25,Deposit,iOS,279
3896,1076,2026-01-22,Deposit,iOS,233
3897,1312,2026-04-15,Deposit,Android,291
3898,1442,2025-10-19,Login,iOS,124
3899,1365,2026-03-18,Login,iOS,284
3900,1219,2026-03-08,Deposit,iOS,139
3901,1306,2026-03-08,Login,iOS,121
3902,1101,2025-06-17,View_Statement,iOS,221
3903,1119,2025-06-16,View_Statement,Android,215
3904,1409,2026-04-05,Deposit,iOS,238
3905,1140,2025-10-16,View_Statement,Android,134
3906,1371,2025-08-27,View_Portfolio,Android,146
3907,1225,2025-06-03,Login,Web,272
3908,1255,2026-02-01,Deposit,iOS,365
3909,1073,2025-07-11,Login,Android,517
3910,1449,2025-12-19,Withdrawal,Android,216
3911,1312,2026-04-21,Login,Web,515
3912,1306,2025-12-02,View_Portfolio,Web,564
3913,1471,2026-03-17,Deposit,Android,111
3914,1156,2025-11-05,Login,Android,462
3915,1259,2025-12-13,View_Portfolio,iOS,223
3916,1422,2025-07-31,View_Portfolio,iOS,335
3917,1064,2026-04-02,View_Portfolio,Android,502
3918,1310,2026-02-20,View_Portfolio,iOS,310
3919,1036,2025-11-07,Withdrawal,iOS,363
3920,1248,2026-02-16,Login,Web,267
3921,1428,2026-03-16,Login,Web,402
3922,1044,2026-04-22,Login,iOS,413
3923,1453,2026-01-16,Login,Web,197
3924,1119,2026-03-26,Login,Web,369
3925,1349,2026-04-04,Deposit,Android,286
3926,1181,2026-02-20,Login,iOS,574
3927,1397,2026-04-15,Login,Web,493
3928,1428,2026-04-28,Withdrawal,iOS,379
3929,1388,2025-11-04,Login,Android,345
3930,1070,2026-03-17,Login,iOS,360
3931,1435,2026-04-27,Deposit,Android,163
3932,1358,2026-04-18,Login,iOS,208
3933,1454,2025-12-12,View_Statement,Android,155
3934,1267,2025-12-02,Withdrawal,Android,164
3935,1219,2025-11-14,Deposit,iOS,83
3936,1438,2026-04-08,Login,Android,104
3937,1366,2026-04-16,Login,Web,345
3938,1190,2026-03-31,Withdrawal,Web,284
3939,1256,2025-12-25,View_Statement,Web,323
3940,1187,2026-02-17,Deposit,Android,506
3941,1227,2026-05-03,Withdrawal,Android,301
3942,1061,2026-02-22,Login,iOS,89
3943,1168,2025-10-30,Deposit,iOS,118
3944,1132,2026-04-26,Login,iOS,525
3945,1155,2026-04-16,Login,iOS,133
3946,1272,2026-05-04,Deposit,iOS,290
3947,1210,2026-01-06,Login,Android,416
3948,1007,2025-10-01,Withdrawal,iOS,589
3949,1011,2025-08-09,View_Statement,iOS,66
3950,1200,2026-04-12,Login,iOS,334
3951,1251,2026-04-25,Login,iOS,547
3952,1064,2026-03-02,Login,Web,100
3953,1180,2025-06-29,Login,Android,13
3954,1128,2026-04-11,Deposit,Android,542
3955,1262,2025-11-13,Login,iOS,468
3956,1120,2025-10-29,Deposit,Android,424
3957,1048,2026-04-02,Withdrawal,Android,218
3958,1069,2026-01-27,Login,iOS,272
3959,1377,2026-01-12,Withdrawal,Web,124
3960,1262,2025-09-14,View_Statement,Web,406
3961,1230,2025-12-01,Login,Web,320
3962,1252,2026-01-13,Deposit,iOS,530
3963,1445,2026-01-10,Deposit,Android,118
3964,1450,2025-09-20,Withdrawal,iOS,295
3965,1479,2026-04-23,Login,Android,481
3966,1231,2026-01-03,View_Portfolio,Web,377
3967,1224,2026-03-10,Deposit,iOS,115
3968,1457,2026-01-06,Deposit,iOS,461
3969,1207,2025-08-20,Withdrawal,iOS,70
3970,1341,2026-01-30,View_Statement,Android,76
3971,1366,2026-04-11,View_Portfolio,Android,382
3972,1437,2026-04-24,View_Statement,Android,256
3973,1028,2026-05-02,Login,Android,447
3974,1365,2025-07-09,Login,Android,432
3975,1219,2026-01-25,Deposit,Web,286
3976,1389,2026-01-10,Login,iOS,277
3977,1337,2026-04-02,Withdrawal,iOS,347
3978,1101,2025-07-01,Login,Web,462
3979,1058,2025-09-18,Deposit,iOS,198
3980,1024,2026-02-14,Withdrawal,iOS,424
3981,1415,2025-09-08,Deposit,Web,256
3982,1227,2026-04-05,Login,Android,543
3983,1169,2026-03-15,View_Portfolio,Android,368
3984,1489,2026-05-03,View_Portfolio,iOS,246
3985,1246,2026-04-20,Deposit,Web,526
3986,1324,2025-08-15,Withdrawal,iOS,93
3987,1212,2026-02-11,Deposit,iOS,345
3988,1363,2026-04-16,Login,Web,72
3989,1465,2026-04-22,Login,iOS,213
3990,1430,2026-03-30,View_Portfolio,Android,271
3991,1266,2026-03-21,Login,Android,263
3992,1421,2026-04-04,Withdrawal,iOS,480
3993,1405,2025-09-21,Login,Android,73
3994,1021,2025-12-13,View_Portfolio,Android,263
3995,1124,2026-02-23,Login,iOS,418
3996,1369,2025-05-27,Deposit,Android,62
3997,1464,2026-03-05,View_Portfolio,iOS,393
3998,1097,2026-05-02,Withdrawal,Android,107
3999,1138,2026-03-03,Withdrawal,Android,134
4000,1492,2026-03-05,Deposit,Android,113
4001,1338,2026-02-12,Deposit,Web,541
4002,1353,2026-01-08,Login,iOS,457
4003,1093,2025-10-22,Login,iOS,268
4004,1095,2026-04-03,Withdrawal,iOS,245
4005,1024,2026-01-25,View_Statement,Android,397
4006,1380,2026-04-08,Deposit,iOS,171
4007,1396,2025-12-30,Withdrawal,Android,222
4008,1404,2026-01-15,Withdrawal,iOS,437
4009,1454,2025-12-04,View_Statement,Web,435
4010,1136,2026-04-24,View_Portfolio,Android,195
4011,1334,2025-11-01,Deposit,iOS,573
4012,1133,2026-01-30,Login,Android,461
4013,1054,2026-04-09,Login,Android,149
4014,1292,2026-05-02,Login,Web,572
4015,1112,2025-10-11,View_Portfolio,Android,94
4016,1422,2026-04-11,Deposit,iOS,120
4017,1131,2025-10-30,Deposit,Web,144
4018,1420,2025-12-07,View_Statement,iOS,124
4019,1278,2025-09-04,View_Portfolio,Android,199
4020,1264,2026-01-24,View_Portfolio,Android,452
4021,1445,2026-04-12,Login,iOS,49
4022,1382,2026-04-12,Login,Web,443
4023,1078,2025-09-15,Login,iOS,119
4024,1263,2025-11-16,Withdrawal,iOS,546
4025,1068,2025-11-11,Deposit,iOS,364
4026,1062,2026-04-06,Login,Web,565
4027,1403,2026-01-13,Withdrawal,iOS,10
4028,1363,2026-01-16,Login,iOS,437
4029,1175,2026-04-26,Deposit,iOS,323
4030,1280,2025-12-18,Withdrawal,iOS,310
4031,1464,2026-02-02,Deposit,Android,451
4032,1390,2026-05-02,View_Statement,iOS,172
4033,1236,2026-04-04,Deposit,iOS,563
4034,1136,2026-04-25,Login,iOS,11
4035,1409,2026-02-14,Login,Android,172
4036,1224,2025-11-17,Deposit,iOS,287
4037,1089,2026-03-14,View_Portfolio,Android,41
4038,1458,2026-04-22,View_Statement,iOS,107
4039,1107,2026-02-11,View_Statement,Web,238
4040,1041,2025-12-31,Deposit,iOS,378
4041,1186,2026-05-01,Deposit,Android,480
4042,1465,2026-04-23,Deposit,Android,380
4043,1188,2025-11-23,Deposit,Web,111
4044,1366,2026-04-01,Login,Android,211
4045,1387,2025-11-03,Login,iOS,180
4046,1009,2026-04-03,Deposit,iOS,528
4047,1180,2025-08-16,Login,iOS,254
4048,1186,2026-03-17,View_Portfolio,Web,598
4049,1444,2026-04-28,View_Portfolio,iOS,145
4050,1082,2026-04-17,Deposit,Android,480
4051,1177,2026-05-01,Login,iOS,109
4052,1094,2026-04-18,Deposit,Web,16
4053,1389,2026-03-22,Deposit,Android,405
4054,1446,2026-04-27,Deposit,iOS,488
4055,1116,2026-03-26,Withdrawal,Android,468
4056,1160,2025-11-09,View_Portfolio,iOS,163
4057,1245,2026-02-20,View_Portfolio,Android,14
4058,1283,2026-04-25,Deposit,Web,301
4059,1213,2026-05-03,Login,Web,528
4060,1152,2026-03-10,Deposit,iOS,432
4061,1166,2025-08-31,View_Statement,iOS,307
4062,1451,2026-01-17,View_Portfolio,Android,263
4063,1400,2026-01-20,Login,Android,365
4064,1143,2026-01-30,View_Portfolio,iOS,191
4065,1025,2026-03-14,Login,Android,271
4066,1200,2025-10-24,Deposit,iOS,74
4067,1233,2025-09-18,View_Portfolio,Android,11
4068,1004,2026-02-14,Deposit,Android,588
4069,1288,2026-01-07,Deposit,Android,112
4070,1173,2026-04-04,Login,iOS,279
4071,1184,2026-03-31,Login,Web,258
4072,1251,2026-04-27,View_Portfolio,iOS,354
4073,1291,2026-04-14,View_Portfolio,iOS,137
4074,1437,2026-05-03,View_Portfolio,iOS,216
4075,1286,2026-02-26,Login,iOS,505
4076,1359,2026-03-10,View_Portfolio,iOS,417
4077,1112,2026-03-07,Login,Android,562
4078,1305,2025-08-15,Login,Android,259
4079,1350,2026-04-06,Deposit,Android,319
4080,1465,2026-04-05,Deposit,Web,115
4081,1339,2025-11-23,Login,Web,355
4082,1436,2025-12-30,Login,iOS,411
4083,1479,2026-04-26,Deposit,iOS,539
4084,1465,2026-04-05,Login,Android,156
4085,1130,2026-01-07,Login,Android,490
4086,1187,2025-10-14,Deposit,iOS,105
4087,1421,2025-12-18,Login,Android,98
4088,1496,2026-01-26,Deposit,Android,224
4089,1029,2026-04-16,View_Statement,Web,158
4090,1158,2026-04-05,Login,Android,180
4091,1374,2026-03-05,View_Statement,Android,323
4092,1235,2025-07-24,Login,Android,44
4093,1278,2026-02-07,Login,iOS,364
4094,1102,2026-05-03,Withdrawal,Android,317
4095,1459,2026-03-30,Withdrawal,Android,248
4096,1225,2025-12-14,Deposit,iOS,243
4097,1275,2026-04-11,Login,Android,220
4098,1323,2025-05-24,View_Portfolio,iOS,147
4099,1232,2026-04-22,View_Statement,Android,569
4100,1342,2026-01-02,View_Statement,iOS,495
4101,1274,2026-05-01,Deposit,iOS,264
4102,1365,2025-12-06,Withdrawal,iOS,376
4103,1478,2026-03-05,View_Portfolio,iOS,269
4104,1449,2026-04-26,View_Portfolio,iOS,85
4105,1468,2026-02-18,View_Statement,iOS,453
4106,1113,2026-05-01,View_Portfolio,iOS,483
4107,1389,2025-12-23,Withdrawal,Web,180
4108,1460,2026-04-14,Login,Web,38
4109,1139,2026-04-18,Deposit,Android,511
4110,1216,2026-03-06,View_Portfolio,iOS,167
4111,1314,2025-12-12,Login,Android,550
4112,1274,2026-03-07,Login,iOS,484
4113,1328,2026-04-16,Login,Web,216
4114,1349,2026-05-04,View_Statement,Android,493
4115,1184,2026-02-18,View_Portfolio,iOS,357
4116,1406,2025-09-29,Login,iOS,473
4117,1312,2026-04-09,Login,Android,456
4118,1493,2025-11-06,Withdrawal,iOS,145
4119,1194,2026-04-10,Deposit,iOS,385
4120,1279,2026-01-16,Login,Android,506
4121,1272,2026-05-01,View_Statement,iOS,361
4122,1300,2026-04-27,Deposit,Android,97
4123,1072,2026-01-23,Withdrawal,Web,398
4124,1196,2026-02-28,View_Portfolio,iOS,156
4125,1270,2026-01-27,Login,iOS,84
4126,1393,2025-10-21,Deposit,Web,90
4127,1331,2025-08-09,Deposit,iOS,165
4128,1240,2025-10-13,View_Statement,iOS,289
4129,1486,2026-04-06,Login,Web,175
4130,1108,2026-04-04,View_Portfolio,iOS,213
4131,1499,2026-04-14,Deposit,iOS,569
4132,1400,2026-02-16,View_Portfolio,iOS,213
4133,1397,2026-03-31,View_Portfolio,Web,483
4134,1292,2026-05-03,Login,Android,382
4135,1300,2026-04-25,Login,Android,175
4136,1100,2026-02-20,Login,iOS,241
4137,1081,2026-02-10,Deposit,iOS,117
4138,1270,2025-06-25,View_Statement,Web,442
4139,1349,2026-04-20,Login,Android,230
4140,1017,2026-03-05,Deposit,iOS,516
4141,1193,2026-04-26,View_Portfolio,Web,255
4142,1212,2026-04-28,View_Statement,Web,367
4143,1353,2026-01-05,Withdrawal,Android,547
4144,1126,2026-02-19,View_Portfolio,Web,551
4145,1310,2025-10-20,Login,iOS,133
4146,1126,2026-04-23,Login,Android,293
4147,1130,2026-05-02,Login,iOS,159
4148,1145,2026-04-28,Deposit,Android,393
4149,1256,2025-12-10,Deposit,Web,469
4150,1023,2026-04-27,Login,Android,412
4151,1214,2025-11-23,Login,Android,93
4152,1129,2025-08-27,Login,iOS,57
4153,1012,2025-09-14,Login,Android,523
4154,1141,2026-02-13,View_Statement,iOS,475
4155,1462,2025-10-01,View_Statement,iOS,350
4156,1458,2026-04-26,Login,Android,398
4157,1268,2026-01-31,Login,Android,337
4158,1057,2026-01-30,View_Portfolio,iOS,564
4159,1086,2026-03-10,Login,Android,110
4160,1274,2026-02-24,View_Statement,Android,549
4161,1103,2026-04-03,Login,Android,595
4162,1339,2025-10-28,Deposit,iOS,15
4163,1350,2026-04-25,View_Portfolio,Android,541
4164,1143,2025-09-10,Login,Android,589
4165,1423,2025-07-31,Login,Android,552
4166,1334,2025-10-10,View_Portfolio,Android,187
4167,1329,2026-04-07,View_Statement,Android,477
4168,1453,2025-07-16,Withdrawal,Web,52
4169,1417,2025-11-17,View_Portfolio,Web,569
4170,1176,2026-04-24,View_Statement,Android,126
4171,1133,2026-01-19,Login,iOS,488
4172,1344,2025-08-04,Login,iOS,258
4173,1264,2026-04-21,Login,Android,48
4174,1147,2026-04-04,Login,iOS,402
4175,1436,2025-11-18,Withdrawal,iOS,170
4176,1012,2026-04-24,Login,Web,239
4177,1328,2026-04-13,Login,Android,180
4178,1392,2025-06-18,Login,iOS,346
4179,1055,2026-03-17,Login,Web,466
4180,1230,2026-02-19,Login,Android,403
4181,1468,2026-03-23,Login,Android,155
4182,1122,2026-05-04,View_Portfolio,iOS,274
4183,1349,2026-04-05,View_Portfolio,Android,258
4184,1233,2026-01-02,View_Portfolio,Android,534
4185,1162,2025-12-19,View_Portfolio,Android,107
4186,1082,2025-09-27,View_Statement,iOS,397
4187,1449,2026-01-28,Login,Android,564
4188,1459,2026-04-17,View_Statement,Android,168
4189,1047,2026-04-30,Deposit,Web,484
4190,1364,2026-04-06,Login,Android,498
4191,1291,2026-04-24,Withdrawal,iOS,34
4192,1499,2025-10-11,Login,iOS,225
4193,1500,2026-02-19,Login,Android,85
4194,1160,2025-12-11,Login,Android,282
4195,1179,2025-11-03,Deposit,iOS,535
4196,1362,2025-11-25,View_Portfolio,iOS,77
4197,1208,2026-03-13,Login,iOS,78
4198,1390,2026-01-11,View_Portfolio,iOS,534
4199,1393,2026-04-18,Login,iOS,94
4200,1040,2026-04-19,Login,Web,279
4201,1214,2025-12-18,Login,Android,146
4202,1432,2026-03-12,View_Portfolio,Web,309
4203,1456,2026-03-04,View_Statement,Web,548
4204,1352,2025-09-11,Login,Android,178
4205,1154,2025-12-18,View_Statement,Android,577
4206,1338,2026-01-29,View_Portfolio,Web,359
4207,1293,2026-04-01,Login,iOS,565
4208,1436,2026-03-31,Deposit,iOS,19
4209,1396,2026-01-16,View_Portfolio,iOS,425
4210,1166,2025-08-04,Deposit,iOS,591
4211,1482,2025-12-23,Deposit,iOS,291
4212,1452,2025-10-01,Deposit,iOS,562
4213,1272,2026-04-26,Login,iOS,23
4214,1445,2025-10-02,Login,Android,310
4215,1024,2026-03-10,Deposit,Android,163
4216,1462,2025-09-03,View_Portfolio,Android,16
4217,1401,2025-11-15,View_Portfolio,iOS,237
4218,1115,2026-01-09,Deposit,iOS,203
4219,1351,2026-04-12,Login,iOS,294
4220,1260,2026-03-21,Login,Android,385
4221,1306,2025-10-19,View_Portfolio,Android,241
4222,1364,2025-09-22,Deposit,iOS,128
4223,1226,2025-07-05,Deposit,iOS,253
4224,1102,2025-12-03,Login,iOS,274
4225,1486,2026-02-08,Login,iOS,385
4226,1131,2026-02-14,Login,iOS,478
4227,1264,2026-02-02,View_Portfolio,iOS,108
4228,1012,2025-11-04,Deposit,iOS,167
4229,1419,2026-04-23,Deposit,Web,86
4230,1322,2025-08-25,View_Statement,Web,404
4231,1181,2026-01-16,Login,Android,290
4232,1349,2026-04-23,Login,Android,221
4233,1471,2026-02-23,Login,iOS,598
4234,1161,2026-03-12,Deposit,iOS,364
4235,1114,2026-05-03,View_Portfolio,iOS,575
4236,1018,2026-03-21,View_Portfolio,Android,290
4237,1104,2025-10-06,Deposit,Web,481
4238,1186,2026-03-29,Withdrawal,iOS,573
4239,1342,2025-12-23,View_Portfolio,iOS,125
4240,1462,2026-05-02,Deposit,Android,506
4241,1093,2026-04-24,Login,iOS,222
4242,1301,2025-10-14,Withdrawal,Android,185
4243,1143,2026-04-09,View_Portfolio,Android,272
4244,1143,2025-09-17,Deposit,iOS,94
4245,1301,2025-10-31,Login,Android,574
4246,1452,2025-11-16,Login,iOS,346
4247,1100,2025-11-25,Deposit,iOS,589
4248,1453,2026-03-15,Login,Web,182
4249,1451,2025-10-25,Deposit,iOS,283
4250,1460,2026-04-23,Login,iOS,569
4251,1062,2026-05-04,Deposit,iOS,90
4252,1084,2025-11-11,Login,iOS,242
4253,1428,2026-03-21,View_Statement,iOS,282
4254,1276,2026-01-21,Login,iOS,547
4255,1167,2025-12-21,Deposit,Android,433
4256,1295,2026-04-09,Login,iOS,570
4257,1129,2025-08-22,Login,Android,201
4258,1364,2026-02-08,Withdrawal,iOS,182
4259,1067,2026-04-06,Login,Android,134
4260,1047,2026-04-27,Deposit,iOS,267
4261,1457,2026-01-24,Login,iOS,64
4262,1374,2026-03-06,Deposit,iOS,161
4263,1310,2025-09-10,Withdrawal,Android,433
4264,1148,2025-11-21,View_Statement,iOS,473
4265,1250,2026-05-03,Deposit,iOS,203
4266,1137,2026-04-16,View_Portfolio,iOS,275
4267,1095,2026-02-26,View_Portfolio,Android,262
4268,1238,2026-02-10,Login,Web,12
4269,1284,2026-04-28,View_Portfolio,iOS,257
4270,1320,2026-03-18,Deposit,Android,146
4271,1035,2025-11-09,Login,iOS,220
4272,1296,2025-09-02,View_Statement,Web,250
4273,1381,2025-07-30,Login,Android,196
4274,1358,2026-05-01,Deposit,iOS,416
4275,1492,2026-01-30,Deposit,iOS,532
4276,1258,2025-12-23,Deposit,iOS,550
4277,1387,2025-11-20,Withdrawal,Android,112
4278,1270,2026-03-10,Login,iOS,528
4279,1465,2026-05-01,Login,Android,175
4280,1355,2026-02-26,Login,Android,13
4281,1324,2025-08-25,Login,iOS,275
4282,1047,2026-04-18,View_Portfolio,Android,575
4283,1094,2026-04-17,View_Portfolio,Web,261
4284,1182,2026-04-26,Deposit,iOS,257
4285,1442,2025-09-26,Login,Android,481
4286,1190,2026-04-22,Deposit,iOS,508
4287,1487,2026-04-24,Login,iOS,275
4288,1051,2025-12-27,View_Portfolio,Web,245
4289,1206,2025-10-06,Login,Android,562
4290,1304,2025-11-12,Deposit,Android,193
4291,1411,2025-11-26,Deposit,iOS,490
4292,1333,2025-07-23,View_Statement,iOS,541
4293,1439,2026-04-21,Login,iOS,351
4294,1125,2026-03-30,Login,Android,25
4295,1212,2026-03-29,View_Statement,Android,107
4296,1369,2025-11-28,Deposit,iOS,524
4297,1433,2026-04-22,Withdrawal,iOS,351
4298,1408,2025-12-01,View_Portfolio,Android,579
4299,1266,2025-12-29,Login,Web,396
4300,1135,2026-04-14,Login,Android,554
4301,1372,2025-07-07,Login,Android,432
4302,1273,2026-02-22,View_Portfolio,Android,435
4303,1278,2025-09-15,View_Portfolio,iOS,229
4304,1315,2025-08-23,Withdrawal,iOS,293
4305,1300,2026-04-21,Deposit,Android,232
4306,1267,2025-10-23,Login,Android,346
4307,1298,2025-07-07,Deposit,Android,87
4308,1279,2026-04-12,View_Statement,iOS,173
4309,1374,2026-03-16,View_Portfolio,iOS,234
4310,1444,2026-01-09,Login,Android,286
4311,1214,2025-10-01,Login,Android,46
4312,1488,2025-08-05,View_Portfolio,iOS,371
4313,1062,2026-04-28,Deposit,Android,466
4314,1367,2026-04-25,Deposit,Android,539
4315,1054,2026-04-22,Deposit,iOS,206
4316,1338,2026-02-18,Login,iOS,85
4317,1375,2026-04-05,Login,Android,321
4318,1365,2025-07-19,Login,Android,523
4319,1474,2026-04-20,Login,iOS,281
4320,1112,2026-02-20,Login,Web,108
4321,1478,2026-04-27,Login,iOS,93
4322,1269,2026-05-02,Login,iOS,299
4323,1324,2025-10-24,Login,iOS,107
4324,1107,2025-07-02,Login,Android,541
4325,1283,2026-04-16,Deposit,Android,597
4326,1371,2025-09-09,View_Statement,Android,246
4327,1168,2025-08-14,Login,iOS,380
4328,1074,2026-04-14,Login,Android,160
4329,1236,2026-04-05,Login,iOS,298
4330,1092,2026-02-26,View_Portfolio,Web,60
4331,1085,2025-09-26,Login,iOS,461
4332,1372,2025-08-01,Login,iOS,57
4333,1075,2026-01-05,View_Statement,Web,392
4334,1084,2025-10-30,Login,Android,88
4335,1245,2026-01-26,View_Statement,iOS,340
4336,1228,2026-04-03,View_Portfolio,iOS,334
4337,1083,2026-02-22,Withdrawal,Android,201
4338,1500,2026-04-17,Deposit,iOS,369
4339,1394,2026-03-04,Login,iOS,53
4340,1015,2025-10-22,Withdrawal,iOS,542
4341,1493,2025-10-13,Login,Android,226
4342,1301,2025-12-22,Deposit,Web,65
4343,1181,2026-01-09,Login,Web,20
4344,1338,2026-01-12,Login,Web,366
4345,1263,2025-10-10,Deposit,iOS,488
4346,1414,2026-02-13,Deposit,Android,578
4347,1078,2025-10-22,Login,Android,114
4348,1229,2026-03-19,Deposit,Android,559
4349,1233,2025-11-29,Withdrawal,Android,16
4350,1030,2025-10-23,Deposit,Android,53
4351,1374,2026-03-07,Deposit,iOS,203
4352,1155,2026-04-22,Withdrawal,Web,257
4353,1305,2025-10-12,View_Portfolio,Android,46
4354,1185,2026-04-28,Deposit,Android,322
4355,1448,2026-02-01,View_Statement,Web,582
4356,1357,2026-01-08,Login,Android,593
4357,1447,2025-12-15,Login,Android,86
4358,1432,2025-12-22,Withdrawal,Android,272
4359,1255,2026-01-26,Login,Android,434
4360,1169,2026-03-10,View_Portfolio,iOS,215
4361,1081,2025-12-23,Login,Android,103
4362,1286,2026-03-04,Withdrawal,Web,195
4363,1210,2026-02-08,Deposit,Web,127
4364,1259,2026-04-24,Login,iOS,56
4365,1476,2026-04-07,Withdrawal,iOS,136
4366,1037,2026-04-22,View_Portfolio,Android,87
4367,1286,2026-03-02,View_Statement,Web,525
4368,1054,2026-04-08,Deposit,Android,338
4369,1469,2026-03-24,Deposit,iOS,362
4370,1369,2025-06-12,View_Portfolio,Android,579
4371,1212,2026-02-18,Login,iOS,197
4372,1342,2026-03-29,Login,Android,239
4373,1484,2026-03-25,Login,iOS,330
4374,1100,2025-12-19,View_Statement,iOS,495
4375,1085,2025-10-01,Login,Android,381
4376,1472,2026-01-23,View_Portfolio,iOS,87
4377,1213,2026-05-03,Deposit,iOS,465
4378,1391,2026-03-24,Login,iOS,528
4379,1264,2026-01-17,View_Statement,iOS,202
4380,1470,2025-10-19,Deposit,iOS,595
4381,1086,2026-02-06,Deposit,iOS,428
4382,1063,2026-04-22,Login,iOS,427
4383,1447,2026-04-14,Login,iOS,415
4384,1192,2025-09-05,Withdrawal,iOS,430
4385,1414,2025-11-03,Login,iOS,325
4386,1482,2026-01-13,Deposit,Android,21
4387,1093,2025-12-16,Login,iOS,388
4388,1253,2026-04-12,View_Portfolio,Android,301
4389,1138,2026-02-01,Withdrawal,Android,90
4390,1453,2026-02-19,View_Portfolio,Android,47
4391,1049,2026-01-04,Login,iOS,209
4392,1121,2026-05-03,Deposit,iOS,281
4393,1039,2025-12-13,Login,iOS,581
4394,1034,2026-04-06,Login,Android,524
4395,1358,2026-04-29,Login,Android,131
4396,1266,2026-03-19,View_Statement,Android,237
4397,1009,2026-03-13,View_Statement,Android,554
4398,1188,2026-04-29,Deposit,Web,335
4399,1096,2025-12-16,Deposit,Web,283
4400,1133,2026-02-24,Deposit,Android,269
4401,1163,2026-05-02,Login,iOS,181
4402,1139,2026-04-22,View_Portfolio,Web,247
4403,1298,2025-08-27,Withdrawal,Android,357
4404,1080,2025-10-20,Deposit,Android,380
4405,1091,2026-01-17,View_Portfolio,iOS,555
4406,1256,2025-12-24,View_Statement,iOS,122
4407,1148,2025-09-26,Login,Android,174
4408,1179,2025-12-03,Deposit,iOS,490
4409,1257,2025-12-13,View_Statement,iOS,409
4410,1218,2026-04-30,Withdrawal,Android,197
4411,1267,2025-09-14,View_Portfolio,iOS,117
4412,1317,2025-11-29,Login,iOS,218
4413,1079,2026-03-13,Login,Android,43
4414,1167,2026-02-14,Login,iOS,67
4415,1104,2026-02-27,Login,iOS,313
4416,1304,2025-09-29,View_Portfolio,iOS,81
4417,1338,2026-04-18,Deposit,Web,589
4418,1472,2026-03-03,View_Statement,iOS,268
4419,1284,2026-03-27,Login,Android,32
4420,1345,2026-04-28,Login,iOS,92
4421,1215,2026-01-10,Login,iOS,10
4422,1075,2026-03-28,Login,iOS,376
4423,1225,2025-10-03,Deposit,Web,14
4424,1336,2026-01-22,Login,iOS,78
4425,1292,2026-05-02,Login,Android,209
4426,1343,2026-04-25,View_Portfolio,Android,597
4427,1070,2026-04-12,Login,Android,516
4428,1363,2026-03-01,Login,Android,247
4429,1190,2026-04-03,Deposit,iOS,294
4430,1472,2026-04-28,Withdrawal,Android,244
4431,1486,2026-02-21,View_Statement,Web,384
4432,1106,2026-03-21,Withdrawal,Android,394
4433,1070,2026-04-19,View_Statement,iOS,580
4434,1010,2026-04-24,Login,iOS,234
4435,1214,2025-11-30,Login,iOS,458
4436,1471,2026-03-13,View_Portfolio,Android,211
4437,1005,2026-01-03,View_Portfolio,iOS,219
4438,1028,2026-04-17,Withdrawal,iOS,31
4439,1315,2026-01-02,Deposit,iOS,510
4440,1393,2025-11-23,Login,iOS,552
4441,1423,2025-08-09,Login,iOS,331
4442,1241,2026-03-02,Login,iOS,224
4443,1236,2026-04-11,Login,Web,268
4444,1092,2026-03-29,View_Portfolio,Android,437
4445,1318,2025-09-14,Login,Android,386
4446,1345,2026-04-08,Login,iOS,226
4447,1363,2026-03-24,View_Statement,Android,178
4448,1038,2026-03-14,Deposit,Android,534
4449,1219,2025-11-26,Login,iOS,531
4450,1152,2026-04-18,Withdrawal,Web,583
4451,1192,2026-04-05,View_Portfolio,Android,399
4452,1121,2025-10-16,Login,Web,462
4453,1491,2026-04-26,View_Portfolio,iOS,443
4454,1171,2026-04-10,Login,Android,432
4455,1110,2026-05-04,Withdrawal,iOS,350
4456,1144,2026-01-07,Login,iOS,388
4457,1066,2025-09-29,Deposit,Android,398
4458,1322,2026-04-25,Deposit,iOS,234
4459,1197,2026-01-24,Withdrawal,iOS,588
4460,1046,2026-03-08,Withdrawal,iOS,326
4461,1149,2026-03-30,View_Portfolio,iOS,536
4462,1060,2026-01-19,Login,Android,522
4463,1138,2026-02-16,Withdrawal,Android,339
4464,1490,2026-04-30,Login,Android,281
4465,1402,2025-12-17,Deposit,Web,360
4466,1090,2026-01-27,Deposit,iOS,37
4467,1212,2026-03-16,Login,iOS,46
4468,1169,2026-03-18,Login,iOS,575
4469,1420,2025-11-30,View_Portfolio,iOS,404
4470,1113,2026-05-03,Login,Android,302
4471,1341,2026-03-02,Login,Android,431
4472,1066,2025-12-19,Deposit,iOS,258
4473,1302,2026-04-18,Login,Web,427
4474,1118,2025-06-04,Login,Android,565
4475,1225,2025-11-20,Deposit,iOS,480
4476,1151,2026-02-02,Login,iOS,264
4477,1167,2026-02-19,View_Statement,Web,217
4478,1095,2026-02-23,View_Statement,iOS,193
4479,1260,2026-03-06,Deposit,Web,412
4480,1425,2025-08-02,Login,Android,24
4481,1259,2025-11-12,Deposit,iOS,316
4482,1485,2026-03-20,Login,Android,162
4483,1437,2026-04-23,Login,iOS,213
4484,1120,2026-04-13,Login,Android,371
4485,1074,2025-08-25,Withdrawal,Android,81
4486,1362,2025-10-28,Login,Web,76
4487,1096,2025-11-04,Deposit,Android,181
4488,1292,2026-05-04,Login,iOS,496
4489,1177,2026-04-03,Deposit,iOS,509
4490,1027,2025-08-23,Login,Android,590
4491,1309,2026-02-28,View_Statement,Web,55
4492,1305,2026-05-02,Deposit,iOS,112
4493,1211,2026-04-22,Login,Android,41
4494,1358,2026-04-25,Login,iOS,412
4495,1257,2026-01-16,Login,iOS,548
4496,1474,2026-04-02,Deposit,Android,478
4497,1430,2026-04-01,Login,Android,299
4498,1318,2025-10-17,Deposit,iOS,331
4499,1205,2026-03-16,Login,iOS,126
4500,1355,2026-02-19,View_Portfolio,iOS,361
4501,1066,2026-02-22,Deposit,Android,385
4502,1150,2025-11-10,View_Portfolio,iOS,595
4503,1167,2026-02-28,View_Statement,Android,418
4504,1220,2026-04-11,View_Statement,iOS,572
4505,1300,2026-04-25,Login,Android,170
4506,1258,2025-11-30,View_Portfolio,iOS,479
4507,1203,2026-04-18,Deposit,Web,245
4508,1240,2025-10-18,Deposit,iOS,148
4509,1315,2025-11-30,View_Portfolio,Android,243
4510,1229,2025-10-12,Login,Web,549
4511,1474,2026-04-18,Deposit,iOS,147
4512,1156,2025-12-17,Deposit,Android,283
4513,1218,2026-04-27,Login,Web,142
4514,1465,2026-05-03,View_Portfolio,Android,399
4515,1195,2026-04-26,Login,iOS,347
4516,1270,2026-02-16,Withdrawal,iOS,502
4517,1016,2026-03-30,View_Statement,iOS,199
4518,1241,2026-02-06,Withdrawal,Android,371
4519,1252,2026-04-30,View_Portfolio,iOS,185
4520,1051,2026-01-17,Login,iOS,161
4521,1356,2026-03-03,Deposit,Android,209
4522,1028,2026-02-09,Deposit,Android,503
4523,1476,2026-04-07,Withdrawal,Android,283
4524,1053,2026-04-18,Login,Web,170
4525,1308,2026-04-26,Withdrawal,iOS,530
4526,1116,2026-02-19,Login,Android,20
4527,1409,2026-01-30,Login,iOS,461
4528,1441,2025-11-27,Deposit,iOS,523
4529,1009,2026-04-06,Deposit,Android,411
4530,1011,2025-08-01,View_Statement,Android,366
4531,1485,2026-03-10,Withdrawal,Web,447
4532,1107,2026-04-10,Deposit,Android,20
4533,1301,2025-12-08,Login,iOS,256
4534,1341,2026-01-19,Login,Android,459
4535,1258,2026-02-25,Deposit,iOS,296
4536,1182,2026-04-21,Login,iOS,65
4537,1418,2025-10-31,Withdrawal,iOS,354
4538,1170,2026-04-07,Login,Web,243
4539,1461,2026-02-06,Login,iOS,156
4540,1325,2025-10-21,View_Portfolio,Android,297
4541,1139,2026-04-07,View_Portfolio,iOS,429
4542,1285,2026-03-09,Login,Android,592
4543,1111,2026-04-13,Login,Android,388
4544,1092,2026-04-27,View_Statement,iOS,266
4545,1220,2026-04-04,View_Portfolio,Android,189
4546,1005,2026-01-27,View_Portfolio,Android,171
4547,1020,2026-02-14,Login,Android,130
4548,1101,2025-07-29,Deposit,Web,199
4549,1295,2026-02-13,Login,Web,28
4550,1458,2026-04-28,Login,iOS,408
4551,1416,2026-02-22,Login,iOS,473
4552,1157,2026-04-03,Login,iOS,505
4553,1450,2025-07-09,View_Statement,Android,598
4554,1383,2025-11-22,Deposit,Android,337
4555,1001,2026-04-23,Withdrawal,iOS,34
4556,1212,2026-04-16,View_Statement,iOS,174
4557,1119,2025-12-04,Login,Android,279
4558,1385,2026-01-06,Login,iOS,564
4559,1260,2026-01-14,Login,iOS,309
4560,1399,2025-10-18,View_Portfolio,iOS,477
4561,1175,2026-03-11,Withdrawal,Web,307
4562,1414,2025-12-11,Deposit,iOS,42
4563,1134,2026-05-03,View_Portfolio,Android,385
4564,1102,2026-04-07,Login,Web,537
4565,1385,2026-04-04,Login,iOS,55
4566,1455,2026-04-28,Deposit,Android,525
4567,1062,2026-04-28,View_Portfolio,Web,524
4568,1448,2026-04-08,Login,iOS,359
4569,1389,2026-03-06,Login,Web,284
4570,1054,2026-03-15,Deposit,iOS,356
4571,1305,2025-06-18,Login,iOS,294
4572,1007,2025-09-13,Withdrawal,Android,512
4573,1356,2026-04-10,Deposit,iOS,511
4574,1003,2026-04-14,Deposit,Android,245
4575,1332,2026-01-10,View_Portfolio,iOS,586
4576,1379,2026-01-29,Withdrawal,Android,286
4577,1445,2025-12-06,Login,iOS,192
4578,1335,2025-11-24,Deposit,iOS,532
4579,1468,2026-02-10,Login,Android,429
4580,1425,2025-08-05,View_Portfolio,iOS,48
4581,1149,2026-04-12,Withdrawal,Android,571
4582,1288,2026-04-29,Deposit,Web,29
4583,1012,2026-01-20,View_Portfolio,iOS,500
4584,1485,2026-04-25,Deposit,Web,418
4585,1104,2025-09-02,View_Portfolio,iOS,183
4586,1111,2025-10-12,Login,Web,221
4587,1263,2025-11-05,Login,Web,309
4588,1435,2026-04-01,View_Portfolio,Android,258
4589,1173,2026-04-08,Login,iOS,18
4590,1095,2026-02-28,Withdrawal,Android,382
4591,1321,2026-02-01,Withdrawal,Web,470
4592,1444,2026-02-08,Withdrawal,iOS,47
4593,1203,2026-04-26,View_Portfolio,iOS,479
4594,1045,2025-08-04,Deposit,iOS,133
4595,1034,2026-05-02,View_Portfolio,Android,558
4596,1211,2026-04-21,Deposit,iOS,307
4597,1395,2026-04-14,Deposit,Android,160
4598,1225,2025-11-13,Deposit,iOS,84
4599,1417,2025-12-31,View_Statement,Web,215
4600,1264,2026-01-31,Login,iOS,48
4601,1301,2025-11-01,Withdrawal,Web,485
4602,1456,2026-04-16,Login,iOS,319
4603,1226,2026-01-15,Login,iOS,113
4604,1104,2025-10-06,View_Statement,iOS,164
4605,1475,2026-01-16,Login,iOS,467
4606,1221,2025-09-17,Withdrawal,Android,541
4607,1334,2025-09-26,Deposit,Android,356
4608,1418,2025-09-23,View_Portfolio,Android,438
4609,1301,2025-12-11,View_Portfolio,Web,297
4610,1123,2026-01-17,Login,iOS,297
4611,1485,2026-04-07,Deposit,Web,186
4612,1449,2025-11-13,Login,iOS,312
4613,1457,2026-01-23,Deposit,Android,49
4614,1436,2025-08-31,Withdrawal,iOS,14
4615,1394,2026-04-09,Login,Android,113
4616,1222,2026-03-31,View_Portfolio,iOS,511
4617,1043,2025-12-21,Login,Web,512
4618,1210,2025-11-04,Login,Android,464
4619,1337,2026-02-13,Login,iOS,10
4620,1454,2026-02-08,Login,Web,250
4621,1011,2025-08-15,Deposit,Web,387
4622,1216,2025-07-27,Login,iOS,143
4623,1164,2025-12-10,View_Statement,Web,515
4624,1225,2025-06-22,View_Statement,Android,245
4625,1225,2025-10-23,Deposit,Android,542
4626,1246,2026-04-28,Deposit,iOS,377
4627,1146,2026-05-02,View_Statement,iOS,195
4628,1191,2025-09-30,View_Portfolio,Android,214
4629,1261,2026-03-13,Login,iOS,151
4630,1287,2026-05-01,View_Portfolio,Android,589
4631,1016,2025-11-13,Login,Android,391
4632,1194,2025-12-24,Deposit,Android,143
4633,1009,2026-03-12,Deposit,Android,413
4634,1002,2025-09-11,Withdrawal,Android,544
4635,1293,2026-04-01,Login,iOS,242
4636,1084,2025-09-04,Login,iOS,23
4637,1443,2025-12-24,View_Portfolio,Web,351
4638,1209,2026-03-04,View_Portfolio,Android,369
4639,1058,2025-12-10,Deposit,iOS,382
4640,1473,2026-04-04,Withdrawal,Android,186
4641,1339,2026-03-03,Withdrawal,iOS,272
4642,1106,2026-03-18,Deposit,iOS,109
4643,1136,2026-03-19,Login,iOS,151
4644,1308,2026-04-20,Deposit,Android,541
4645,1331,2026-05-04,View_Statement,iOS,229
4646,1461,2025-11-28,View_Portfolio,Android,322
4647,1077,2025-12-31,Deposit,Web,258
4648,1457,2026-01-23,Login,Web,186
4649,1325,2025-06-20,View_Portfolio,iOS,464
4650,1210,2025-12-21,Deposit,Web,142
4651,1232,2026-01-17,Deposit,Android,439
4652,1125,2026-03-01,Login,Android,530
4653,1180,2025-06-30,View_Portfolio,Web,62
4654,1462,2026-03-02,Login,Android,280
4655,1290,2025-09-18,Deposit,iOS,427
4656,1214,2025-10-12,Deposit,Android,327
4657,1432,2025-12-09,Withdrawal,Android,222
4658,1097,2026-04-25,Deposit,Web,173
4659,1408,2025-11-29,Deposit,Web,80
4660,1249,2025-11-19,Login,Android,235
4661,1221,2026-04-10,Withdrawal,iOS,430
4662,1013,2026-03-17,Login,iOS,434
4663,1306,2026-03-12,Login,iOS,421
4664,1091,2025-11-27,Deposit,iOS,319
4665,1193,2026-04-09,Withdrawal,Android,261
4666,1199,2026-03-18,Withdrawal,Android,167
4667,1260,2026-01-10,Withdrawal,iOS,552
4668,1064,2025-12-26,Login,Android,17
4669,1330,2025-08-18,Login,Android,108
4670,1232,2026-04-30,Login,iOS,237
4671,1227,2025-12-29,Login,Android,195
4672,1167,2025-09-10,Deposit,Android,94
4673,1251,2026-04-25,Login,Android,283
4674,1447,2025-11-12,Deposit,iOS,292
4675,1186,2026-02-25,View_Portfolio,iOS,85
4676,1249,2025-09-01,Withdrawal,iOS,41
4677,1272,2026-04-24,Withdrawal,Web,464
4678,1475,2026-02-10,View_Portfolio,iOS,245
4679,1340,2025-11-18,Login,Android,241
4680,1446,2026-02-27,View_Portfolio,Web,173
4681,1138,2026-02-28,Login,Android,275
4682,1109,2026-02-27,Login,iOS,464
4683,1318,2025-10-29,Login,Android,140
4684,1417,2025-12-16,Login,Android,85
4685,1455,2026-04-15,Deposit,iOS,233
4686,1426,2026-03-26,Login,Android,584
4687,1044,2026-04-01,View_Statement,Android,380
4688,1430,2026-03-25,View_Portfolio,iOS,359
4689,1342,2026-04-26,View_Statement,Web,29
4690,1491,2026-04-23,View_Portfolio,iOS,24
4691,1337,2026-02-24,View_Statement,Android,414
4692,1201,2026-05-02,Login,iOS,412
4693,1378,2026-05-02,Deposit,Android,435
4694,1104,2026-05-01,Login,iOS,503
4695,1458,2026-04-22,Deposit,iOS,341
4696,1484,2026-01-14,View_Portfolio,iOS,282
4697,1479,2026-04-27,Deposit,Android,371
4698,1415,2025-07-23,Login,iOS,21
4699,1389,2025-11-28,Deposit,Android,508
4700,1120,2026-03-19,Login,Android,263
4701,1402,2025-11-27,Withdrawal,iOS,569
4702,1390,2026-04-12,Deposit,Android,219
4703,1362,2025-10-11,View_Portfolio,iOS,36
4704,1434,2026-02-19,View_Statement,Android,457
4705,1383,2025-12-07,Login,Web,126
4706,1028,2026-03-20,View_Statement,iOS,584
4707,1107,2025-09-13,View_Statement,Android,436
4708,1280,2026-03-16,Deposit,Web,207
4709,1453,2025-09-14,View_Portfolio,iOS,165
4710,1028,2026-02-18,Login,Android,135
4711,1186,2026-02-23,View_Statement,Android,166
4712,1195,2025-06-23,Deposit,Android,411
4713,1146,2026-04-30,View_Statement,Android,311
4714,1260,2026-02-21,Login,iOS,503
4715,1360,2026-02-11,View_Portfolio,Android,96
4716,1177,2026-03-13,Deposit,iOS,19
4717,1128,2026-04-09,Login,iOS,548
4718,1384,2026-03-05,View_Statement,Web,283
4719,1106,2026-04-27,Withdrawal,iOS,306
4720,1416,2026-04-11,View_Portfolio,Android,574
4721,1352,2025-09-25,Deposit,iOS,22
4722,1383,2026-04-23,View_Statement,iOS,572
4723,1211,2026-04-04,Withdrawal,Android,305
4724,1349,2026-05-02,Login,iOS,352
4725,1481,2026-02-23,View_Portfolio,iOS,561
4726,1322,2025-12-20,Login,iOS,315
4727,1314,2026-03-15,View_Portfolio,Android,378
4728,1011,2025-08-17,Login,iOS,550
4729,1367,2026-04-12,Deposit,iOS,595
4730,1481,2026-02-04,Withdrawal,Android,159
4731,1489,2026-04-30,Deposit,iOS,232
4732,1360,2026-04-13,Withdrawal,iOS,307
4733,1321,2025-10-19,View_Portfolio,Android,32
4734,1384,2026-03-20,Login,iOS,497
4735,1490,2026-04-03,Deposit,iOS,305
4736,1017,2026-01-26,Login,Android,384
4737,1370,2025-08-27,Deposit,iOS,419
4738,1336,2026-01-13,Login,iOS,311
4739,1066,2026-04-14,Deposit,Android,369
4740,1374,2026-03-19,Login,iOS,237
4741,1113,2026-05-03,View_Portfolio,iOS,512
4742,1132,2026-04-29,Login,iOS,345
4743,1416,2026-03-16,Login,iOS,499
4744,1071,2026-03-29,Deposit,Web,408
4745,1413,2026-02-10,Login,iOS,241
4746,1061,2025-06-29,Login,Android,312
4747,1444,2026-02-09,View_Portfolio,iOS,137
4748,1457,2026-01-18,Deposit,Android,348
4749,1314,2026-04-24,Login,iOS,325
4750,1483,2026-03-30,Login,Android,593
4751,1244,2026-03-21,Deposit,Web,258
4752,1309,2026-03-08,Withdrawal,iOS,75
4753,1005,2026-01-24,Login,iOS,302
4754,1370,2025-07-11,Login,Web,377
4755,1317,2026-03-17,Login,Web,572
4756,1021,2025-08-31,View_Statement,iOS,312
4757,1186,2026-03-07,Deposit,Web,199
4758,1209,2026-03-11,Login,Android,214
4759,1231,2026-02-25,Deposit,iOS,456
4760,1014,2025-12-22,View_Portfolio,Web,108
4761,1352,2026-04-07,Login,Android,357
4762,1079,2026-01-08,Deposit,Android,211
4763,1469,2026-03-19,View_Portfolio,iOS,448
4764,1182,2026-04-27,Login,Android,54
4765,1078,2025-10-16,View_Statement,iOS,357
4766,1297,2025-11-19,Deposit,Android,368
4767,1272,2026-04-24,Deposit,iOS,46
4768,1051,2026-01-28,View_Statement,iOS,364
4769,1257,2026-04-06,Login,Android,449
4770,1296,2025-09-17,Withdrawal,iOS,515
4771,1018,2025-08-31,View_Portfolio,Web,459
4772,1290,2025-11-10,Deposit,Android,574
4773,1218,2026-02-13,Login,Android,495
4774,1445,2025-11-22,Deposit,iOS,160
4775,1100,2025-10-18,Login,Android,136
4776,1149,2026-03-10,Deposit,Android,252
4777,1385,2026-02-10,Withdrawal,Web,38
4778,1155,2026-02-10,Deposit,Web,237
4779,1435,2026-02-16,Deposit,iOS,116
4780,1395,2026-04-30,Login,Android,509
4781,1376,2025-08-28,Login,Android,157
4782,1102,2026-03-13,View_Portfolio,Android,569
4783,1115,2026-04-02,Login,Web,498
4784,1270,2025-07-03,Login,Android,171
4785,1092,2026-03-08,View_Statement,Android,489
4786,1439,2026-01-13,Deposit,Android,281
4787,1411,2025-12-06,Withdrawal,Android,333
4788,1406,2025-10-27,Login,Android,549
4789,1021,2026-03-13,Login,iOS,543
4790,1120,2025-10-23,Deposit,Android,17
4791,1408,2025-11-20,Deposit,Web,227
4792,1019,2026-04-22,View_Statement,iOS,359
4793,1024,2026-01-25,Deposit,iOS,123
4794,1026,2025-10-22,Login,iOS,146
4795,1153,2025-12-01,Login,iOS,435
4796,1301,2025-12-24,Login,Web,132
4797,1364,2025-11-02,Login,iOS,63
4798,1413,2025-11-05,Deposit,Android,340
4799,1202,2025-06-05,Login,Web,418
4800,1499,2025-10-23,Login,Web,107
4801,1139,2026-04-08,View_Statement,iOS,100
4802,1280,2026-02-05,Deposit,iOS,508
4803,1024,2026-03-18,Login,iOS,531
4804,1012,2026-04-29,Login,iOS,472
4805,1135,2026-04-27,View_Portfolio,iOS,251
4806,1424,2026-03-07,View_Portfolio,iOS,405
4807,1081,2026-01-06,Withdrawal,iOS,273
4808,1355,2025-11-28,Deposit,iOS,353
4809,1070,2026-04-06,View_Portfolio,iOS,184
4810,1204,2026-03-27,View_Statement,Web,199
4811,1079,2026-02-22,Login,Android,224
4812,1480,2025-12-15,View_Portfolio,Android,429
4813,1279,2026-03-05,View_Portfolio,Android,49
4814,1199,2026-02-03,Login,iOS,80
4815,1379,2025-11-28,Login,Android,228
4816,1294,2026-04-15,Deposit,iOS,374
4817,1415,2026-03-24,Login,iOS,526
4818,1285,2026-02-25,Login,iOS,194
4819,1428,2026-04-30,View_Statement,iOS,153
4820,1156,2026-04-05,Deposit,iOS,404
4821,1076,2026-04-02,Deposit,Web,392
4822,1219,2026-05-01,Login,Android,365
4823,1324,2025-08-10,Deposit,iOS,272
4824,1277,2026-04-02,Withdrawal,Android,325
4825,1265,2026-04-12,Login,Android,480
4826,1049,2025-10-16,Login,iOS,86
4827,1098,2026-04-22,Login,Android,572
4828,1293,2025-12-27,Login,Web,478
4829,1021,2025-11-04,View_Portfolio,Android,133
4830,1444,2026-04-17,Login,Android,133
4831,1023,2026-04-28,Login,Web,173
4832,1472,2025-12-30,Deposit,Android,533
4833,1138,2026-04-27,Deposit,Web,337
4834,1230,2025-12-25,Login,iOS,505
4835,1326,2026-05-04,Deposit,Android,116
4836,1405,2026-04-12,Login,Android,365
4837,1357,2026-02-23,Login,iOS,574
4838,1029,2026-04-16,Login,Web,198
4839,1315,2026-02-10,Login,Web,131
4840,1424,2026-01-27,Login,iOS,245
4841,1021,2025-11-12,Deposit,Web,32
4842,1342,2025-11-19,Login,iOS,294
4843,1099,2026-01-19,Login,iOS,443
4844,1063,2026-01-26,Withdrawal,iOS,159
4845,1302,2026-04-06,Deposit,Web,533
4846,1133,2026-03-16,Login,Android,202
4847,1015,2026-01-08,Login,iOS,45
4848,1105,2026-02-12,Withdrawal,Android,563
4849,1111,2026-03-07,Login,iOS,393
4850,1339,2025-08-11,Deposit,Android,545
4851,1336,2025-12-15,Login,iOS,432
4852,1424,2025-09-07,View_Portfolio,iOS,47
4853,1111,2026-01-17,View_Portfolio,Android,169
4854,1363,2025-11-26,Withdrawal,Android,575
4855,1343,2026-03-29,Login,Android,275
4856,1004,2026-01-29,Deposit,Android,66
4857,1469,2026-03-20,Deposit,iOS,213
4858,1152,2026-04-18,Login,Android,88
4859,1042,2025-08-16,View_Portfolio,iOS,391
4860,1375,2026-04-23,View_Statement,iOS,39
4861,1026,2026-04-19,Login,Android,598
4862,1362,2025-12-19,View_Portfolio,Android,252
4863,1194,2026-03-27,Deposit,Web,138
4864,1360,2026-04-13,Deposit,Android,304
4865,1008,2026-04-21,Login,Web,187
4866,1073,2025-07-20,Login,Android,402
4867,1450,2025-07-16,View_Statement,Android,442
4868,1078,2025-08-14,Withdrawal,iOS,385
4869,1148,2025-08-24,Deposit,Android,228
4870,1322,2026-01-04,View_Portfolio,Android,33
4871,1068,2026-03-11,Withdrawal,iOS,589
4872,1355,2026-02-18,Login,iOS,453
4873,1183,2026-03-26,Login,iOS,263
4874,1334,2025-08-25,View_Portfolio,iOS,328
4875,1085,2026-02-24,View_Portfolio,iOS,551
4876,1496,2026-02-03,View_Statement,iOS,460
4877,1079,2026-01-14,Login,Web,158
4878,1039,2026-01-22,Deposit,Web,433
4879,1306,2025-12-01,Withdrawal,Web,286
4880,1020,2026-03-02,Deposit,Android,349
4881,1070,2026-04-14,Withdrawal,Android,320
4882,1156,2026-01-18,Login,Web,431
4883,1117,2026-03-24,Login,iOS,530
4884,1368,2026-04-14,Login,iOS,59
4885,1427,2026-04-20,Login,iOS,41
4886,1450,2025-07-06,Login,Android,50
4887,1028,2026-02-01,View_Portfolio,Android,307
4888,1375,2026-04-25,Login,iOS,85
4889,1098,2026-04-25,Deposit,Android,463
4890,1462,2025-12-12,View_Statement,Android,488
4891,1329,2025-11-22,Deposit,iOS,435
4892,1151,2026-05-01,Login,Android,445
4893,1364,2025-10-09,Login,Android,100
4894,1419,2026-04-10,Deposit,iOS,193
4895,1022,2026-03-31,Login,iOS,17
4896,1261,2026-03-06,View_Statement,iOS,212
4897,1060,2025-11-27,Deposit,Android,268
4898,1425,2025-08-12,Withdrawal,Android,394
4899,1413,2025-12-13,Deposit,iOS,10
4900,1163,2026-05-02,View_Statement,iOS,349
4901,1114,2026-04-11,Deposit,iOS,444
4902,1354,2026-04-27,Withdrawal,iOS,304
4903,1196,2026-04-09,View_Portfolio,Android,242
4904,1045,2026-01-12,View_Portfolio,iOS,557
4905,1113,2026-04-26,Login,iOS,85
4906,1393,2026-01-17,Login,iOS,595
4907,1179,2026-01-11,Login,iOS,556
4908,1270,2025-11-10,Login,Android,496
4909,1493,2025-10-22,View_Portfolio,iOS,386
4910,1325,2026-03-09,Login,iOS,552
4911,1370,2025-07-27,Login,Web,502
4912,1056,2025-11-25,Login,iOS,88
4913,1367,2026-03-22,View_Statement,iOS,392
4914,1347,2026-01-26,View_Portfolio,iOS,203
4915,1267,2026-04-27,Deposit,iOS,548
4916,1414,2026-02-24,View_Portfolio,Android,187
4917,1115,2026-02-26,View_Portfolio,iOS,353
4918,1357,2026-02-06,Withdrawal,iOS,124
4919,1167,2025-12-09,Login,Web,104
4920,1354,2026-04-09,Withdrawal,iOS,519
4921,1115,2026-01-10,Deposit,Android,35
4922,1408,2025-11-14,Withdrawal,Web,262
4923,1080,2025-11-22,Deposit,Web,159
4924,1314,2026-01-23,View_Statement,iOS,459
4925,1286,2026-02-13,Deposit,Web,409
4926,1408,2025-11-29,Deposit,Android,290
4927,1323,2025-11-11,View_Portfolio,Android,258
4928,1029,2026-03-23,Login,Android,352
4929,1042,2025-11-15,Login,iOS,557
4930,1460,2026-03-27,Deposit,iOS,279
4931,1119,2026-01-29,Deposit,Android,274
4932,1062,2026-03-19,Login,iOS,49
4933,1155,2026-04-09,Withdrawal,Android,360
4934,1285,2026-04-27,View_Portfolio,iOS,379
4935,1450,2025-07-19,Deposit,Android,387
4936,1441,2025-09-20,Deposit,iOS,566
4937,1189,2026-03-01,Login,iOS,10
4938,1285,2026-03-21,View_Statement,Android,422
4939,1104,2026-01-08,View_Portfolio,iOS,210
4940,1057,2026-03-21,Deposit,Android,28
4941,1457,2026-01-08,Withdrawal,Android,492
4942,1311,2026-04-17,Login,iOS,548
4943,1372,2025-07-15,Login,iOS,215
4944,1172,2025-05-20,Login,iOS,213
4945,1384,2026-04-15,Login,Android,447
4946,1156,2025-11-01,Deposit,Android,66
4947,1165,2025-08-11,Deposit,iOS,192
4948,1407,2026-05-04,Login,iOS,464
4949,1333,2025-07-08,Deposit,iOS,270
4950,1069,2026-01-05,Login,iOS,103
4951,1480,2026-02-20,View_Portfolio,Web,111
4952,1476,2026-02-11,Login,iOS,165
4953,1058,2025-11-25,Deposit,iOS,182
4954,1207,2025-07-24,Deposit,Android,473
4955,1472,2026-03-16,Login,Android,225
4956,1416,2025-10-27,Deposit,Android,223
4957,1085,2026-04-14,View_Portfolio,iOS,195
4958,1325,2025-09-09,Deposit,Android,274
4959,1101,2025-07-14,Login,Android,337
4960,1292,2026-05-04,Login,iOS,480
4961,1251,2026-04-16,Deposit,iOS,58
4962,1220,2026-03-19,View_Portfolio,Android,147
4963,1160,2025-10-07,Deposit,iOS,114
4964,1187,2026-04-22,Login,Android,38
4965,1384,2026-03-26,Withdrawal,Android,314
4966,1444,2026-04-18,Login,Android,188
4967,1087,2026-01-27,View_Portfolio,Android,532
4968,1464,2026-02-28,View_Statement,Android,464
4969,1498,2025-11-07,Deposit,Web,226
4970,1330,2026-04-03,View_Portfolio,iOS,18
4971,1349,2026-04-17,Login,Android,564
4972,1500,2026-01-29,Login,Android,356
4973,1155,2026-03-26,Login,Android,565
4974,1355,2025-11-30,View_Portfolio,Web,249
4975,1490,2026-03-19,Deposit,Android,484
4976,1493,2026-02-07,Login,iOS,95
4977,1280,2025-12-25,Login,Android,193
4978,1343,2025-12-21,View_Portfolio,iOS,413
4979,1323,2025-11-08,Login,Android,227
4980,1164,2026-01-27,Login,Android,302
4981,1493,2025-10-21,Login,iOS,429
4982,1398,2026-04-05,Login,Android,486
4983,1068,2026-04-24,Login,iOS,214
4984,1428,2026-02-27,Deposit,Web,385
4985,1432,2025-11-24,Deposit,Android,204
4986,1362,2025-09-04,Deposit,iOS,373
4987,1375,2026-04-08,Withdrawal,iOS,556
4988,1288,2025-12-24,View_Portfolio,iOS,394
4989,1212,2026-04-24,Login,Android,35
4990,1120,2026-01-08,Login,iOS,460
4991,1401,2025-12-14,Login,iOS,353
4992,1477,2025-09-24,Deposit,iOS,198
4993,1185,2026-04-25,Login,Web,369
4994,1423,2025-09-11,Withdrawal,iOS,388
4995,1416,2026-01-30,Deposit,Android,182
4996,1452,2025-11-10,Withdrawal,iOS,378
4997,1216,2026-01-07,Login,iOS,108
4998,1492,2026-04-04,Deposit,iOS,87
4999,1490,2026-03-27,View_Portfolio,Android,195
5000,1130,2026-01-14,Login,Web,402
5001,1078,2025-07-19,Login,iOS,131
5002,1488,2025-10-20,Login,Android,200
5003,1170,2025-11-04,Deposit,iOS,446
5004,1038,2026-04-02,View_Portfolio,Android,163
5005,1055,2026-01-17,Login,Android,304
5006,1439,2026-01-21,Deposit,iOS,39
5007,1290,2025-09-09,View_Portfolio,iOS,112
5008,1046,2026-04-10,Deposit,Web,74
5009,1171,2026-04-16,Login,iOS,384
5010,1130,2026-04-15,View_Statement,Android,240
5011,1164,2025-12-21,Login,iOS,32
5012,1070,2026-02-28,Login,iOS,299
5013,1292,2026-05-03,View_Portfolio,iOS,330
5014,1406,2025-10-09,Login,Android,51
5015,1069,2026-04-03,View_Portfolio,Android,179
5016,1422,2025-12-11,Login,Android,432
5017,1105,2025-12-26,View_Portfolio,iOS,211
5018,1054,2026-04-17,Withdrawal,iOS,543
5019,1406,2025-11-30,Deposit,Web,481
5020,1368,2026-04-24,Deposit,Web,44
5021,1459,2026-03-26,Login,Android,53
5022,1363,2025-11-26,Login,Android,509
5023,1248,2026-04-04,Withdrawal,Android,505
5024,1415,2026-03-21,View_Portfolio,Android,196
5025,1309,2026-01-09,Withdrawal,Android,100
5026,1373,2025-09-29,View_Statement,Web,537
5027,1106,2026-03-05,View_Portfolio,Android,136
5028,1349,2026-04-15,View_Portfolio,Android,437
5029,1315,2025-08-19,View_Portfolio,iOS,121
5030,1097,2026-05-02,Login,Web,228
5031,1342,2026-01-08,Withdrawal,Android,279
5032,1433,2026-04-23,View_Portfolio,Web,345
5033,1027,2025-07-30,Login,Android,479
5034,1072,2026-03-15,View_Statement,iOS,79
5035,1378,2026-05-01,Login,Android,132
5036,1496,2025-09-19,Deposit,Web,246
5037,1185,2026-04-27,Login,iOS,229
5038,1134,2026-04-11,Deposit,Web,156
5039,1174,2026-01-26,Deposit,Android,71
5040,1281,2026-03-12,Deposit,iOS,65
5041,1098,2026-04-17,View_Portfolio,iOS,245
5042,1393,2025-12-19,View_Portfolio,iOS,400
5043,1064,2026-01-23,Withdrawal,iOS,60
5044,1484,2026-03-14,Login,Web,137
5045,1415,2025-12-27,Deposit,Android,236
5046,1403,2026-03-21,View_Portfolio,iOS,301
5047,1113,2026-04-28,Withdrawal,iOS,274
5048,1065,2026-03-17,Withdrawal,iOS,297
5049,1216,2025-12-12,Login,Web,355
5050,1354,2026-04-06,Login,Android,322
5051,1401,2025-09-12,View_Statement,iOS,53
5052,1290,2025-10-27,View_Portfolio,Android,156
5053,1483,2026-04-26,Login,Web,52
5054,1420,2026-02-26,Deposit,Android,333
5055,1397,2026-04-14,Deposit,iOS,329
5056,1315,2025-08-02,Deposit,Android,104
5057,1089,2026-02-17,Deposit,Android,247
5058,1247,2025-10-06,Deposit,iOS,147
5059,1332,2026-04-04,View_Statement,Web,271
5060,1149,2026-03-03,View_Portfolio,Web,437
5061,1357,2026-02-05,View_Portfolio,Android,441
5062,1366,2026-04-29,Withdrawal,Android,73
5063,1486,2026-04-21,Login,iOS,391
5064,1449,2026-03-19,Deposit,Android,472
5065,1240,2025-12-19,Deposit,iOS,38
5066,1006,2025-11-17,View_Portfolio,Android,507
5067,1237,2026-01-05,View_Statement,iOS,337
5068,1365,2026-03-17,Deposit,iOS,18
5069,1267,2026-04-15,Login,Web,230
5070,1336,2026-01-25,Login,iOS,544
5071,1406,2025-08-03,Deposit,Android,509
5072,1238,2026-01-06,Login,Android,320
5073,1139,2026-04-26,View_Statement,Web,440
5074,1165,2025-10-05,Deposit,Web,245
5075,1282,2026-03-24,View_Statement,iOS,251
5076,1185,2026-05-01,Login,Web,579
5077,1154,2025-10-29,Login,iOS,433
5078,1106,2026-02-10,Deposit,Android,155
5079,1149,2026-03-19,View_Portfolio,Android,467
5080,1185,2026-04-25,Login,Web,16
5081,1410,2025-10-20,View_Portfolio,Android,243
5082,1271,2026-05-02,Deposit,iOS,541
5083,1359,2026-03-15,View_Portfolio,Android,578
5084,1191,2025-11-12,Login,iOS,545
5085,1163,2026-04-12,Deposit,Android,124
5086,1395,2026-04-21,Login,Android,340
5087,1201,2026-04-17,Login,Android,413
5088,1106,2026-04-04,Deposit,iOS,556
5089,1215,2026-01-08,Login,Android,470
5090,1324,2026-03-23,View_Portfolio,iOS,274
5091,1478,2026-05-02,Withdrawal,Android,429
5092,1220,2026-03-26,Login,iOS,383
5093,1345,2026-04-07,View_Statement,Web,23
5094,1470,2025-10-26,View_Statement,iOS,85
5095,1217,2025-09-12,View_Statement,iOS,544
5096,1500,2026-04-15,Deposit,Android,186
5097,1474,2026-05-02,Deposit,iOS,489
5098,1434,2026-01-18,Login,iOS,522
5099,1029,2026-04-21,Login,Android,217
5100,1238,2026-02-03,Deposit,iOS,571
5101,1064,2025-11-21,Deposit,iOS,67
5102,1425,2025-07-29,Deposit,iOS,212
5103,1096,2026-03-27,Deposit,iOS,294
5104,1154,2026-03-27,Login,Android,11
5105,1028,2026-02-04,Withdrawal,iOS,89
5106,1340,2025-12-14,Login,iOS,164
5107,1176,2026-01-24,Deposit,Android,429
5108,1251,2026-04-27,Login,Web,163
5109,1194,2026-02-27,Login,iOS,84
5110,1279,2026-02-16,View_Portfolio,Web,272
5111,1039,2026-03-23,Login,iOS,449
5112,1069,2026-02-09,Deposit,Android,315
5113,1277,2026-02-27,View_Portfolio,iOS,465
5114,1120,2026-04-10,Login,Web,323
5115,1086,2025-10-20,Deposit,Android,357
5116,1177,2026-02-20,Login,iOS,113
5117,1459,2026-03-20,Login,iOS,45
5118,1094,2026-04-17,Deposit,Android,271
5119,1092,2026-04-02,Deposit,Android,250
5120,1420,2026-02-21,Login,Android,88
5121,1081,2026-02-09,Deposit,iOS,166
5122,1341,2026-01-09,Login,Android,344
5123,1421,2025-12-08,View_Portfolio,iOS,21
5124,1228,2025-12-31,Withdrawal,iOS,527
5125,1383,2026-01-14,Login,iOS,580
5126,1473,2026-03-18,View_Portfolio,iOS,46
5127,1088,2026-03-16,Login,iOS,592
5128,1350,2026-03-20,Login,Android,113
5129,1128,2025-08-12,Login,Android,48
5130,1298,2025-06-30,Deposit,iOS,176
5131,1190,2026-04-21,Login,iOS,576
5132,1355,2025-12-25,Login,iOS,461
5133,1469,2026-03-05,Deposit,Web,574
5134,1134,2026-04-13,View_Statement,Android,531
5135,1469,2026-04-06,Deposit,Android,86
5136,1136,2026-04-08,Deposit,Android,334
5137,1325,2025-07-19,View_Statement,iOS,347
5138,1040,2026-04-29,Login,iOS,16
5139,1138,2026-03-29,Login,Android,529
5140,1287,2026-04-23,View_Statement,Web,126
5141,1256,2026-01-07,Deposit,iOS,163
5142,1286,2026-01-16,Login,Android,271
5143,1435,2026-04-13,Withdrawal,Android,367
5144,1085,2026-02-05,View_Portfolio,Android,19
5145,1420,2025-11-10,Login,Android,338
5146,1317,2026-01-04,Login,iOS,277
5147,1027,2026-02-05,Login,Android,38
5148,1230,2026-02-06,Deposit,iOS,414
5149,1291,2026-04-18,Withdrawal,Android,30
5150,1316,2026-02-24,Login,iOS,307
5151,1288,2025-09-01,Withdrawal,iOS,294
5152,1346,2025-12-28,Withdrawal,iOS,251
5153,1132,2026-03-19,Login,Android,535
5154,1091,2026-02-21,Deposit,iOS,580
5155,1356,2026-01-23,Deposit,iOS,209
5156,1229,2025-12-03,Deposit,iOS,472
5157,1027,2026-01-06,View_Statement,iOS,164
5158,1303,2026-05-02,Login,Android,370
5159,1496,2025-10-21,Login,Android,141
5160,1390,2025-08-02,Withdrawal,Web,350
5161,1466,2026-04-05,Deposit,Web,349
5162,1282,2026-03-15,View_Statement,iOS,271
5163,1492,2026-02-04,Login,iOS,294
5164,1280,2026-01-24,Login,iOS,588
5165,1500,2026-01-27,Deposit,Web,557
5166,1199,2026-04-13,View_Portfolio,iOS,410
5167,1375,2026-04-14,Deposit,Android,378
5168,1300,2026-04-18,View_Portfolio,Android,46
5169,1398,2026-04-23,Login,iOS,186
5170,1397,2026-04-14,Deposit,Android,98
5171,1154,2026-03-28,Login,iOS,457
5172,1299,2026-02-24,View_Statement,iOS,194
5173,1043,2025-11-15,Login,iOS,20
5174,1322,2025-12-25,Deposit,iOS,367
5175,1110,2026-04-21,Login,iOS,154
5176,1111,2025-09-17,View_Statement,Android,86
5177,1471,2026-03-13,Deposit,Web,158
5178,1412,2025-12-28,View_Statement,Web,366
5179,1001,2026-04-18,Login,iOS,572
5180,1480,2026-03-12,Login,iOS,13
5181,1140,2025-10-21,Login,iOS,460
5182,1366,2026-03-04,Deposit,Android,513
5183,1178,2026-04-18,Login,iOS,444
5184,1437,2026-04-23,Withdrawal,iOS,127
5185,1060,2026-04-28,Login,iOS,112
5186,1183,2026-04-17,Deposit,Android,492
5187,1419,2026-04-08,Login,iOS,66
5188,1445,2025-08-15,Deposit,Web,398
5189,1282,2026-03-12,Deposit,Android,60
5190,1415,2026-03-11,Login,iOS,251
5191,1313,2026-05-04,View_Statement,iOS,430
5192,1396,2025-12-08,View_Portfolio,iOS,80
5193,1221,2026-04-08,Deposit,iOS,368
5194,1389,2026-01-25,Deposit,iOS,12
5195,1227,2026-01-19,Login,Android,114
5196,1391,2026-02-16,Deposit,Android,593
5197,1144,2026-03-30,Deposit,iOS,451
5198,1224,2025-12-01,Login,Android,19
5199,1052,2026-04-18,View_Portfolio,Web,541
5200,1081,2026-01-05,Login,Android,497
5201,1149,2026-04-11,Login,Web,122
5202,1027,2025-08-16,Deposit,iOS,38
5203,1232,2025-12-18,Withdrawal,iOS,359
5204,1111,2025-10-15,Login,iOS,173
5205,1372,2025-08-01,Deposit,Web,41
5206,1079,2026-03-15,Login,iOS,335
5207,1279,2026-01-25,View_Portfolio,Web,360
5208,1127,2025-10-24,Deposit,Android,461
5209,1456,2026-03-29,View_Portfolio,iOS,149
5210,1281,2025-08-21,Login,iOS,46
5211,1395,2026-05-02,View_Portfolio,iOS,40
5212,1319,2025-11-01,Withdrawal,iOS,239
5213,1441,2025-11-08,View_Portfolio,Android,149
5214,1341,2026-03-12,View_Portfolio,Android,595
5215,1182,2026-04-27,Deposit,Android,271
5216,1119,2025-08-30,Login,Android,159
5217,1266,2026-01-29,View_Portfolio,Web,306
5218,1178,2026-04-15,Login,iOS,183
5219,1201,2026-04-27,Login,iOS,455
5220,1368,2026-04-28,View_Portfolio,Android,451
5221,1385,2025-12-25,Login,iOS,38
5222,1470,2025-12-26,Login,iOS,275
5223,1070,2026-03-19,Deposit,Android,567
5224,1158,2026-04-26,View_Portfolio,Android,143
5225,1311,2025-12-01,View_Portfolio,Android,117
5226,1098,2026-04-24,Deposit,Web,205
5227,1205,2025-11-19,Login,iOS,231
5228,1086,2026-01-27,Withdrawal,Web,520
5229,1390,2025-10-21,Deposit,iOS,454
5230,1361,2026-03-03,Login,Web,218
5231,1494,2026-03-19,View_Statement,iOS,512
5232,1280,2026-03-13,Login,Web,560
5233,1085,2026-05-01,Login,iOS,522
5234,1359,2026-03-17,Login,Android,259
5235,1215,2026-02-20,View_Statement,iOS,413
5236,1133,2026-04-24,Login,iOS,358
5237,1391,2026-04-20,Deposit,iOS,302
5238,1387,2026-02-06,View_Portfolio,Android,130
5239,1247,2025-11-14,Login,iOS,226
5240,1141,2026-04-29,Login,iOS,522
5241,1438,2026-04-18,Login,iOS,575
5242,1447,2026-03-07,Deposit,Android,491
5243,1076,2026-01-06,Deposit,iOS,96
5244,1390,2026-02-15,Withdrawal,Android,486
5245,1098,2026-04-12,Login,Web,267
5246,1463,2025-09-05,Withdrawal,Web,561
5247,1303,2026-05-01,View_Statement,iOS,516
5248,1466,2026-02-18,View_Portfolio,iOS,449
5249,1055,2026-01-29,Deposit,iOS,334
5250,1305,2025-10-14,View_Statement,Android,31
5251,1441,2025-09-27,View_Statement,iOS,68
5252,1259,2025-07-29,Deposit,iOS,280
5253,1022,2026-03-13,Login,iOS,130
5254,1035,2025-11-08,View_Statement,Android,128
5255,1028,2026-03-09,View_Portfolio,Web,167
5256,1489,2026-05-04,Login,Android,350
5257,1170,2025-11-10,View_Statement,Android,432
5258,1140,2025-07-12,Login,Android,43
5259,1129,2025-09-07,Login,Android,498
5260,1100,2026-01-29,Login,Android,186
5261,1478,2026-02-19,Login,iOS,559
5262,1373,2025-07-31,Deposit,iOS,571
5263,1247,2026-01-14,Deposit,Android,511
5264,1023,2026-04-26,Deposit,iOS,495
5265,1357,2026-02-15,Deposit,iOS,583
5266,1284,2026-03-24,Withdrawal,Android,587
5267,1113,2026-05-03,Login,Android,111
5268,1373,2025-10-18,View_Statement,Android,519
5269,1197,2026-01-19,Withdrawal,iOS,199
5270,1164,2025-11-11,Withdrawal,iOS,199
5271,1381,2025-08-08,Deposit,iOS,333
5272,1310,2025-07-15,View_Statement,iOS,150
5273,1431,2025-09-28,Login,iOS,462
5274,1056,2025-06-21,Login,iOS,84
5275,1010,2026-04-27,View_Portfolio,iOS,292
5276,1133,2026-03-22,Withdrawal,iOS,268
5277,1398,2026-04-06,Login,iOS,388
5278,1152,2026-04-08,Deposit,Android,438
5279,1191,2025-11-07,Deposit,Android,300
5280,1284,2026-04-30,Deposit,iOS,583
5281,1277,2026-04-20,Deposit,Android,407
5282,1493,2026-04-21,View_Statement,iOS,424
5283,1243,2026-05-02,View_Statement,Web,509
5284,1488,2025-11-10,View_Statement,iOS,513
5285,1332,2026-02-21,Deposit,Android,14
5286,1276,2025-08-21,Login,iOS,411
5287,1190,2026-04-08,Deposit,Web,444
5288,1115,2025-12-06,Deposit,Android,77
5289,1352,2026-02-16,Login,iOS,446
5290,1307,2025-10-18,Deposit,iOS,498
5291,1358,2026-04-22,Deposit,iOS,274
5292,1296,2025-08-26,View_Statement,iOS,389
5293,1234,2026-05-04,Login,iOS,412
5294,1341,2026-01-01,Withdrawal,iOS,418
5295,1081,2026-04-18,Deposit,iOS,221
5296,1193,2026-04-04,Login,iOS,599
5297,1371,2025-10-29,Login,Android,466
5298,1364,2025-11-25,Login,iOS,286
5299,1412,2025-12-10,Login,iOS,107
5300,1438,2026-05-04,Login,Android,322
5301,1258,2025-07-27,View_Statement,iOS,255
5302,1465,2026-04-09,Login,iOS,68
5303,1231,2025-12-22,View_Portfolio,Android,370
5304,1014,2026-01-28,View_Statement,iOS,214
5305,1014,2026-03-24,Deposit,iOS,118
5306,1044,2026-04-07,Login,Android,196
5307,1496,2025-11-19,Deposit,Web,238
5308,1210,2025-11-03,Login,Android,167
5309,1040,2026-04-26,Login,iOS,70
5310,1034,2026-04-21,Deposit,iOS,221
5311,1235,2025-08-01,Login,Android,144
5312,1321,2026-02-19,Withdrawal,Web,319
5313,1234,2026-04-27,Deposit,iOS,29
5314,1274,2026-03-15,View_Portfolio,Web,281
5315,1368,2026-04-16,Login,Android,523
5316,1290,2025-08-27,Login,Web,242
5317,1343,2026-03-06,Deposit,iOS,180
5318,1433,2026-04-10,View_Portfolio,iOS,165
5319,1336,2025-11-19,View_Portfolio,iOS,275
5320,1467,2025-07-06,Withdrawal,Android,543
5321,1229,2025-10-10,Deposit,Android,153
5322,1380,2026-01-13,Deposit,Web,81
5323,1439,2026-02-23,Login,Android,83
5324,1318,2025-09-25,Deposit,iOS,576
5325,1128,2025-12-11,Deposit,iOS,457
5326,1326,2026-05-02,Login,iOS,378
5327,1408,2025-11-24,View_Portfolio,Web,381
5328,1209,2026-02-28,View_Portfolio,iOS,423
5329,1304,2026-03-16,Login,Android,51
5330,1080,2025-11-29,View_Statement,iOS,299
5331,1295,2026-01-20,Login,Android,297
5332,1176,2026-03-08,Login,iOS,329
5333,1233,2025-05-12,View_Statement,Android,195
5334,1326,2026-04-27,Deposit,Web,434
5335,1336,2025-12-09,View_Portfolio,iOS,292
5336,1265,2026-04-12,Login,Android,281
5337,1285,2026-04-11,View_Portfolio,Web,546
5338,1452,2025-12-10,View_Portfolio,iOS,127
5339,1444,2026-01-13,Deposit,iOS,98
5340,1410,2025-09-18,Withdrawal,iOS,460
5341,1118,2025-07-22,View_Statement,Web,353
5342,1166,2026-03-28,Deposit,Android,532
5343,1318,2025-10-20,Deposit,Android,352
5344,1410,2025-09-20,Withdrawal,iOS,341
5345,1142,2025-10-05,Login,Web,514
5346,1483,2026-04-29,View_Statement,iOS,112
5347,1247,2026-01-28,Login,iOS,174
5348,1177,2026-03-01,Deposit,iOS,317
5349,1299,2026-02-28,Withdrawal,iOS,171
5350,1344,2025-08-18,Deposit,iOS,94
5351,1264,2026-05-02,Login,Android,227
5352,1168,2025-08-01,Deposit,Web,365
5353,1025,2026-03-11,View_Portfolio,iOS,250
5354,1191,2025-10-12,Deposit,iOS,443
5355,1388,2025-10-22,Login,iOS,516
5356,1015,2025-12-28,Withdrawal,iOS,402
5357,1016,2025-10-23,Deposit,Android,304
5358,1310,2025-06-16,Deposit,iOS,39
5359,1127,2025-07-26,Login,iOS,396
5360,1267,2025-10-13,Login,iOS,129
5361,1028,2026-03-02,Deposit,iOS,389
5362,1263,2026-01-27,Deposit,iOS,386
5363,1370,2025-07-23,Deposit,iOS,498
5364,1384,2025-11-23,Login,Android,500
5365,1294,2026-04-30,Login,iOS,592
5366,1152,2026-04-24,View_Portfolio,Web,104
5367,1479,2026-04-24,Deposit,iOS,124
5368,1068,2025-10-28,Login,Android,64
5369,1037,2026-04-22,Login,iOS,563
5370,1376,2025-08-20,Login,iOS,17
5371,1035,2026-04-19,Deposit,iOS,289
5372,1134,2026-04-29,Deposit,iOS,484
5373,1366,2026-04-05,Login,iOS,554
5374,1161,2026-01-03,Deposit,Android,547
5375,1372,2025-06-30,Login,iOS,181
5376,1224,2026-05-04,Login,Android,396
5377,1110,2026-05-01,View_Portfolio,iOS,69
5378,1102,2026-01-12,Withdrawal,iOS,111
5379,1355,2025-11-21,View_Portfolio,iOS,282
5380,1465,2026-04-23,Login,Android,196
5381,1182,2026-05-04,Login,Web,407
5382,1480,2026-03-19,Deposit,iOS,363
5383,1398,2026-04-06,Withdrawal,iOS,347
5384,1147,2026-02-01,Deposit,iOS,463
5385,1216,2025-08-02,Deposit,Android,283
5386,1487,2026-05-02,Login,iOS,359
5387,1139,2026-04-16,Deposit,Android,247
5388,1327,2026-03-08,View_Portfolio,Web,204
5389,1429,2026-03-03,Deposit,Android,439
5390,1188,2025-11-19,Login,Android,462
5391,1088,2026-04-14,Deposit,Android,247
5392,1247,2026-03-11,View_Portfolio,iOS,451
5393,1186,2026-03-04,Login,iOS,595
5394,1088,2026-03-28,Deposit,Android,566
5395,1334,2025-10-01,View_Statement,iOS,585
5396,1152,2026-04-19,Login,Android,371
5397,1267,2026-01-19,Login,iOS,132
5398,1200,2025-10-15,Deposit,iOS,189
5399,1383,2026-01-08,Login,Android,499
5400,1428,2026-04-27,Login,iOS,522
5401,1335,2025-11-19,Login,Web,493
5402,1490,2026-04-07,Login,Web,182
5403,1246,2026-05-04,View_Portfolio,Android,111
5404,1450,2025-06-22,Withdrawal,iOS,594
5405,1216,2025-11-03,Login,Web,498
5406,1429,2026-04-19,View_Portfolio,Android,55
5407,1074,2025-09-01,Withdrawal,iOS,426
5408,1160,2026-04-28,Deposit,iOS,197
5409,1255,2026-01-01,Login,iOS,314
5410,1017,2026-01-21,Withdrawal,iOS,591
5411,1438,2026-03-31,Login,iOS,154
5412,1138,2026-02-11,Login,Web,255
5413,1470,2026-01-03,Login,Android,75
5414,1006,2025-08-15,Login,Android,347
5415,1219,2025-11-23,Withdrawal,iOS,495
5416,1404,2026-03-09,Login,iOS,357
5417,1001,2026-04-03,Deposit,iOS,535
5418,1064,2026-03-22,Login,Android,223
5419,1209,2026-03-04,Deposit,Web,376
5420,1001,2026-04-17,Login,Android,176
5421,1357,2026-01-27,Deposit,Web,181
5422,1189,2026-02-17,Login,iOS,228
5423,1463,2026-03-10,Login,iOS,339
5424,1247,2026-05-01,Login,iOS,427
5425,1257,2026-01-18,Deposit,iOS,183
5426,1465,2026-04-20,Login,Android,298
5427,1174,2026-02-25,Deposit,Web,580
5428,1109,2026-05-04,Login,iOS,174
5429,1060,2026-03-14,View_Statement,Web,529
5430,1043,2025-12-05,Deposit,iOS,29
5431,1428,2026-03-30,Login,Android,570
5432,1038,2026-01-21,Login,Android,464
5433,1363,2026-03-24,Login,iOS,264
5434,1258,2026-03-09,View_Portfolio,Android,112
5435,1082,2026-04-24,Login,iOS,144
5436,1396,2026-02-28,View_Portfolio,iOS,429
5437,1221,2026-01-28,Deposit,Android,106
5438,1407,2026-04-26,View_Portfolio,iOS,580
5439,1111,2026-02-02,View_Portfolio,Web,480
5440,1265,2026-01-28,View_Statement,Web,584
5441,1136,2026-04-22,Login,iOS,198
5442,1434,2025-10-28,View_Portfolio,iOS,402
5443,1336,2025-11-21,Login,iOS,57
5444,1318,2025-11-18,Login,iOS,65
5445,1023,2026-05-04,Deposit,Android,560
5446,1349,2026-04-22,Deposit,iOS,399
5447,1059,2026-04-02,Deposit,Web,303
5448,1266,2026-04-08,View_Statement,iOS,145
5449,1140,2025-10-08,View_Portfolio,iOS,561
5450,1446,2026-01-07,Login,Android,402
5451,1381,2025-10-02,Deposit,Android,329
5452,1116,2026-04-29,Login,Web,186
5453,1204,2026-03-20,Deposit,Android,589
5454,1158,2026-03-31,Deposit,iOS,486
5455,1330,2026-03-25,Withdrawal,Web,170
5456,1462,2026-01-20,View_Statement,iOS,294
5457,1196,2025-12-27,Login,Android,540
5458,1431,2025-10-16,View_Statement,iOS,420
5459,1212,2026-05-03,Withdrawal,iOS,18
5460,1041,2025-10-14,Login,Android,473
5461,1359,2026-01-18,Login,iOS,406
5462,1007,2025-09-21,Deposit,iOS,80
5463,1350,2026-03-26,Login,Android,553
5464,1372,2025-07-08,Login,iOS,189
5465,1105,2025-09-14,Deposit,iOS,159
5466,1472,2026-01-24,Login,iOS,421
5467,1458,2026-05-02,View_Statement,Android,493
5468,1308,2026-04-25,View_Portfolio,iOS,482
5469,1045,2025-09-23,Deposit,Android,550
5470,1038,2026-01-30,Login,iOS,371
5471,1164,2025-08-28,Deposit,iOS,34
5472,1081,2025-12-09,Deposit,iOS,72
5473,1341,2026-03-25,View_Portfolio,Android,430
5474,1058,2025-08-07,Login,iOS,500
5475,1302,2026-03-26,Withdrawal,iOS,326
5476,1123,2026-04-06,Deposit,iOS,338
5477,1195,2025-10-04,Login,Android,88
5478,1193,2026-04-12,Login,Android,366
5479,1402,2026-04-10,Withdrawal,iOS,576
5480,1386,2026-03-20,Login,iOS,466
5481,1104,2026-04-04,View_Statement,Android,19
5482,1112,2026-01-03,View_Portfolio,Web,582
5483,1132,2026-04-28,Deposit,iOS,495
5484,1096,2026-03-22,Deposit,Android,179
5485,1083,2025-11-02,Login,Android,72
5486,1468,2026-03-28,View_Portfolio,iOS,514
5487,1170,2025-11-12,Deposit,iOS,268
5488,1049,2026-01-21,Deposit,iOS,436
5489,1433,2026-04-15,View_Portfolio,Web,468
5490,1373,2025-08-26,Login,Android,13
5491,1135,2026-03-27,Deposit,iOS,250
5492,1265,2026-01-30,Deposit,iOS,165
5493,1199,2026-03-10,Login,Android,306
5494,1283,2026-04-02,Login,iOS,520
5495,1405,2025-09-12,Deposit,iOS,175
5496,1035,2026-03-22,Deposit,Android,532
5497,1344,2025-11-11,Login,iOS,425
5498,1480,2026-03-08,View_Portfolio,iOS,135
5499,1204,2026-03-07,Login,Android,396
5500,1471,2026-03-15,Deposit,Android,65
5501,1420,2026-02-21,Login,Android,506
5502,1241,2026-03-25,Login,Android,535
5503,1349,2026-04-05,Deposit,iOS,385
5504,1323,2025-09-22,Deposit,iOS,383
5505,1043,2025-11-17,View_Portfolio,iOS,381
5506,1264,2025-12-06,Deposit,iOS,591
5507,1482,2026-01-23,Login,Web,297
5508,1377,2026-04-20,Deposit,iOS,178
5509,1078,2025-09-16,Login,iOS,305
5510,1036,2025-10-18,Login,iOS,425
5511,1383,2026-03-01,View_Statement,iOS,482
5512,1304,2025-05-28,Deposit,iOS,319
5513,1174,2026-02-13,Login,iOS,335
5514,1416,2026-01-19,Withdrawal,iOS,437
5515,1135,2026-04-16,View_Portfolio,iOS,492
5516,1330,2026-01-09,View_Portfolio,Android,227
5517,1140,2025-08-20,Deposit,Android,40
5518,1055,2026-01-17,Deposit,iOS,350
5519,1252,2026-04-26,View_Portfolio,Android,481
5520,1488,2026-04-11,Withdrawal,iOS,400
5521,1279,2026-02-12,Deposit,iOS,419
5522,1459,2026-04-16,Withdrawal,Android,165
5523,1180,2025-07-03,Login,Web,395
5524,1013,2025-11-18,Login,iOS,261
5525,1204,2026-04-18,View_Statement,Android,53
5526,1455,2026-04-24,View_Statement,Android,87
5527,1309,2026-04-05,View_Portfolio,Android,336
5528,1063,2025-12-20,Login,iOS,154
5529,1492,2026-03-28,Login,Android,479
5530,1074,2025-08-01,Login,iOS,169
5531,1455,2026-04-29,Withdrawal,iOS,507
5532,1307,2026-04-30,Login,Android,321
5533,1442,2025-12-04,View_Portfolio,Android,97
5534,1155,2026-02-14,Withdrawal,Web,95
5535,1007,2025-10-30,Deposit,iOS,414
5536,1375,2026-04-10,View_Statement,iOS,174
5537,1306,2025-10-21,View_Portfolio,iOS,151
5538,1408,2025-11-05,Withdrawal,iOS,391
5539,1343,2025-12-18,Login,iOS,331
5540,1153,2025-10-03,View_Statement,Android,509
5541,1044,2026-03-24,Login,iOS,208
5542,1036,2025-12-24,Login,Android,420
5543,1441,2025-11-15,View_Portfolio,iOS,17
5544,1097,2026-04-30,Login,Android,205
5545,1165,2025-09-26,Deposit,Android,68
5546,1234,2026-05-03,Deposit,iOS,531
5547,1103,2026-04-27,Deposit,iOS,503
5548,1436,2025-10-30,View_Statement,Android,312
5549,1381,2025-06-03,View_Portfolio,Android,147
5550,1447,2026-01-06,Login,iOS,537
5551,1007,2025-08-04,Login,iOS,268
5552,1094,2026-05-02,View_Statement,Web,523
5553,1444,2025-12-05,Deposit,Android,74
5554,1479,2026-04-25,Login,Android,328
5555,1121,2025-10-28,Deposit,iOS,558
5556,1365,2025-12-11,Login,Android,198
5557,1494,2026-01-07,Login,Web,325
5558,1037,2026-04-22,Deposit,Android,359
5559,1021,2026-04-20,Deposit,iOS,418
5560,1098,2026-04-14,Login,Web,56
5561,1302,2026-03-09,Withdrawal,Android,561
5562,1021,2025-11-08,View_Portfolio,iOS,444
5563,1232,2026-03-08,Withdrawal,Android,352
5564,1468,2026-02-12,Deposit,iOS,245
5565,1354,2026-04-28,Withdrawal,Android,158
5566,1072,2026-01-17,Withdrawal,Android,272
5567,1352,2025-09-12,View_Portfolio,Android,434
5568,1052,2026-03-18,Login,iOS,261
5569,1222,2026-02-06,Login,Web,159
5570,1285,2026-04-14,Withdrawal,Web,443
5571,1325,2025-08-07,Login,iOS,260
5572,1478,2026-04-20,Deposit,iOS,313
5573,1460,2026-04-02,Login,Web,62
5574,1167,2025-12-31,Login,iOS,179
5575,1283,2026-02-28,Deposit,iOS,18
5576,1205,2025-11-15,View_Portfolio,iOS,507
5577,1367,2026-04-13,Withdrawal,iOS,217
5578,1138,2026-02-07,Login,iOS,355
5579,1036,2025-11-03,View_Portfolio,Android,599
5580,1095,2026-03-23,Deposit,iOS,478
5581,1016,2025-10-24,Login,Android,85
5582,1487,2026-04-29,Deposit,iOS,525
5583,1237,2026-02-12,Login,iOS,232
5584,1164,2025-12-08,Login,Android,61
5585,1090,2026-04-11,View_Portfolio,Android,319
5586,1108,2026-04-29,Withdrawal,Android,317
5587,1084,2025-09-06,Deposit,iOS,45
5588,1255,2025-11-28,Login,iOS,376
5589,1418,2025-12-14,Login,iOS,392
5590,1165,2025-09-30,View_Statement,Android,87
5591,1200,2025-12-09,Login,iOS,381
5592,1324,2025-10-22,Deposit,Web,511
5593,1315,2025-10-31,Deposit,Android,552
5594,1157,2026-04-22,Login,iOS,543
5595,1031,2026-04-07,View_Statement,Web,429
5596,1066,2026-01-24,Login,iOS,530
5597,1089,2026-04-24,Withdrawal,iOS,329
5598,1486,2026-04-04,View_Portfolio,Android,149
5599,1259,2025-09-19,Withdrawal,iOS,229
5600,1253,2026-03-14,View_Portfolio,iOS,153
5601,1494,2026-03-03,Withdrawal,iOS,366
5602,1234,2026-05-04,Deposit,Android,250
5603,1107,2026-03-04,View_Portfolio,iOS,514
5604,1069,2026-02-19,View_Statement,Android,360
5605,1278,2025-09-07,Deposit,iOS,257
5606,1336,2026-01-09,Deposit,Android,16
5607,1201,2026-04-17,Deposit,iOS,169
5608,1053,2026-04-19,Login,Web,116
5609,1432,2026-03-03,Login,Web,319
5610,1457,2026-01-11,Login,Web,97
5611,1241,2026-01-11,View_Portfolio,iOS,355
5612,1332,2026-04-26,Deposit,iOS,266
5613,1175,2026-04-12,View_Portfolio,iOS,431
5614,1042,2025-10-12,Withdrawal,Android,377
5615,1260,2026-02-08,Login,iOS,21
5616,1369,2025-11-16,Login,Android,479
5617,1210,2025-12-03,Deposit,Android,164
5618,1466,2026-01-03,View_Statement,iOS,599
5619,1042,2026-02-20,View_Portfolio,Android,278
5620,1427,2026-03-14,View_Portfolio,iOS,337
5621,1353,2025-10-14,View_Portfolio,iOS,375
5622,1170,2026-03-11,Deposit,iOS,283
5623,1382,2026-04-17,Login,iOS,195
5624,1259,2026-04-18,Login,iOS,288
5625,1443,2026-04-28,Deposit,Android,77
5626,1486,2026-02-22,Login,Web,437
5627,1337,2026-05-02,View_Portfolio,Android,95
5628,1204,2026-03-10,Login,iOS,508
5629,1395,2026-04-26,Login,iOS,53
5630,1337,2026-02-18,View_Portfolio,Android,74
5631,1163,2026-04-15,Withdrawal,Web,427
5632,1105,2026-03-17,Login,iOS,424
5633,1178,2026-05-02,View_Statement,iOS,317
5634,1191,2025-10-27,Deposit,iOS,375
5635,1124,2026-02-27,Withdrawal,Web,38
5636,1198,2025-12-14,View_Statement,Android,257
5637,1099,2026-02-19,Login,Android,119
5638,1006,2025-07-05,View_Portfolio,iOS,295
5639,1288,2025-09-29,Withdrawal,iOS,468
5640,1267,2026-03-05,Login,Android,487
5641,1043,2026-01-08,Withdrawal,Android,324
5642,1295,2026-01-17,View_Portfolio,Web,95
5643,1141,2026-04-16,View_Portfolio,Android,574
5644,1269,2026-05-03,View_Portfolio,iOS,331
5645,1039,2026-01-12,Login,Android,304
5646,1430,2026-04-24,Login,Android,546
5647,1162,2026-02-25,Deposit,Android,529
5648,1195,2025-07-21,Deposit,Web,208
5649,1416,2025-12-24,View_Statement,iOS,452
5650,1324,2026-02-25,Deposit,Android,388
5651,1104,2025-10-14,Login,iOS,11
5652,1245,2026-02-07,Login,iOS,250
5653,1065,2026-02-21,Login,iOS,256
5654,1201,2026-02-28,Login,Android,148
5655,1369,2025-06-26,Deposit,Web,224
5656,1242,2026-03-01,Login,iOS,306
5657,1007,2025-08-14,View_Portfolio,Android,506
5658,1219,2026-01-01,Deposit,iOS,509
5659,1003,2026-03-30,View_Portfolio,iOS,499
5660,1342,2026-03-07,Deposit,Android,77
5661,1464,2026-04-04,Deposit,Android,313
5662,1456,2025-12-15,Deposit,iOS,225
5663,1453,2026-04-19,View_Statement,Web,326
5664,1305,2026-02-02,View_Portfolio,Android,164
5665,1314,2026-02-26,Deposit,Web,592
5666,1478,2026-03-24,Deposit,Android,43
5667,1284,2026-03-09,Login,Web,262
5668,1371,2025-12-10,Withdrawal,iOS,523
5669,1411,2025-09-29,View_Statement,Web,256
5670,1498,2026-01-10,Login,Web,479
5671,1022,2026-03-26,Deposit,iOS,403
5672,1094,2026-05-02,Deposit,Web,499
5673,1357,2026-01-27,View_Portfolio,Android,236
5674,1071,2025-12-09,Login,Android,456
5675,1370,2025-09-10,Login,iOS,353
5676,1222,2026-01-30,Login,iOS,464
5677,1013,2025-08-26,Login,Android,414
5678,1406,2025-07-24,Withdrawal,iOS,507
5679,1459,2026-03-20,Login,iOS,411
5680,1005,2025-12-16,Deposit,iOS,239
5681,1022,2026-04-04,View_Portfolio,Android,288
5682,1463,2026-03-10,Login,iOS,449
5683,1383,2026-04-24,Login,Android,124
5684,1309,2026-01-15,View_Statement,Android,414
5685,1295,2026-02-08,Withdrawal,iOS,543
5686,1037,2026-04-27,Login,iOS,150
5687,1031,2026-04-30,Login,iOS,340
5688,1062,2026-04-10,View_Statement,Web,79
5689,1221,2025-10-03,Login,iOS,455
5690,1359,2026-04-21,View_Portfolio,Android,82
5691,1081,2025-12-29,Login,Android,413
5692,1383,2025-09-03,Login,iOS,454
5693,1233,2026-02-21,View_Portfolio,Android,161
5694,1006,2025-09-08,Login,iOS,469
5695,1105,2025-08-06,Login,iOS,300
5696,1337,2026-04-08,Deposit,iOS,228
5697,1162,2026-03-06,Deposit,iOS,266
5698,1343,2026-04-10,Login,iOS,214
5699,1052,2026-02-22,Deposit,iOS,305
5700,1158,2026-03-23,Login,Android,166
5701,1013,2025-12-25,Login,iOS,440
5702,1186,2026-04-23,Login,Android,589
5703,1222,2026-02-15,View_Statement,iOS,544
5704,1241,2025-11-14,Login,iOS,273
5705,1309,2025-12-10,Deposit,Android,523
5706,1148,2025-06-29,Login,Android,269
5707,1390,2026-04-06,Login,iOS,547
5708,1055,2025-12-15,Login,Android,527
5709,1415,2026-02-25,Deposit,iOS,464
5710,1059,2026-03-04,Login,iOS,295
5711,1403,2025-11-03,Deposit,Android,116
5712,1198,2026-04-19,View_Statement,iOS,17
5713,1098,2026-04-24,Login,iOS,372
5714,1156,2026-02-27,Withdrawal,Android,101
5715,1250,2026-05-04,Login,iOS,313
5716,1397,2026-03-25,Login,Android,530
5717,1180,2025-08-26,Login,iOS,53
5718,1074,2025-10-08,Deposit,Android,268
5719,1061,2026-03-12,Login,iOS,237
5720,1425,2025-07-26,Withdrawal,iOS,313
5721,1045,2025-09-14,Login,Android,19
5722,1135,2026-04-30,Deposit,iOS,490
5723,1210,2025-12-06,Withdrawal,Web,343
5724,1086,2026-01-12,Login,Android,265
5725,1270,2025-06-05,Deposit,iOS,155
5726,1292,2026-05-04,Login,iOS,42
5727,1264,2026-04-25,Login,iOS,511
5728,1268,2026-03-09,View_Portfolio,Android,329
5729,1424,2025-11-04,Login,iOS,560
5730,1496,2025-09-11,View_Portfolio,iOS,521
5731,1225,2025-07-21,Login,iOS,193
5732,1216,2025-11-27,Login,iOS,443
5733,1362,2025-06-26,Login,iOS,421
5734,1231,2026-04-08,Deposit,Web,75
5735,1190,2026-03-21,Login,Android,110
5736,1142,2025-12-18,Login,Android,105
5737,1177,2026-03-14,Deposit,Android,424
5738,1051,2025-09-14,Login,iOS,383
5739,1190,2026-04-11,View_Portfolio,Web,364
5740,1005,2026-04-02,Deposit,iOS,361
5741,1211,2026-04-26,Withdrawal,iOS,514
5742,1195,2025-08-20,View_Portfolio,iOS,382
5743,1001,2026-04-12,Login,Android,544
5744,1104,2026-04-02,Login,iOS,69
5745,1361,2026-04-14,Login,Android,416
5746,1101,2025-07-18,Login,iOS,129
5747,1128,2025-10-17,Login,Android,474
5748,1353,2026-03-21,Deposit,Android,573
5749,1305,2025-09-17,Deposit,Web,477
5750,1249,2025-11-12,Login,Android,372
5751,1494,2026-02-07,Login,Android,41
5752,1401,2025-09-16,Login,Web,175
5753,1457,2026-01-08,Login,Android,55
5754,1351,2026-01-06,Deposit,Android,462
5755,1291,2026-04-21,Withdrawal,iOS,583
5756,1451,2026-02-15,Login,iOS,107
5757,1269,2026-05-04,View_Portfolio,iOS,35
5758,1372,2025-07-02,Deposit,Android,380
5759,1421,2026-01-02,Deposit,iOS,408
5760,1038,2026-02-23,Login,iOS,520
5761,1334,2025-07-26,Login,iOS,78
5762,1390,2025-09-02,Withdrawal,iOS,167
5763,1250,2026-05-03,View_Statement,iOS,142
5764,1221,2026-01-01,Withdrawal,Android,189
5765,1063,2026-02-28,Login,iOS,25
5766,1253,2026-05-04,Login,iOS,177
5767,1433,2026-04-29,Deposit,iOS,163
5768,1265,2026-01-09,Withdrawal,iOS,501
5769,1164,2026-02-28,Login,iOS,321
5770,1023,2026-04-28,View_Portfolio,iOS,138
5771,1079,2026-02-12,Deposit,iOS,191
5772,1118,2025-11-30,View_Portfolio,iOS,340
5773,1185,2026-05-01,Deposit,iOS,269
5774,1434,2026-01-25,Deposit,Android,183
5775,1495,2025-05-17,Login,iOS,307
5776,1059,2026-04-13,Withdrawal,Android,295
5777,1370,2025-09-15,View_Portfolio,Android,487
5778,1391,2026-03-05,View_Portfolio,iOS,256
5779,1303,2026-04-20,Login,iOS,142
5780,1252,2026-01-08,Deposit,Android,343
5781,1089,2025-12-23,View_Statement,iOS,509
5782,1229,2026-02-11,Deposit,iOS,468
5783,1343,2025-12-29,Login,Android,358
5784,1331,2026-04-11,View_Portfolio,Android,332
5785,1440,2026-03-29,Login,iOS,406
5786,1238,2026-01-17,Login,Web,387
5787,1392,2025-10-03,Deposit,Android,569
5788,1292,2026-05-02,Login,iOS,485
5789,1426,2025-07-14,Login,Android,232
5790,1295,2026-01-09,Deposit,Web,495
5791,1321,2026-01-01,Deposit,Android,591
5792,1500,2026-04-26,View_Statement,Web,159
5793,1044,2026-04-27,Withdrawal,iOS,54
5794,1333,2025-07-30,View_Portfolio,iOS,67
5795,1080,2025-10-06,Deposit,iOS,49
5796,1174,2026-04-16,Login,Android,314
5797,1141,2026-03-19,Deposit,iOS,555
5798,1037,2026-03-21,Withdrawal,iOS,518
5799,1014,2026-01-15,Deposit,iOS,495
5800,1122,2026-05-02,Login,Android,239
5801,1397,2026-03-06,Login,Android,208
5802,1238,2026-01-12,Deposit,iOS,522
5803,1396,2026-01-13,Login,iOS,361
5804,1055,2025-12-10,View_Portfolio,iOS,31
5805,1412,2025-11-21,Deposit,iOS,241
5806,1022,2026-03-16,View_Portfolio,Android,204
5807,1340,2026-02-15,Login,Android,205
5808,1495,2026-03-16,Deposit,Android,391
5809,1403,2026-04-21,View_Statement,iOS,450
5810,1203,2026-04-20,Login,iOS,459
5811,1414,2025-05-28,Login,iOS,375
5812,1438,2026-03-26,Login,iOS,261
5813,1346,2026-04-12,Login,iOS,571
5814,1015,2025-09-28,Deposit,iOS,545
5815,1030,2025-09-20,Login,iOS,75
5816,1029,2026-03-21,Withdrawal,Android,405
5817,1252,2026-01-04,Deposit,Android,398
5818,1160,2025-10-11,Login,iOS,531
5819,1117,2026-04-21,View_Statement,Android,543
5820,1158,2026-03-30,Login,iOS,374
5821,1108,2026-03-30,Deposit,iOS,95
5822,1115,2026-01-15,Login,Android,13
5823,1272,2026-05-01,View_Statement,iOS,587
5824,1420,2026-01-23,View_Statement,Android,351
5825,1338,2026-04-27,Login,Web,194
5826,1489,2026-05-02,Login,iOS,97
5827,1176,2025-12-23,View_Portfolio,Android,543
5828,1231,2025-12-04,Login,iOS,211
5829,1284,2026-03-28,Withdrawal,iOS,583
5830,1318,2025-12-02,View_Statement,iOS,31
5831,1250,2026-05-04,Deposit,Android,548
5832,1467,2026-01-27,View_Portfolio,iOS,98
5833,1440,2026-02-05,Login,iOS,31
5834,1056,2025-08-07,View_Statement,iOS,522
5835,1331,2026-04-08,Login,iOS,536
5836,1273,2026-02-13,Login,iOS,167
5837,1190,2026-04-22,View_Portfolio,Android,87
5838,1021,2026-05-01,Deposit,Web,500
5839,1165,2025-10-07,View_Portfolio,iOS,555
5840,1492,2026-03-12,View_Portfolio,Android,450
5841,1371,2025-11-05,Deposit,Android,42
5842,1418,2025-09-29,Login,iOS,244
5843,1481,2026-02-14,Withdrawal,iOS,94
5844,1285,2026-03-18,Login,Web,233
5845,1068,2025-09-27,Login,Web,537
5846,1480,2026-03-04,Deposit,iOS,78
5847,1444,2026-02-09,View_Statement,Android,419
5848,1267,2026-02-26,View_Portfolio,Android,28
5849,1218,2026-04-24,Login,Android,472
5850,1338,2026-01-25,View_Portfolio,Android,235
5851,1384,2026-03-28,View_Statement,Android,151
5852,1373,2025-09-06,Login,Android,378
5853,1096,2026-02-05,Login,Android,119
5854,1188,2026-04-06,Login,iOS,227
5855,1475,2026-02-11,Deposit,Android,517
5856,1208,2026-03-04,Login,Android,57
5857,1074,2025-12-07,Deposit,Web,359
5858,1364,2026-03-16,Withdrawal,Web,55
5859,1162,2026-02-17,Deposit,Android,96
5860,1161,2026-03-27,View_Statement,iOS,248
5861,1394,2026-02-27,Deposit,Android,291
5862,1490,2026-04-15,Login,Android,12
5863,1060,2026-01-18,Deposit,Android,595
5864,1026,2026-01-12,View_Statement,iOS,38
5865,1362,2025-09-24,Login,iOS,398
5866,1025,2026-03-27,Login,iOS,152
5867,1258,2025-05-09,Withdrawal,iOS,291
5868,1346,2025-09-24,Login,Android,45
5869,1340,2025-10-21,View_Portfolio,Web,525
5870,1003,2026-04-27,Deposit,Web,516
5871,1288,2026-03-22,View_Portfolio,Android,294
5872,1257,2026-04-11,Deposit,Android,253
5873,1280,2026-04-08,Login,Android,543
5874,1306,2025-08-20,Login,iOS,485
5875,1427,2026-02-17,Login,iOS,368
5876,1248,2026-04-24,View_Portfolio,Android,220
5877,1044,2026-04-13,Deposit,iOS,264
5878,1033,2026-02-12,View_Portfolio,Android,520
5879,1294,2026-04-23,Login,Android,597
5880,1112,2025-09-20,Withdrawal,Android,243
5881,1308,2026-04-21,Login,Android,399
5882,1291,2026-04-20,Login,Android,492
5883,1273,2026-04-20,Login,Android,148
5884,1314,2026-03-05,View_Portfolio,Web,586
5885,1304,2025-09-25,Deposit,Web,436
5886,1043,2025-12-11,Deposit,iOS,427
5887,1304,2026-03-02,View_Portfolio,Web,144
5888,1044,2026-03-02,Deposit,iOS,133
5889,1289,2026-03-21,Deposit,Android,321
5890,1459,2026-03-26,View_Statement,Web,138
5891,1087,2025-11-18,Deposit,iOS,366
5892,1230,2025-11-29,View_Portfolio,Web,163
5893,1480,2026-04-11,Deposit,Web,294
5894,1083,2025-07-10,Login,Web,46
5895,1204,2026-03-03,View_Portfolio,Android,123
5896,1476,2026-03-08,View_Statement,iOS,503
5897,1130,2026-03-20,Deposit,iOS,13
5898,1138,2026-04-02,Deposit,Android,454
5899,1083,2025-07-20,Deposit,iOS,477
5900,1412,2025-10-13,View_Statement,Web,186
5901,1175,2026-04-22,View_Statement,iOS,151
5902,1136,2026-04-21,Login,Android,572
5903,1107,2026-03-08,View_Portfolio,iOS,511
5904,1151,2026-03-30,Deposit,iOS,40
5905,1432,2026-03-25,Login,Android,139
5906,1109,2026-02-15,Deposit,Android,100
5907,1222,2026-03-25,Login,iOS,180
5908,1348,2026-03-19,View_Portfolio,iOS,262
5909,1319,2025-06-17,Login,Android,97
5910,1333,2025-07-16,View_Portfolio,Android,463
5911,1247,2026-02-02,View_Statement,iOS,537
5912,1037,2026-04-09,Login,Android,125
5913,1268,2026-03-24,Withdrawal,iOS,178
5914,1074,2025-10-14,Deposit,Web,438
5915,1115,2025-11-15,View_Statement,iOS,537
5916,1081,2025-12-06,View_Portfolio,iOS,237
5917,1193,2026-05-02,Withdrawal,iOS,424
5918,1214,2026-04-22,View_Statement,Android,20
5919,1015,2025-10-09,Login,Web,220
5920,1336,2025-11-29,Login,Android,343
5921,1084,2025-08-22,View_Portfolio,Android,472
5922,1375,2026-04-08,Login,iOS,529
5923,1266,2026-01-24,View_Statement,iOS,70
5924,1298,2025-08-01,Withdrawal,Web,475
5925,1154,2026-03-25,Deposit,Android,172
5926,1305,2026-02-04,Login,iOS,327
5927,1253,2026-03-14,Login,Android,29
5928,1407,2026-04-30,Login,iOS,575
5929,1448,2026-03-15,Deposit,Web,76
5930,1273,2026-01-11,View_Portfolio,Android,391
5931,1418,2026-02-23,Deposit,iOS,592
5932,1361,2026-02-25,Deposit,iOS,315
5933,1313,2026-04-25,Login,Android,196
5934,1342,2025-10-22,Login,iOS,185
5935,1132,2026-04-26,View_Statement,iOS,538
5936,1199,2026-04-02,Login,iOS,208
5937,1325,2025-10-25,Login,iOS,60
5938,1351,2026-04-13,View_Portfolio,Android,590
5939,1083,2025-08-31,Deposit,Android,459
5940,1452,2026-04-16,Login,Web,94
5941,1306,2026-01-24,View_Statement,Android,343
5942,1126,2026-03-15,Deposit,Android,226
5943,1214,2026-03-21,Login,Web,61
5944,1323,2025-12-27,View_Portfolio,Web,572
5945,1215,2026-04-17,Login,Android,28
5946,1452,2026-03-21,Deposit,iOS,167
5947,1238,2026-01-10,View_Portfolio,iOS,506
5948,1088,2026-03-17,View_Statement,iOS,83
5949,1384,2025-11-28,Login,Web,439
5950,1443,2025-11-05,Login,iOS,284
5951,1462,2025-09-11,Deposit,Android,156
5952,1113,2026-04-02,View_Statement,Android,494
5953,1105,2025-08-31,Withdrawal,Android,434
5954,1371,2025-11-15,Deposit,iOS,280
5955,1063,2026-03-07,Login,iOS,365
5956,1451,2025-07-25,Deposit,Android,571
5957,1239,2025-11-27,View_Portfolio,Android,64
5958,1469,2026-03-13,Login,Android,130
5959,1026,2026-04-08,Login,iOS,351
5960,1128,2025-12-11,Deposit,iOS,45
5961,1001,2026-05-04,Login,iOS,207
5962,1094,2026-05-02,Deposit,Android,500
5963,1371,2025-12-01,Login,Android,180
5964,1452,2025-09-18,Login,Web,163
5965,1462,2025-10-29,View_Portfolio,Web,590
5966,1402,2026-05-03,Deposit,Android,288
5967,1012,2025-10-12,View_Statement,Android,581
5968,1166,2025-12-26,Withdrawal,Android,582
5969,1298,2025-08-25,Login,Android,330
5970,1420,2026-01-07,Login,iOS,364
5971,1272,2026-05-03,Withdrawal,iOS,392
5972,1449,2025-12-25,Login,iOS,50
5973,1067,2026-04-04,View_Statement,Web,362
5974,1167,2026-01-30,Login,Android,90
5975,1254,2025-12-02,Login,iOS,409
5976,1355,2026-02-10,Login,iOS,136
5977,1253,2026-05-03,Deposit,Android,309
5978,1246,2026-05-04,View_Portfolio,iOS,167
5979,1059,2026-04-07,Login,iOS,139
5980,1463,2025-12-16,Deposit,Android,214
5981,1294,2026-04-17,Login,iOS,559
5982,1144,2025-12-08,Deposit,iOS,474
5983,1209,2026-03-04,Login,Web,160
5984,1226,2025-07-31,Deposit,Android,38
5985,1458,2026-04-22,Deposit,iOS,505
5986,1395,2026-04-13,Login,Web,66
5987,1284,2026-03-02,Withdrawal,Web,210
5988,1091,2026-01-02,Deposit,iOS,230
5989,1486,2026-01-11,Deposit,iOS,363
5990,1466,2026-03-02,Deposit,iOS,599
5991,1111,2025-11-30,Withdrawal,Web,494
5992,1240,2026-02-17,Deposit,Android,96
5993,1350,2026-04-29,View_Statement,iOS,110
5994,1333,2025-07-04,View_Statement,Android,389
5995,1080,2025-11-29,Withdrawal,Android,125
5996,1386,2026-01-05,View_Statement,iOS,417
5997,1404,2025-07-26,View_Statement,Android,221
5998,1204,2026-03-10,Login,iOS,430
5999,1477,2025-09-21,View_Statement,iOS,225
6000,1238,2026-01-30,Login,iOS,518
6001,1328,2026-03-30,Login,Web,395
6002,1294,2026-05-03,View_Statement,Web,214
6003,1494,2026-04-09,Login,Web,596
6004,1184,2026-04-06,Deposit,Web,405
6005,1495,2026-03-26,View_Statement,iOS,314
6006,1212,2026-04-12,Login,Web,342
6007,1251,2026-04-12,Login,iOS,443
6008,1227,2026-03-10,Deposit,Android,525
6009,1167,2026-03-20,View_Portfolio,Android,213
6010,1031,2026-04-10,View_Portfolio,iOS,554
6011,1336,2025-11-30,View_Portfolio,iOS,317
6012,1151,2026-02-01,Login,iOS,456
6013,1162,2025-10-13,Login,Android,496
6014,1096,2025-10-03,Withdrawal,Android,341
6015,1273,2026-04-13,Withdrawal,Android,471
6016,1363,2026-04-04,Login,iOS,159
6017,1024,2026-02-04,Login,Android,469
6018,1419,2026-04-20,Login,Android,249
6019,1118,2025-09-26,View_Portfolio,iOS,223
6020,1407,2026-04-24,View_Statement,iOS,362
6021,1392,2025-08-11,Login,Web,266
6022,1438,2026-04-02,Login,Android,549
6023,1087,2026-02-06,Login,iOS,441
6024,1405,2025-09-17,View_Statement,iOS,374
6025,1275,2025-12-26,View_Statement,iOS,123
6026,1415,2025-07-23,Deposit,iOS,320
6027,1050,2026-04-20,Login,iOS,366
6028,1327,2026-03-12,Login,iOS,139
6029,1112,2025-12-15,Deposit,iOS,314
6030,1280,2026-04-26,View_Statement,iOS,253
6031,1302,2026-03-12,Login,Android,491
6032,1136,2026-04-19,View_Portfolio,iOS,155
6033,1333,2025-07-11,Login,Android,33
6034,1003,2026-04-01,Deposit,iOS,138
6035,1162,2026-03-26,View_Portfolio,iOS,183
6036,1077,2026-02-23,Withdrawal,iOS,545
6037,1185,2026-04-26,View_Portfolio,iOS,286
6038,1374,2026-03-08,View_Portfolio,Web,550
6039,1058,2025-09-29,Login,iOS,585
6040,1480,2026-03-28,Login,iOS,404
6041,1163,2026-04-14,View_Portfolio,iOS,111
6042,1021,2026-01-19,Login,iOS,195
6043,1065,2026-04-25,Deposit,Android,271
6044,1066,2025-07-25,View_Statement,iOS,342
6045,1441,2025-12-15,View_Portfolio,iOS,377
6046,1298,2025-06-18,View_Portfolio,iOS,282
6047,1299,2026-03-27,Login,Android,524
6048,1282,2026-04-22,View_Portfolio,Android,167
6049,1451,2025-11-27,View_Statement,iOS,491
6050,1472,2026-01-15,Withdrawal,Android,182
6051,1410,2025-11-15,Login,iOS,426
6052,1392,2025-05-31,Deposit,iOS,509
6053,1175,2026-04-08,View_Portfolio,Web,558
6054,1165,2025-09-11,View_Portfolio,iOS,36
6055,1456,2026-02-10,Login,Android,215
6056,1082,2025-12-16,Login,iOS,299
6057,1146,2026-05-01,Withdrawal,iOS,544
6058,1204,2026-03-01,Withdrawal,Android,145
6059,1164,2026-02-10,Deposit,Android,284
6060,1104,2025-08-31,Deposit,Android,405
6061,1130,2026-01-06,Withdrawal,Android,13
6062,1084,2025-10-06,Login,Android,232
6063,1120,2026-01-22,Login,Android,456
6064,1259,2025-10-12,Deposit,Android,181
6065,1104,2026-01-12,Login,Web,385
6066,1364,2026-01-10,View_Portfolio,Android,128
6067,1034,2026-04-12,View_Portfolio,iOS,158
6068,1382,2026-04-24,Withdrawal,iOS,533
6069,1369,2025-12-03,View_Statement,iOS,208
6070,1366,2026-04-01,Login,iOS,304
6071,1174,2026-04-07,Login,iOS,554
6072,1446,2026-01-25,Login,iOS,465
6073,1326,2026-05-03,View_Portfolio,Web,432
6074,1232,2026-03-12,Deposit,iOS,168
6075,1185,2026-04-30,Login,iOS,254
6076,1394,2026-04-24,Login,Android,380
6077,1344,2025-07-29,View_Portfolio,iOS,480
6078,1018,2025-11-21,Withdrawal,Android,416
6079,1417,2025-11-19,Deposit,Android,419
6080,1231,2026-02-04,View_Statement,Android,214
6081,1135,2026-04-28,View_Portfolio,iOS,164
6082,1045,2025-10-28,Login,iOS,278
6083,1112,2025-11-24,Deposit,iOS,448
6084,1492,2026-03-31,Deposit,Android,579
6085,1413,2025-08-28,View_Portfolio,Web,312
6086,1083,2025-09-25,Login,Android,107
6087,1422,2025-10-06,Deposit,Android,56
6088,1039,2026-02-23,Deposit,Web,213
6089,1254,2025-11-16,View_Statement,Android,398
6090,1409,2025-11-27,View_Portfolio,Android,15
6091,1145,2026-01-17,Deposit,iOS,355
6092,1317,2026-04-20,Deposit,iOS,472
6093,1051,2025-07-17,View_Portfolio,iOS,274
6094,1293,2026-02-26,Withdrawal,iOS,86
6095,1067,2026-03-18,View_Portfolio,iOS,556
6096,1024,2026-04-26,View_Portfolio,Web,496
6097,1122,2026-04-25,View_Portfolio,Android,548
6098,1466,2026-02-02,Login,Android,109
6099,1049,2026-03-13,Login,iOS,318
6100,1474,2026-04-08,Deposit,iOS,91
6101,1149,2026-04-05,Withdrawal,iOS,513
6102,1459,2026-04-09,Login,iOS,15
6103,1185,2026-04-28,Login,iOS,478
6104,1250,2026-05-03,Deposit,iOS,543
6105,1425,2025-06-28,View_Statement,iOS,130
6106,1145,2025-11-16,Deposit,iOS,561
6107,1243,2026-04-11,Login,iOS,552
6108,1365,2026-04-09,Login,iOS,577
6109,1358,2026-04-21,Login,Web,335
6110,1149,2026-02-27,View_Statement,Android,99
6111,1068,2026-05-04,View_Statement,Android,429
6112,1224,2026-02-04,Deposit,Android,396
6113,1210,2026-02-01,Deposit,Android,194
6114,1192,2025-10-03,View_Portfolio,Android,457
6115,1300,2026-05-01,Login,Web,510
6116,1124,2026-04-16,Login,iOS,167
6117,1284,2026-03-07,Deposit,Android,433
6118,1292,2026-05-02,View_Portfolio,Web,359
6119,1421,2026-01-05,Withdrawal,iOS,35
6120,1383,2025-10-17,Login,iOS,332
6121,1300,2026-05-04,View_Statement,iOS,182
6122,1050,2026-01-22,Withdrawal,Android,379
6123,1474,2026-04-26,View_Portfolio,iOS,236
6124,1369,2025-10-31,Login,Android,100
6125,1183,2026-03-23,Login,Web,37
6126,1247,2026-01-13,Login,iOS,246
6127,1088,2026-03-08,View_Statement,iOS,328
6128,1138,2026-02-24,Login,Web,132
6129,1038,2026-04-26,Deposit,Android,255
6130,1049,2025-10-25,Deposit,Android,582
6131,1072,2026-02-11,Deposit,iOS,143
6132,1258,2026-02-17,Deposit,Web,474
6133,1044,2026-04-04,Login,Web,329
6134,1291,2026-04-25,Login,Android,480
6135,1116,2026-04-21,Login,iOS,354
6136,1149,2026-02-24,Login,Android,550
6137,1313,2026-05-02,Login,iOS,296
6138,1347,2026-03-27,Withdrawal,iOS,494
6139,1279,2026-01-07,Login,Android,161
6140,1288,2025-12-20,Login,iOS,387
6141,1218,2026-03-11,Withdrawal,iOS,324
6142,1071,2025-07-19,Login,Android,340
6143,1161,2026-01-27,View_Statement,iOS,523
6144,1273,2026-03-19,Deposit,iOS,315
6145,1127,2026-04-09,View_Statement,iOS,263
6146,1456,2026-03-07,Login,Android,486
6147,1170,2026-04-06,Login,iOS,96
6148,1017,2025-12-15,Deposit,iOS,300
6149,1304,2025-08-03,Login,iOS,386
6150,1490,2026-05-03,Deposit,iOS,300
6151,1239,2026-04-16,Deposit,Web,352
6152,1176,2025-12-29,Deposit,iOS,423
6153,1210,2025-12-13,View_Portfolio,Android,517
6154,1484,2026-02-09,Login,Android,353
6155,1057,2026-02-28,Deposit,iOS,420
6156,1359,2026-04-14,Deposit,iOS,446
6157,1189,2026-03-18,Withdrawal,Web,272
6158,1044,2026-02-24,Login,iOS,185
6159,1407,2026-04-24,Deposit,iOS,257
6160,1460,2026-03-21,Deposit,Android,81
6161,1122,2026-04-29,View_Statement,iOS,229
6162,1471,2026-03-04,View_Portfolio,Android,350
6163,1309,2026-04-25,Login,iOS,472
6164,1033,2026-04-19,Deposit,Android,117
6165,1312,2026-03-28,View_Portfolio,Android,244
6166,1028,2026-04-14,Deposit,Android,174
6167,1492,2026-03-15,Login,iOS,228
6168,1151,2026-02-11,Login,Android,597
6169,1063,2025-09-14,Login,Android,200
6170,1007,2025-10-30,Login,iOS,104
6171,1111,2026-01-04,Withdrawal,iOS,392
6172,1130,2026-04-01,Deposit,iOS,12
6173,1449,2025-11-20,Login,Android,99
6174,1132,2026-02-06,Deposit,Web,322
6175,1008,2026-05-01,Login,Android,575
6176,1382,2026-04-30,Login,Android,207
6177,1305,2025-06-07,Withdrawal,Android,67
6178,1029,2026-03-24,View_Portfolio,iOS,188
6179,1338,2026-03-03,Deposit,iOS,178
6180,1311,2025-11-24,View_Portfolio,iOS,586
6181,1421,2026-03-29,Login,Android,278
6182,1351,2026-01-17,Login,iOS,475
6183,1006,2025-10-21,Deposit,Android,509
6184,1492,2026-03-27,Login,iOS,533
6185,1408,2025-11-11,View_Portfolio,Android,291
6186,1112,2025-11-21,Login,Web,113
6187,1105,2025-07-14,Withdrawal,iOS,437
6188,1207,2025-06-27,Deposit,Android,478
6189,1040,2026-04-28,View_Portfolio,Android,443
6190,1268,2026-02-12,View_Portfolio,iOS,250
6191,1320,2026-04-18,Login,iOS,276
6192,1046,2026-03-07,Login,Android,510
6193,1241,2025-08-24,View_Portfolio,Android,108
6194,1270,2025-10-21,Deposit,Android,506
6195,1155,2026-04-12,Deposit,Web,166
6196,1116,2026-03-01,Login,Web,49
6197,1037,2026-04-15,Deposit,Web,81
6198,1205,2025-11-25,Login,iOS,373
6199,1249,2025-08-27,View_Portfolio,iOS,63
6200,1486,2026-02-10,Login,Android,242
6201,1110,2026-04-25,Login,Android,312
6202,1486,2026-04-03,Login,iOS,88
6203,1318,2025-09-28,Deposit,iOS,516
6204,1323,2025-06-05,View_Statement,Web,41
6205,1080,2025-10-07,Login,iOS,321
6206,1076,2026-02-25,Login,Web,241
6207,1270,2025-09-01,Deposit,Android,188
6208,1098,2026-04-29,Withdrawal,Android,183
6209,1498,2025-11-11,View_Statement,iOS,44
6210,1479,2026-05-03,Login,Android,97
6211,1423,2025-08-22,View_Portfolio,Android,473
6212,1389,2026-02-07,Login,iOS,173
6213,1076,2026-04-25,Login,iOS,85
6214,1282,2026-04-20,Login,Android,197
6215,1081,2025-12-13,View_Statement,iOS,89
6216,1364,2026-01-25,View_Portfolio,Web,314
6217,1309,2025-12-20,Login,Web,334
6218,1063,2025-11-06,View_Statement,iOS,120
6219,1267,2026-02-21,Login,Web,541
6220,1033,2026-03-24,Login,Android,431
6221,1297,2025-06-02,Withdrawal,iOS,192
6222,1040,2026-04-24,View_Statement,iOS,276
6223,1174,2025-12-31,Deposit,iOS,500
6224,1260,2026-01-01,View_Portfolio,Android,21
6225,1224,2025-12-04,View_Statement,iOS,552
6226,1223,2026-01-26,Login,iOS,305
6227,1267,2025-12-15,Login,iOS,349
6228,1465,2026-04-07,Login,Android,292
6229,1155,2026-04-28,View_Portfolio,Android,162
6230,1264,2026-02-27,Deposit,Web,443
6231,1149,2026-03-16,Login,iOS,363
6232,1225,2026-01-28,Deposit,iOS,44
6233,1383,2026-04-05,Deposit,Android,511
6234,1498,2025-11-10,Withdrawal,iOS,189
6235,1127,2026-01-17,View_Portfolio,Android,497
6236,1005,2026-03-04,Login,iOS,48
6237,1446,2026-01-18,Deposit,iOS,127
6238,1288,2025-09-10,Login,Android,88
6239,1345,2026-04-19,View_Portfolio,iOS,486
6240,1058,2025-09-21,Withdrawal,iOS,294
6241,1072,2026-04-12,Withdrawal,Android,282
6242,1155,2026-02-09,Login,Web,536
6243,1282,2026-04-29,Deposit,iOS,177
6244,1168,2025-10-29,View_Portfolio,Android,84
6245,1029,2026-04-20,Withdrawal,iOS,268
6246,1457,2026-01-03,View_Portfolio,iOS,470
6247,1082,2026-02-08,Login,iOS,384
6248,1263,2025-11-21,Login,Android,66
6249,1106,2026-04-02,Deposit,iOS,213
6250,1277,2026-03-04,Deposit,Android,395
6251,1464,2026-04-18,Login,Web,426
6252,1451,2025-08-03,Login,Android,446
6253,1352,2026-02-21,Withdrawal,Web,72
6254,1010,2026-05-02,Deposit,iOS,65
6255,1062,2026-04-11,Login,iOS,425
6256,1224,2025-09-11,View_Statement,iOS,277
6257,1136,2026-04-01,Deposit,iOS,181
6258,1224,2025-12-14,Deposit,Android,285
6259,1114,2026-03-22,View_Statement,Android,346
6260,1260,2025-11-17,Login,iOS,445
6261,1157,2026-03-27,Deposit,Android,501
6262,1396,2026-03-30,View_Portfolio,iOS,401
6263,1229,2025-09-19,Login,iOS,260
6264,1100,2026-02-23,Withdrawal,iOS,123
6265,1255,2026-01-18,View_Portfolio,Android,472
6266,1179,2026-03-04,Login,Web,224
6267,1275,2025-11-29,Login,iOS,471
6268,1229,2026-04-16,Login,Android,369
6269,1367,2026-03-09,Deposit,Android,292
6270,1031,2026-04-06,Login,iOS,500
6271,1108,2026-03-22,Login,Web,214
6272,1282,2026-03-11,View_Portfolio,iOS,304
6273,1109,2026-03-01,Deposit,Web,372
6274,1390,2026-03-07,Login,iOS,227
6275,1029,2026-03-25,View_Statement,Android,501
6276,1017,2026-03-25,View_Portfolio,Android,84
6277,1404,2026-02-26,Login,iOS,82
6278,1170,2026-04-16,View_Portfolio,iOS,372
6279,1366,2026-03-10,Deposit,iOS,89
6280,1175,2026-03-14,Withdrawal,iOS,250
6281,1074,2025-08-26,Login,Android,221
6282,1454,2025-11-09,Login,Android,400
6283,1240,2026-01-11,Login,iOS,170
6284,1096,2025-12-27,Login,iOS,86
6285,1002,2025-09-15,Deposit,iOS,440
6286,1202,2025-08-07,Deposit,iOS,44
6287,1037,2026-03-30,Login,Web,589
6288,1091,2025-12-09,View_Portfolio,iOS,72
6289,1233,2025-06-18,Withdrawal,iOS,103
6290,1147,2026-03-02,Deposit,iOS,271
6291,1499,2026-01-20,View_Statement,iOS,386
6292,1297,2026-02-06,View_Statement,iOS,529
6293,1400,2026-04-15,Login,iOS,319
6294,1253,2026-04-21,Deposit,iOS,336
6295,1371,2025-09-03,View_Portfolio,Android,579
6296,1212,2026-02-18,Login,iOS,165
6297,1444,2026-04-18,Login,Android,558
6298,1441,2025-12-07,Login,iOS,243
6299,1484,2026-04-06,Login,iOS,430
6300,1064,2026-02-20,View_Statement,iOS,144
6301,1005,2026-01-22,View_Portfolio,iOS,439
6302,1146,2026-05-03,Login,iOS,195
6303,1072,2026-01-10,View_Portfolio,Web,520
6304,1397,2026-03-26,Login,iOS,83
6305,1105,2025-09-11,Login,iOS,477
6306,1330,2025-12-28,Login,Android,237
6307,1036,2025-11-26,Login,Android,119
6308,1147,2026-02-10,Login,Android,271
6309,1415,2025-12-25,View_Portfolio,iOS,97
6310,1256,2026-01-14,Login,Android,18
6311,1228,2025-11-01,View_Portfolio,Android,74
6312,1349,2026-04-23,Login,iOS,408
6313,1365,2026-02-26,Deposit,Web,336
6314,1279,2026-03-04,View_Portfolio,Android,311
6315,1416,2026-02-01,Login,Android,356
6316,1113,2026-04-19,Deposit,iOS,558
6317,1011,2025-07-11,Deposit,Web,319
6318,1194,2026-02-16,Login,iOS,111
6319,1224,2025-07-20,Login,Web,243
6320,1250,2026-05-04,Withdrawal,iOS,304
6321,1389,2026-02-15,Login,Web,325
6322,1249,2025-08-24,Login,Android,562
6323,1351,2026-03-10,Withdrawal,Android,569
6324,1269,2026-05-04,View_Statement,iOS,267
6325,1342,2025-12-04,Login,iOS,19
6326,1448,2026-05-03,Withdrawal,Android,435
6327,1291,2026-05-03,View_Statement,iOS,399
6328,1083,2026-02-26,Login,Android,140
6329,1029,2026-04-24,Deposit,Web,199
6330,1407,2026-04-26,Login,iOS,427
6331,1339,2025-11-07,View_Portfolio,iOS,263
6332,1080,2025-11-24,Login,iOS,34
6333,1095,2026-03-14,Login,iOS,203
6334,1400,2025-11-03,Withdrawal,Android,45
6335,1410,2025-08-10,View_Portfolio,iOS,181
6336,1259,2026-02-12,Login,iOS,499
6337,1122,2026-04-18,Withdrawal,Web,437
6338,1124,2026-02-13,View_Statement,iOS,467
6339,1023,2026-05-02,View_Portfolio,Web,252
6340,1441,2025-11-01,Withdrawal,iOS,556
6341,1393,2025-12-03,View_Statement,iOS,351
6342,1435,2026-02-19,View_Portfolio,iOS,375
6343,1216,2025-08-23,Withdrawal,iOS,489
6344,1289,2026-01-24,View_Statement,Android,153
6345,1462,2025-11-12,View_Portfolio,Android,487
6346,1092,2026-04-19,Deposit,Android,173
6347,1024,2026-04-06,Deposit,iOS,452
6348,1107,2025-08-26,Login,Android,590
6349,1306,2026-03-16,Login,iOS,151
6350,1052,2026-02-05,Withdrawal,Android,110
6351,1199,2026-01-30,Deposit,iOS,549
6352,1294,2026-05-01,View_Portfolio,iOS,380
6353,1300,2026-04-22,View_Statement,Android,393
6354,1345,2026-04-24,Deposit,Web,271
6355,1382,2026-04-05,Login,Android,210
6356,1056,2025-06-26,Deposit,Android,352
6357,1194,2026-03-13,Login,Web,262
6358,1045,2025-08-29,Deposit,Android,145
6359,1436,2025-08-30,Deposit,Android,592
6360,1385,2026-02-20,Withdrawal,Android,326
6361,1343,2026-01-21,Login,Web,341
6362,1239,2026-04-03,Login,Android,571
6363,1372,2025-08-02,Login,Web,345
6364,1232,2026-03-07,Withdrawal,iOS,205
6365,1466,2025-11-12,Deposit,Web,238
6366,1320,2026-04-07,Deposit,iOS,274
6367,1239,2026-03-18,Login,Android,530
6368,1392,2025-06-17,View_Portfolio,Android,597
6369,1482,2026-01-13,View_Statement,Android,160
6370,1427,2026-04-08,Login,iOS,492
6371,1136,2026-04-07,Withdrawal,Web,241
6372,1285,2026-04-09,Login,iOS,274
6373,1013,2025-09-06,Withdrawal,iOS,470
6374,1385,2026-04-04,Deposit,Android,381
6375,1029,2026-03-14,Deposit,Android,130
6376,1178,2026-05-01,Login,Android,52
6377,1293,2025-10-27,View_Portfolio,Web,139
6378,1257,2026-04-18,Login,iOS,248
6379,1108,2026-04-05,View_Statement,iOS,459
6380,1069,2026-02-26,Login,Web,450
6381,1373,2025-11-07,Login,Android,324
6382,1176,2025-11-21,Deposit,Web,248
6383,1183,2026-03-15,View_Portfolio,Web,416
6384,1242,2026-04-22,Deposit,Android,198
6385,1194,2026-02-12,Login,Android,593
6386,1367,2026-04-17,View_Portfolio,iOS,499
6387,1319,2025-06-11,Deposit,iOS,266
6388,1022,2026-04-09,Login,Android,17
6389,1350,2026-03-20,Deposit,Android,504
6390,1011,2025-08-10,Withdrawal,Android,572
6391,1285,2026-03-19,Withdrawal,iOS,375
6392,1362,2025-10-25,Withdrawal,iOS,173
6393,1259,2025-09-11,View_Portfolio,iOS,209
6394,1173,2026-04-17,View_Portfolio,Android,481
6395,1205,2025-12-23,Deposit,Android,100
6396,1248,2026-02-25,Login,iOS,294
6397,1259,2026-01-26,Withdrawal,Android,91
6398,1330,2025-09-20,View_Statement,iOS,210
6399,1452,2026-03-27,Login,Android,264
6400,1270,2025-12-31,Deposit,iOS,47
6401,1471,2026-03-07,View_Portfolio,Android,343
6402,1081,2025-12-21,Deposit,iOS,240
6403,1321,2026-02-23,View_Statement,iOS,87
6404,1441,2025-09-06,Deposit,iOS,593
6405,1399,2026-03-21,Deposit,Web,360
6406,1188,2025-12-23,Login,iOS,365
6407,1438,2026-03-27,View_Statement,iOS,397
6408,1373,2025-08-11,Login,iOS,243
6409,1386,2026-04-22,View_Statement,Web,494
6410,1338,2026-04-06,Login,iOS,528
6411,1448,2026-02-13,Login,iOS,135
6412,1231,2026-04-23,Deposit,iOS,597
6413,1470,2025-08-30,Withdrawal,Web,456
6414,1028,2026-04-09,Deposit,Web,398
6415,1350,2026-04-18,Login,iOS,396
6416,1461,2026-01-30,Deposit,Android,489
6417,1323,2025-09-22,View_Statement,iOS,253
6418,1003,2026-04-05,View_Statement,iOS,493
6419,1237,2025-11-14,Login,Android,487
6420,1181,2026-02-09,Withdrawal,iOS,263
6421,1410,2025-07-27,Withdrawal,iOS,170
6422,1004,2026-04-06,Withdrawal,Web,434
6423,1400,2026-02-21,Login,iOS,140
6424,1348,2026-02-17,Deposit,iOS,163
6425,1072,2026-01-31,View_Portfolio,Android,303
6426,1182,2026-04-20,Login,iOS,253
6427,1104,2026-02-28,Login,iOS,242
6428,1272,2026-05-02,Login,iOS,555
6429,1287,2026-05-01,View_Portfolio,iOS,204
6430,1087,2026-02-17,View_Portfolio,iOS,599
6431,1386,2026-02-12,Login,iOS,246
6432,1073,2025-07-13,View_Portfolio,Android,375
6433,1091,2025-10-30,Login,Web,498
6434,1173,2026-04-23,Withdrawal,iOS,186
6435,1310,2025-07-03,Deposit,Android,316
6436,1187,2026-04-28,Deposit,iOS,249
6437,1443,2026-04-06,View_Portfolio,Web,300
6438,1406,2025-11-17,Deposit,Android,188
6439,1236,2026-02-15,Login,Android,508
6440,1162,2026-01-05,Login,iOS,552
6441,1073,2025-07-22,View_Statement,iOS,509
6442,1225,2025-12-02,Login,iOS,430
6443,1384,2025-11-30,Withdrawal,Web,151
6444,1230,2026-04-03,Deposit,iOS,451
6445,1254,2026-01-07,Login,iOS,37
6446,1440,2025-12-26,View_Portfolio,iOS,254
6447,1162,2025-11-12,View_Statement,iOS,21
6448,1355,2026-01-11,Login,Android,370
6449,1250,2026-05-03,Login,Android,79
6450,1495,2025-07-07,View_Portfolio,iOS,333
6451,1410,2025-07-23,Deposit,iOS,577
6452,1199,2026-04-25,Withdrawal,iOS,14
6453,1429,2026-03-01,Deposit,iOS,402
6454,1240,2025-12-17,Deposit,Web,583
6455,1237,2025-07-17,Login,Android,112
6456,1475,2026-04-06,Deposit,Web,347
6457,1076,2026-03-27,Login,iOS,366
6458,1465,2026-04-28,Withdrawal,Web,366
6459,1405,2025-12-21,Deposit,iOS,127
6460,1427,2026-03-04,View_Portfolio,Android,117
6461,1342,2025-12-20,View_Statement,iOS,278
6462,1474,2026-04-21,View_Statement,Android,397
6463,1295,2026-01-19,Deposit,iOS,18
6464,1397,2026-04-15,Login,Android,298
6465,1490,2026-03-05,Login,Web,57
6466,1426,2026-03-21,Withdrawal,Android,346
6467,1045,2025-11-24,Withdrawal,Web,430
6468,1343,2026-02-21,Login,iOS,470
6469,1179,2026-01-19,View_Statement,iOS,187
6470,1222,2026-04-12,Login,Android,457
6471,1375,2026-04-17,Deposit,iOS,264
6472,1017,2026-02-02,Deposit,iOS,372
6473,1219,2025-12-12,Deposit,iOS,117
6474,1084,2025-09-02,Deposit,Android,337
6475,1191,2025-09-14,Login,Android,451
6476,1391,2026-02-08,View_Statement,Android,440
6477,1439,2026-03-25,View_Statement,iOS,84
6478,1132,2026-04-02,Deposit,iOS,431
6479,1497,2025-12-25,Login,iOS,505
6480,1287,2026-04-16,Login,iOS,548
6481,1094,2026-04-24,Login,iOS,111
6482,1095,2026-03-17,Deposit,Web,302
6483,1184,2026-04-10,Deposit,Web,51
6484,1132,2026-02-10,Deposit,Android,45
6485,1082,2026-03-25,Deposit,iOS,370
6486,1340,2025-10-26,View_Portfolio,iOS,408
6487,1296,2025-10-15,Login,Android,70
6488,1360,2026-04-28,Deposit,iOS,156
6489,1112,2025-09-20,Withdrawal,Android,598
6490,1303,2026-04-22,View_Statement,Web,400
6491,1306,2025-09-01,Withdrawal,iOS,454
6492,1407,2026-04-27,Deposit,Android,502
6493,1051,2025-09-30,View_Portfolio,Web,522
6494,1294,2026-05-02,View_Statement,iOS,498
6495,1393,2026-04-12,View_Portfolio,Android,414
6496,1189,2026-04-07,Login,Android,537
6497,1208,2026-02-01,Deposit,Web,225
6498,1149,2026-05-04,View_Portfolio,Web,100
6499,1265,2026-03-26,Withdrawal,Android,249
6500,1372,2025-07-13,Deposit,Android,138
6501,1281,2025-06-13,Login,iOS,151
6502,1113,2026-04-24,Deposit,Android,340
6503,1036,2026-02-13,Deposit,iOS,265
6504,1111,2025-10-12,Login,iOS,96
6505,1171,2026-02-18,View_Portfolio,Android,312
6506,1078,2025-11-02,Login,Android,126
6507,1337,2026-03-10,Deposit,iOS,265
6508,1028,2026-02-26,View_Portfolio,iOS,547
6509,1448,2026-04-24,Deposit,iOS,283
6510,1045,2025-08-11,Deposit,iOS,173
6511,1361,2026-04-30,Login,iOS,231
6512,1440,2026-03-22,Withdrawal,iOS,446
6513,1304,2025-10-05,View_Statement,Android,205
6514,1392,2025-06-22,View_Portfolio,iOS,348
6515,1142,2025-06-10,Deposit,iOS,71
6516,1015,2025-11-12,Deposit,Web,206
6517,1128,2026-02-13,Login,Android,147
6518,1167,2025-12-08,Withdrawal,iOS,116
6519,1153,2026-01-02,Login,iOS,52
6520,1063,2026-01-04,View_Portfolio,Android,84
6521,1059,2026-03-22,Login,iOS,60
6522,1203,2026-05-04,Login,Android,12
6523,1157,2026-04-24,Login,iOS,62
6524,1003,2026-04-30,Deposit,iOS,433
6525,1039,2026-01-14,Withdrawal,Web,315
6526,1278,2026-02-14,Login,Android,20
6527,1101,2025-07-11,Withdrawal,iOS,459
6528,1383,2026-04-15,Deposit,Android,159
6529,1169,2026-04-03,Login,Web,370
6530,1020,2026-02-11,Login,iOS,584
6531,1403,2025-11-30,View_Portfolio,iOS,124
6532,1141,2026-02-19,Login,Web,594
6533,1347,2025-08-24,Withdrawal,Android,590
6534,1275,2026-01-30,Deposit,Web,122
6535,1464,2026-04-24,Withdrawal,Android,24
6536,1322,2025-09-11,Deposit,iOS,370
6537,1193,2026-04-10,Login,iOS,222
6538,1387,2026-04-06,View_Statement,iOS,119
6539,1152,2026-03-14,Login,Android,419
6540,1236,2026-04-30,Login,iOS,330
6541,1294,2026-04-19,Deposit,Android,135
6542,1386,2025-10-28,View_Statement,iOS,357
6543,1440,2026-01-02,Login,iOS,530
6544,1208,2026-05-03,Deposit,iOS,163
6545,1477,2025-09-22,Deposit,iOS,470
6546,1037,2026-04-25,Login,Android,526
6547,1492,2026-02-08,Withdrawal,Android,574
6548,1388,2026-03-02,Deposit,iOS,416
6549,1078,2025-10-27,Deposit,iOS,229
6550,1465,2026-04-16,Login,iOS,494
6551,1172,2025-06-04,View_Statement,Android,100
6552,1045,2026-04-03,Login,Android,477
6553,1337,2026-03-17,Withdrawal,iOS,237
6554,1084,2025-09-01,View_Portfolio,iOS,87
6555,1380,2026-04-16,Login,Android,184
6556,1431,2025-12-19,Login,Android,463
6557,1093,2026-05-01,Login,Android,18
6558,1489,2026-05-02,View_Portfolio,iOS,212
6559,1154,2025-10-22,Withdrawal,Android,319
6560,1106,2026-03-21,View_Portfolio,iOS,212
6561,1358,2026-04-30,Login,iOS,524
6562,1209,2026-02-28,View_Statement,iOS,355
6563,1204,2026-03-18,Login,Web,442
6564,1248,2026-01-31,View_Portfolio,Android,579
6565,1348,2026-03-06,Login,iOS,375
6566,1393,2026-04-19,Login,Web,481
6567,1352,2026-02-05,Login,Android,147
6568,1226,2025-10-30,Login,iOS,512
6569,1336,2025-12-17,Login,Web,390
6570,1048,2026-02-22,Login,iOS,47
6571,1246,2026-04-22,Login,iOS,486
6572,1031,2026-04-27,Deposit,Android,591
6573,1183,2026-04-25,Login,Android,529
6574,1475,2026-03-28,Deposit,iOS,226
6575,1477,2025-10-01,View_Statement,Android,78
6576,1257,2026-04-08,Login,Android,339
6577,1126,2026-01-24,Login,Web,288
6578,1219,2026-01-26,Login,iOS,394
6579,1245,2026-02-23,View_Portfolio,Android,110
6580,1480,2026-04-26,Login,iOS,99
6581,1443,2025-12-12,Login,iOS,453
6582,1139,2026-04-27,View_Portfolio,iOS,59
6583,1227,2026-02-15,Login,iOS,66
6584,1386,2025-07-12,Deposit,iOS,459
6585,1302,2026-04-26,Login,iOS,456
6586,1257,2026-04-24,Login,iOS,562
6587,1255,2026-01-30,Login,iOS,341
6588,1070,2026-02-24,Deposit,iOS,245
6589,1455,2026-04-30,View_Portfolio,Android,44
6590,1066,2025-11-05,Login,iOS,233
6591,1002,2025-07-20,Login,iOS,598
6592,1495,2025-07-19,Login,iOS,13
6593,1325,2025-08-02,Login,Android,129
6594,1269,2026-05-04,Deposit,Android,529
6595,1403,2025-11-09,View_Portfolio,iOS,287
6596,1339,2025-08-18,Login,Web,594
6597,1303,2026-05-03,Deposit,Android,464
6598,1129,2025-09-09,View_Portfolio,iOS,241
6599,1483,2026-02-22,Deposit,Android,390
6600,1146,2026-04-29,Withdrawal,Web,218
6601,1113,2026-04-21,Deposit,Android,84
6602,1288,2025-08-16,Login,Web,192
6603,1096,2025-10-16,Login,iOS,336
6604,1456,2026-01-22,Login,Web,70
6605,1267,2026-04-20,Login,iOS,103
6606,1404,2026-04-23,View_Portfolio,Android,537
6607,1008,2026-05-02,Deposit,iOS,579
6608,1220,2026-04-18,View_Portfolio,iOS,488
6609,1213,2026-05-03,Login,Web,215
6610,1102,2026-02-03,View_Portfolio,iOS,398
6611,1166,2025-12-12,Login,Web,47
6612,1262,2026-01-10,Login,iOS,589
6613,1002,2026-02-10,Deposit,Android,212
6614,1202,2025-06-05,View_Statement,iOS,383
6615,1490,2026-03-14,Deposit,Android,482
6616,1329,2026-04-22,Deposit,Android,533
6617,1183,2026-03-20,Deposit,Android,61
6618,1259,2025-10-10,Deposit,iOS,360
6619,1322,2025-11-17,Login,iOS,80
6620,1228,2025-11-11,Deposit,iOS,330
6621,1200,2025-10-14,Deposit,Android,55
6622,1457,2026-01-02,Withdrawal,Android,358
6623,1026,2026-02-19,Login,Android,275
6624,1482,2025-12-26,Deposit,iOS,28
6625,1432,2026-03-08,Withdrawal,iOS,285
6626,1350,2026-03-21,Login,Android,422
6627,1102,2025-11-23,Deposit,iOS,287
6628,1136,2026-04-28,Withdrawal,iOS,479
6629,1451,2026-02-25,Deposit,iOS,486
6630,1331,2026-01-22,Login,Android,544
6631,1345,2026-04-01,View_Portfolio,Android,384
6632,1372,2025-07-09,View_Statement,iOS,505
6633,1197,2026-04-14,Login,iOS,361
6634,1460,2026-03-12,View_Portfolio,iOS,135
6635,1030,2025-10-09,Deposit,iOS,235
6636,1411,2026-02-02,Deposit,Android,547
6637,1299,2026-04-04,View_Portfolio,iOS,127
6638,1133,2026-03-23,View_Statement,iOS,473
6639,1256,2026-01-14,Login,Android,239
6640,1020,2026-02-13,Login,Web,250
6641,1308,2026-04-28,View_Portfolio,iOS,12
6642,1021,2026-03-03,Deposit,iOS,502
6643,1387,2025-10-31,Login,iOS,203
6644,1041,2025-12-06,View_Statement,iOS,173
6645,1380,2026-02-03,Login,Android,485
6646,1498,2025-12-26,Deposit,Android,225
6647,1448,2026-01-31,Deposit,iOS,506
6648,1364,2026-04-19,Deposit,iOS,438
6649,1452,2026-01-06,Login,iOS,99
6650,1472,2026-04-24,Login,iOS,330
6651,1455,2026-04-30,Login,Android,214
6652,1152,2026-03-02,Withdrawal,iOS,409
6653,1308,2026-04-18,Withdrawal,Android,568
6654,1459,2026-04-27,View_Portfolio,iOS,124
6655,1002,2025-12-11,Withdrawal,Android,402
6656,1044,2026-02-04,Login,Android,273
6657,1041,2026-03-01,View_Statement,iOS,339
6658,1326,2026-04-30,Login,iOS,491
6659,1263,2025-10-29,Login,Android,184
6660,1294,2026-04-24,Withdrawal,iOS,221
6661,1466,2026-03-22,Login,Web,374
6662,1173,2026-03-23,Login,iOS,404
6663,1009,2026-02-13,View_Portfolio,Android,578
6664,1053,2025-11-22,Login,Android,471
6665,1284,2026-04-23,Withdrawal,iOS,360
6666,1128,2026-03-05,View_Portfolio,iOS,433
6667,1019,2025-12-24,View_Statement,iOS,397
6668,1452,2026-02-06,Login,Android,259
6669,1132,2026-02-09,Login,Android,400
6670,1013,2026-01-10,Withdrawal,Web,393
6671,1220,2026-05-04,Login,iOS,111
6672,1267,2025-12-24,Deposit,Android,458
6673,1245,2026-02-26,Deposit,iOS,567
6674,1258,2026-02-01,Deposit,iOS,51
6675,1454,2025-09-04,Deposit,iOS,101
6676,1140,2026-02-27,View_Portfolio,iOS,289
6677,1382,2026-04-09,Login,Android,147
6678,1247,2025-11-21,Deposit,Android,384
6679,1232,2026-03-07,Login,iOS,395
6680,1421,2026-04-16,Login,iOS,234
6681,1056,2025-08-05,Login,iOS,357
6682,1088,2026-04-27,Deposit,Android,356
6683,1254,2026-04-09,View_Statement,Android,451
6684,1052,2026-02-03,View_Portfolio,Android,260
6685,1247,2026-03-25,Login,Web,572
6686,1252,2026-02-02,Withdrawal,iOS,265
6687,1125,2026-02-11,Login,Android,490
6688,1201,2026-05-01,View_Portfolio,Web,183
6689,1474,2026-04-13,View_Portfolio,Android,524
6690,1388,2025-12-22,Login,iOS,592
6691,1361,2026-04-01,Login,iOS,315
6692,1492,2026-02-13,Login,Android,557
6693,1132,2026-03-19,Login,Android,53
6694,1177,2026-02-22,Deposit,Android,488
6695,1052,2026-02-15,Login,Android,496
6696,1034,2026-05-03,Login,Web,279
6697,1022,2026-05-01,Deposit,Android,164
6698,1141,2026-03-16,View_Portfolio,Web,463
6699,1319,2025-06-17,Deposit,Android,11
6700,1271,2026-04-02,Login,Android,598
6701,1168,2025-11-06,Login,Web,512
6702,1038,2025-12-29,Login,Web,56
6703,1361,2026-02-28,Login,Android,197
6704,1246,2026-05-02,View_Statement,Android,198
6705,1235,2025-09-13,Login,iOS,305
6706,1055,2025-12-07,Login,Android,14
6707,1428,2026-03-07,Login,iOS,232
6708,1373,2025-11-11,View_Portfolio,iOS,98
6709,1120,2026-01-10,Deposit,iOS,341
6710,1066,2025-07-19,View_Portfolio,Android,460
6711,1322,2026-04-04,Withdrawal,Web,251
6712,1427,2026-04-11,View_Statement,iOS,160
6713,1328,2026-03-17,Login,iOS,458
6714,1166,2025-12-28,Login,Web,88
6715,1210,2025-10-03,Withdrawal,Android,497
6716,1413,2025-12-29,Deposit,Android,598
6717,1075,2025-10-23,Withdrawal,Android,431
6718,1440,2026-01-27,Deposit,iOS,146
6719,1134,2026-04-17,Deposit,iOS,357
6720,1265,2026-02-25,View_Statement,Web,304
6721,1406,2025-09-28,View_Statement,Android,525
6722,1174,2026-01-10,Login,iOS,347
6723,1243,2026-05-02,Deposit,iOS,34
6724,1089,2026-01-09,Deposit,Android,236
6725,1250,2026-05-04,Login,iOS,255
6726,1031,2026-04-07,Login,iOS,368
6727,1277,2026-04-06,Deposit,iOS,219
6728,1038,2026-01-01,View_Statement,iOS,426
6729,1308,2026-04-20,Login,Android,401
6730,1403,2026-02-05,View_Portfolio,Web,587
6731,1138,2026-02-10,Login,iOS,461
6732,1430,2026-04-14,Deposit,iOS,344
6733,1485,2026-03-03,Login,iOS,209
6734,1076,2026-01-21,Login,Web,103
6735,1339,2026-02-14,View_Portfolio,Android,312
6736,1253,2026-03-11,View_Statement,iOS,176
6737,1450,2025-06-23,Login,Web,225
6738,1079,2026-01-08,Deposit,Android,253
6739,1038,2025-12-22,Deposit,iOS,149
6740,1318,2025-07-17,Login,Web,45
6741,1328,2026-03-30,Login,iOS,535
6742,1430,2026-03-26,View_Portfolio,iOS,489
6743,1163,2026-05-01,Login,Android,192
6744,1358,2026-04-19,Login,Web,343
6745,1427,2026-04-14,View_Statement,Web,165
6746,1128,2026-03-17,Login,Android,564
6747,1158,2026-03-26,Login,iOS,157
6748,1329,2025-06-19,View_Portfolio,Web,406
6749,1319,2025-05-26,Deposit,iOS,183
6750,1414,2025-12-12,Deposit,Android,90
6751,1369,2025-10-02,Login,iOS,39
6752,1083,2026-01-05,View_Statement,Android,441
6753,1413,2026-01-01,Login,iOS,410
6754,1450,2025-06-30,Login,Android,82
6755,1476,2026-04-21,Login,iOS,180
6756,1456,2026-01-20,Deposit,iOS,585
6757,1217,2026-05-01,View_Portfolio,Android,138
6758,1202,2025-07-09,Login,iOS,118
6759,1278,2025-10-11,Login,Android,277
6760,1419,2026-04-29,Deposit,Web,128
6761,1426,2025-12-15,View_Statement,iOS,245
6762,1152,2026-04-13,Login,iOS,37
6763,1026,2026-01-02,Deposit,Web,118
6764,1415,2026-04-01,Withdrawal,Android,424
6765,1343,2026-04-22,View_Portfolio,Web,325
6766,1254,2025-11-03,Withdrawal,Web,214
6767,1386,2025-08-21,Login,iOS,254
6768,1251,2026-04-24,Deposit,iOS,509
6769,1167,2026-04-21,Login,iOS,574
6770,1353,2026-02-12,Deposit,iOS,532
6771,1472,2026-04-28,Login,iOS,224
6772,1140,2025-10-02,Login,Web,579
6773,1229,2026-04-13,Login,Android,568
6774,1073,2025-07-11,View_Statement,iOS,72
6775,1428,2026-03-22,Withdrawal,Android,402
6776,1299,2026-03-07,Login,iOS,23
6777,1236,2026-03-24,Login,iOS,460
6778,1195,2025-09-09,Login,iOS,528
6779,1492,2026-04-27,Login,Android,399
6780,1471,2026-03-17,Withdrawal,Android,428
6781,1088,2026-04-22,View_Portfolio,iOS,228
6782,1097,2026-04-25,View_Portfolio,Android,421
6783,1478,2026-02-21,View_Statement,iOS,346
6784,1166,2025-12-02,Login,iOS,71
6785,1491,2026-04-26,View_Portfolio,iOS,407
6786,1450,2025-06-24,Withdrawal,iOS,102
6787,1296,2026-01-11,Deposit,iOS,35
6788,1406,2025-11-15,View_Statement,Android,56
6789,1203,2026-04-30,View_Statement,iOS,508
6790,1447,2026-01-08,View_Portfolio,iOS,436
6791,1187,2026-01-17,Login,Web,458
6792,1460,2026-03-13,Login,iOS,284
6793,1275,2025-12-15,View_Statement,Android,404
6794,1020,2026-04-23,Login,Android,357
6795,1375,2026-04-12,View_Portfolio,iOS,380
6796,1073,2025-07-27,Withdrawal,iOS,347
6797,1427,2025-12-11,View_Portfolio,iOS,190
6798,1442,2025-12-10,Login,Android,407
6799,1338,2026-02-07,Deposit,iOS,598
6800,1361,2026-05-04,View_Portfolio,iOS,444
6801,1495,2026-05-01,Deposit,Android,41
6802,1310,2025-08-10,Withdrawal,Android,426
6803,1082,2025-09-26,View_Portfolio,Web,527
6804,1296,2026-02-14,Login,Android,167
6805,1356,2026-03-29,Login,iOS,595
6806,1027,2025-12-15,Withdrawal,iOS,82
6807,1141,2026-04-22,Login,Android,143
6808,1047,2026-04-05,Login,iOS,137
6809,1456,2026-03-10,View_Statement,Android,335
6810,1112,2026-01-27,Deposit,iOS,395
6811,1235,2025-07-26,View_Statement,Web,523
6812,1151,2026-04-10,Login,Android,19
6813,1375,2026-05-03,Deposit,iOS,70
6814,1315,2026-04-01,Login,Web,522
6815,1333,2025-07-09,Login,iOS,299
6816,1126,2026-02-16,View_Statement,iOS,177
6817,1007,2025-09-16,Login,Android,380
6818,1050,2025-12-20,Login,Web,233
6819,1360,2026-04-30,View_Portfolio,iOS,577
6820,1066,2025-07-18,View_Portfolio,Android,26
6821,1387,2026-03-19,View_Statement,iOS,325
6822,1362,2025-09-11,Login,iOS,479
6823,1167,2026-01-02,Login,iOS,142
6824,1471,2026-02-18,Deposit,Android,27
6825,1252,2026-01-27,Deposit,iOS,78
6826,1263,2025-11-22,Login,iOS,71
6827,1196,2026-03-24,Login,Web,336
6828,1183,2026-04-19,Withdrawal,iOS,407
6829,1264,2025-11-01,Withdrawal,iOS,103
6830,1288,2025-08-16,Login,Android,410
6831,1275,2026-03-17,View_Statement,iOS,406
6832,1118,2025-11-04,Login,iOS,417
6833,1396,2026-01-08,View_Portfolio,Android,493
6834,1313,2026-04-26,View_Statement,Android,160
6835,1394,2026-02-08,Deposit,Android,415
6836,1462,2025-07-04,Deposit,iOS,546
6837,1347,2025-06-16,Login,Web,290
6838,1492,2026-03-24,View_Portfolio,Android,581
6839,1277,2026-04-26,Login,Android,510
6840,1404,2025-08-24,Deposit,iOS,519
6841,1377,2026-03-31,Deposit,Android,122
6842,1132,2026-03-06,Login,Android,127
6843,1147,2026-04-25,View_Statement,Android,526
6844,1029,2026-04-23,View_Portfolio,Android,189
6845,1327,2026-04-03,Login,Android,416
6846,1320,2026-04-16,Deposit,Android,395
6847,1225,2025-12-17,Login,Android,223
6848,1456,2026-01-24,View_Portfolio,iOS,117
6849,1139,2026-04-12,Login,iOS,442
6850,1289,2026-04-24,View_Statement,Web,474
6851,1281,2026-01-29,Login,Web,177
6852,1417,2025-11-20,Login,iOS,198
6853,1484,2026-04-17,Withdrawal,Web,98
6854,1026,2025-12-21,Login,iOS,400
6855,1292,2026-05-02,View_Portfolio,iOS,34
6856,1267,2026-01-18,Login,Android,105
6857,1286,2026-02-12,View_Statement,Web,131
6858,1313,2026-04-29,View_Portfolio,Android,582
6859,1097,2026-04-26,View_Portfolio,iOS,337
6860,1138,2026-04-30,Deposit,iOS,23
6861,1477,2025-09-28,Deposit,Android,377
6862,1281,2025-05-12,Deposit,Android,143
6863,1096,2025-11-28,View_Statement,iOS,128
6864,1452,2025-08-27,Login,iOS,544
6865,1057,2026-04-16,Login,Web,88
6866,1123,2026-04-14,View_Statement,iOS,438
6867,1231,2025-11-28,Login,iOS,437
6868,1290,2026-03-07,Login,Web,402
6869,1086,2026-02-28,Deposit,iOS,462
6870,1461,2025-12-12,View_Statement,iOS,137
6871,1310,2025-09-15,Login,iOS,21
6872,1051,2025-09-26,View_Statement,iOS,74
6873,1228,2025-11-03,Login,Android,193
6874,1006,2025-09-08,View_Portfolio,Android,542
6875,1443,2025-10-23,Login,iOS,30
6876,1310,2025-07-24,Login,Android,523
6877,1273,2025-12-26,View_Portfolio,iOS,401
6878,1410,2025-10-07,Deposit,Android,405
6879,1344,2026-05-02,Login,iOS,18
6880,1393,2026-03-26,Deposit,iOS,470
6881,1002,2026-02-02,Deposit,Web,139
6882,1276,2026-02-17,Login,iOS,396
6883,1091,2025-12-17,Login,iOS,571
6884,1262,2025-09-28,Deposit,iOS,419
6885,1242,2026-02-11,Login,iOS,145
6886,1475,2026-01-23,Deposit,iOS,526
6887,1375,2026-04-22,View_Portfolio,iOS,183
6888,1246,2026-04-11,Withdrawal,Web,48
6889,1472,2026-04-02,Deposit,Android,375
6890,1079,2026-01-05,Deposit,iOS,135
6891,1311,2025-11-03,Login,iOS,538
6892,1304,2026-04-20,View_Statement,iOS,137
6893,1058,2025-08-05,Deposit,iOS,496
6894,1225,2025-09-22,Login,iOS,470
6895,1426,2025-07-04,Login,Web,181
6896,1202,2025-06-04,Withdrawal,iOS,344
6897,1405,2025-12-26,Deposit,iOS,310
6898,1006,2025-09-21,Login,iOS,185
6899,1030,2025-08-21,Deposit,Android,231
6900,1151,2026-04-20,Withdrawal,Android,536
6901,1036,2026-02-05,Login,Web,518
6902,1110,2026-04-24,Deposit,iOS,344
6903,1121,2025-11-25,Login,iOS,432
6904,1241,2026-02-21,Login,iOS,301
6905,1259,2026-02-18,Login,iOS,29
6906,1090,2025-09-09,Withdrawal,Android,534
6907,1418,2025-11-10,Login,iOS,565
6908,1030,2025-08-23,View_Portfolio,Android,566
6909,1466,2025-11-13,Withdrawal,iOS,312
6910,1465,2026-04-12,Deposit,Android,542
6911,1237,2026-02-23,View_Statement,Android,416
6912,1371,2025-11-12,View_Portfolio,Web,567
6913,1170,2026-03-22,Deposit,Android,433
6914,1149,2026-03-13,Deposit,iOS,457
6915,1374,2026-03-03,Login,Android,353
6916,1088,2026-03-05,View_Statement,iOS,354
6917,1004,2026-03-18,View_Portfolio,iOS,443
6918,1433,2026-04-16,Withdrawal,Android,157
6919,1252,2026-01-25,Login,iOS,490
6920,1432,2025-12-02,Withdrawal,Android,159
6921,1473,2026-04-26,Login,Web,390
6922,1051,2026-01-05,Login,iOS,311
6923,1024,2026-01-30,View_Portfolio,Android,92
6924,1046,2026-04-06,View_Statement,Android,41
6925,1116,2026-04-12,Login,Web,382
6926,1027,2025-09-23,Login,iOS,35
6927,1095,2026-02-27,Login,iOS,309
6928,1367,2026-04-24,View_Statement,Android,273
6929,1435,2026-03-07,Withdrawal,iOS,326
6930,1099,2026-02-18,Withdrawal,iOS,537
6931,1116,2026-02-06,Deposit,iOS,260
6932,1276,2025-11-07,Deposit,iOS,580
6933,1336,2025-12-01,Login,Android,574
6934,1095,2026-04-08,Login,iOS,486
6935,1199,2026-05-04,View_Portfolio,iOS,562
6936,1146,2026-04-30,Deposit,iOS,526
6937,1392,2025-06-28,Login,iOS,12
6938,1155,2026-03-01,Deposit,Web,470
6939,1270,2026-02-14,Login,Web,473
6940,1402,2026-03-21,Deposit,Web,593
6941,1321,2025-11-12,Login,iOS,293
6942,1415,2026-04-21,View_Portfolio,Android,175
6943,1276,2025-12-21,Login,Android,587
6944,1326,2026-04-28,Deposit,iOS,327
6945,1256,2026-02-13,View_Portfolio,Android,271
6946,1045,2025-11-09,Withdrawal,Web,71
6947,1001,2026-04-28,Login,iOS,47
6948,1147,2026-01-23,Login,Android,481
6949,1295,2026-04-20,View_Statement,Android,304
6950,1375,2026-04-28,Login,iOS,577
6951,1155,2026-04-04,Withdrawal,iOS,448
6952,1056,2025-08-22,View_Statement,iOS,388
6953,1400,2026-04-29,Login,Android,139
6954,1462,2025-11-24,Login,iOS,153
6955,1226,2025-12-24,Login,Android,144
6956,1007,2025-08-21,Login,Android,44
6957,1020,2026-05-03,Deposit,Web,304
6958,1159,2026-05-02,Deposit,iOS,407
6959,1470,2026-04-20,Withdrawal,iOS,25
6960,1340,2025-11-11,View_Statement,iOS,297
6961,1079,2026-02-09,Deposit,Android,445
6962,1409,2025-11-05,Withdrawal,iOS,96
6963,1366,2026-03-09,Login,iOS,267
6964,1001,2026-04-10,Login,Android,425
6965,1401,2026-01-08,Login,iOS,52
6966,1336,2026-01-06,Withdrawal,Android,27
6967,1229,2025-11-16,View_Statement,Web,435
6968,1213,2026-05-04,View_Portfolio,iOS,200
6969,1283,2026-04-13,Login,Android,119
6970,1248,2026-04-24,Login,iOS,96
6971,1119,2026-04-10,Login,Android,228
6972,1379,2026-02-25,Login,Android,350
6973,1227,2026-01-23,Login,iOS,154
6974,1024,2026-05-04,Login,Android,407
6975,1190,2026-03-29,Login,iOS,380
6976,1308,2026-04-28,Login,Web,466
6977,1307,2026-04-03,Login,iOS,350
6978,1450,2025-06-30,Withdrawal,iOS,492
6979,1057,2026-03-17,Deposit,iOS,163
6980,1494,2026-02-17,View_Statement,Android,521
6981,1311,2025-11-07,Deposit,Android,269
6982,1309,2025-10-23,Deposit,Web,144
6983,1089,2026-04-17,Login,Android,69
6984,1275,2025-12-01,Login,iOS,263
6985,1109,2026-04-19,Withdrawal,Android,565
6986,1141,2026-03-27,Login,iOS,431
6987,1285,2026-04-08,View_Portfolio,iOS,32
6988,1480,2026-04-07,Withdrawal,iOS,467
6989,1390,2025-12-20,Withdrawal,iOS,375
6990,1376,2025-11-18,Withdrawal,iOS,198
6991,1457,2025-12-31,Withdrawal,iOS,158
6992,1244,2026-02-01,Deposit,iOS,507
6993,1385,2026-03-04,Withdrawal,Android,140
6994,1408,2025-11-11,Deposit,iOS,569
6995,1074,2026-01-10,Login,Android,532
6996,1355,2026-01-04,Login,iOS,146
6997,1262,2026-03-05,Deposit,Web,503
6998,1176,2026-02-20,Login,iOS,459
6999,1404,2026-04-15,View_Portfolio,Web,225
7000,1230,2026-02-16,Login,Android,544
7001,1076,2026-04-20,Login,Android,507
7002,1323,2025-11-11,Deposit,iOS,215
7003,1183,2026-04-04,View_Portfolio,iOS,326
7004,1274,2026-03-03,Login,Web,102
7005,1277,2026-03-12,Login,iOS,533
7006,1227,2026-04-26,Deposit,iOS,270
7007,1448,2026-02-11,Deposit,Web,325
7008,1165,2025-08-11,View_Portfolio,iOS,242
7009,1275,2026-04-04,View_Portfolio,iOS,64
7010,1217,2026-01-19,Withdrawal,Android,592
7011,1312,2026-03-31,Login,Android,105
7012,1190,2026-04-04,Login,Android,136
7013,1018,2026-01-01,View_Statement,Web,180
7014,1232,2026-03-04,Login,iOS,66
7015,1414,2026-03-03,Login,Android,211
7016,1184,2026-02-27,Withdrawal,iOS,234
7017,1106,2026-04-06,Deposit,Android,594
7018,1243,2026-04-20,Deposit,iOS,428
7019,1426,2026-03-15,Login,Android,207
7020,1053,2025-11-07,Login,iOS,106
7021,1226,2025-08-02,Withdrawal,Android,314
7022,1202,2025-08-03,Login,iOS,13
7023,1086,2026-04-09,Deposit,Web,37
7024,1050,2026-04-01,Withdrawal,Android,73
7025,1383,2026-01-18,View_Statement,Android,593
7026,1260,2026-03-25,View_Portfolio,Web,364
7027,1319,2025-08-05,View_Portfolio,iOS,149
7028,1195,2026-03-11,Login,Android,179
7029,1369,2025-11-03,View_Statement,iOS,253
7030,1248,2026-04-24,Withdrawal,Android,431
7031,1056,2026-04-30,View_Portfolio,iOS,283
7032,1177,2026-03-28,Login,Android,105
7033,1476,2026-02-24,Login,Web,580
7034,1150,2026-01-16,Deposit,iOS,571
7035,1396,2026-04-12,View_Portfolio,Web,261
7036,1433,2026-04-30,Deposit,iOS,388
7037,1013,2025-11-09,View_Portfolio,Android,27
7038,1361,2026-02-22,Login,iOS,61
7039,1289,2026-03-09,Login,iOS,261
7040,1431,2025-12-19,View_Portfolio,Web,513
7041,1064,2025-09-05,Deposit,Web,494
7042,1339,2026-03-04,Deposit,iOS,193
7043,1105,2025-08-20,View_Portfolio,Android,23
7044,1401,2025-11-27,View_Portfolio,iOS,365
7045,1239,2025-12-12,Login,iOS,539
7046,1034,2026-04-30,View_Portfolio,Android,366
7047,1324,2026-02-20,Login,iOS,250
7048,1039,2026-02-04,Deposit,Android,561
7049,1456,2026-03-08,Login,Android,22
7050,1225,2025-06-29,Login,Android,338
7051,1129,2025-09-09,Deposit,iOS,495
7052,1133,2026-04-10,Login,Android,161
7053,1480,2026-04-01,Login,iOS,493
7054,1040,2026-04-16,Deposit,iOS,292
7055,1319,2025-05-20,Deposit,iOS,308
7056,1385,2026-03-09,Login,Android,22
7057,1419,2026-03-24,Login,iOS,381
7058,1470,2026-03-02,Login,iOS,502
7059,1221,2025-11-14,Login,iOS,319
7060,1401,2025-10-16,Login,iOS,399
7061,1094,2026-04-15,Login,Web,315
7062,1099,2026-02-25,View_Statement,Android,207
7063,1060,2026-04-23,Login,Android,272
7064,1129,2025-08-21,Login,Web,511
7065,1132,2026-01-31,Deposit,iOS,556
7066,1393,2025-10-01,Login,Web,103
7067,1301,2025-10-29,Login,Android,73
7068,1416,2026-04-17,View_Portfolio,Web,39
7069,1069,2026-03-08,Deposit,iOS,451
7070,1014,2026-03-18,Login,iOS,579
7071,1435,2026-04-23,Deposit,iOS,414
7072,1474,2026-04-26,Login,Android,562
7073,1151,2026-04-01,Login,iOS,79
7074,1174,2026-04-17,Login,Android,312
7075,1470,2026-02-03,View_Portfolio,iOS,162
7076,1411,2025-11-08,Withdrawal,iOS,183
7077,1345,2026-04-22,View_Portfolio,iOS,534
7078,1292,2026-05-03,Login,Android,442
7079,1196,2026-05-02,Deposit,Web,380
7080,1032,2026-01-23,Login,Web,428
7081,1073,2025-07-09,View_Portfolio,iOS,27
7082,1194,2026-01-26,Login,iOS,475
7083,1426,2026-04-08,Login,Android,498
7084,1050,2026-04-28,Login,Android,519
7085,1057,2026-04-01,Login,iOS,460
7086,1487,2026-04-07,View_Portfolio,Web,180
7087,1117,2026-03-20,Login,iOS,509
7088,1192,2025-12-26,Deposit,Android,367
7089,1430,2026-05-04,View_Portfolio,iOS,364
7090,1217,2026-04-02,Withdrawal,Android,484
7091,1111,2026-04-19,View_Statement,iOS,169
7092,1458,2026-04-29,Login,Web,590
7093,1485,2026-04-24,Login,iOS,578
7094,1089,2026-01-29,Login,Web,105
7095,1360,2026-01-23,Login,iOS,62
7096,1310,2026-02-16,View_Portfolio,Android,321
7097,1309,2025-12-02,Withdrawal,Android,232
7098,1157,2026-04-24,Deposit,Android,583
7099,1421,2026-03-08,Deposit,Android,325
7100,1069,2026-01-06,View_Portfolio,Android,176
7101,1270,2025-07-23,Login,Android,16
7102,1225,2025-08-07,Login,Web,505
7103,1411,2026-03-12,View_Statement,iOS,506
7104,1005,2025-12-21,Login,iOS,87
7105,1243,2026-03-15,View_Portfolio,Android,145
7106,1118,2025-10-04,Withdrawal,iOS,178
7107,1172,2025-05-15,View_Statement,Android,511
7108,1143,2025-08-27,Login,iOS,531
7109,1323,2025-09-25,View_Statement,iOS,515
7110,1257,2026-01-15,Login,Android,529
7111,1408,2025-11-21,Login,iOS,61
7112,1460,2026-05-03,Login,iOS,189
7113,1365,2025-06-16,Login,iOS,252
7114,1318,2025-12-25,View_Statement,iOS,558
7115,1078,2025-09-03,Withdrawal,Web,75
7116,1057,2026-03-24,Deposit,Android,248
7117,1490,2026-04-25,Login,Web,412
7118,1020,2026-03-17,Deposit,Android,262
7119,1442,2025-08-18,Login,Web,266
7120,1014,2025-09-11,Login,Android,116
7121,1206,2025-10-05,Deposit,iOS,196
7122,1237,2025-07-24,View_Portfolio,iOS,276
7123,1181,2026-03-05,Deposit,Android,165
7124,1291,2026-04-20,Deposit,iOS,171
7125,1446,2026-02-02,Withdrawal,iOS,370
7126,1189,2026-03-27,Login,iOS,266
7127,1147,2026-03-24,View_Portfolio,iOS,152
7128,1340,2026-01-07,View_Portfolio,Android,79
7129,1042,2025-11-12,Deposit,Web,76
7130,1428,2026-03-13,Login,iOS,33
7131,1471,2026-03-05,Deposit,iOS,572
7132,1354,2026-04-29,Login,Android,309
7133,1001,2026-04-20,View_Portfolio,iOS,454
7134,1324,2026-04-26,Login,Android,330
7135,1104,2025-08-30,Login,Android,133
7136,1255,2026-05-04,View_Statement,iOS,243
7137,1209,2026-03-12,Deposit,Android,268
7138,1218,2026-04-20,View_Portfolio,iOS,205
7139,1078,2025-08-23,Deposit,iOS,213
7140,1430,2026-04-13,Login,iOS,87
7141,1051,2026-03-05,Login,Android,481
7142,1288,2026-02-20,View_Portfolio,iOS,554
7143,1100,2025-12-02,View_Portfolio,iOS,30
7144,1212,2026-02-27,Login,iOS,328
7145,1464,2026-04-01,Login,iOS,568
7146,1499,2026-04-14,View_Portfolio,iOS,500
7147,1403,2025-12-14,View_Statement,iOS,391
7148,1237,2025-08-28,View_Portfolio,iOS,365
7149,1295,2026-04-22,Withdrawal,iOS,491
7150,1472,2026-03-22,View_Statement,Android,146
7151,1398,2026-04-16,Login,iOS,296
7152,1157,2026-03-28,Login,Android,342
7153,1298,2025-11-21,Login,iOS,147
7154,1014,2025-10-30,View_Statement,iOS,146
7155,1116,2026-02-08,View_Portfolio,Android,310
7156,1139,2026-04-24,Login,iOS,250
7157,1075,2025-11-04,Deposit,iOS,388
7158,1303,2026-04-21,Login,Android,425
7159,1360,2026-03-11,View_Portfolio,Android,273
7160,1024,2026-04-05,Login,Android,513
7161,1406,2025-08-16,View_Statement,Web,89
7162,1177,2026-02-25,Login,Android,247
7163,1439,2025-11-07,Withdrawal,iOS,482
7164,1055,2025-12-02,Login,Android,325
7165,1213,2026-05-03,Login,Android,388
7166,1326,2026-05-04,Deposit,Android,552
7167,1334,2025-10-07,Deposit,Android,591
7168,1329,2025-09-09,Login,iOS,408
7169,1163,2026-04-16,Deposit,iOS,472
7170,1300,2026-04-21,Withdrawal,Android,176
7171,1164,2025-10-14,Login,Android,168
7172,1089,2026-01-28,Deposit,Android,594
7173,1015,2025-09-16,Withdrawal,iOS,297
7174,1301,2025-12-19,Login,Android,179
7175,1122,2026-05-02,Withdrawal,iOS,478
7176,1318,2025-10-29,View_Portfolio,Android,62
7177,1348,2026-01-20,View_Portfolio,Android,344
7178,1178,2026-04-30,Login,Android,361
7179,1462,2025-06-03,Withdrawal,Android,124
7180,1269,2026-05-02,View_Portfolio,Android,227
7181,1105,2025-09-04,Login,iOS,370
7182,1159,2026-04-28,Deposit,Android,160
7183,1005,2026-02-03,Login,iOS,394
7184,1339,2025-08-29,Login,iOS,452
7185,1392,2025-07-02,Deposit,iOS,184
7186,1141,2026-04-21,Login,Android,29
7187,1169,2026-03-24,Login,iOS,282
7188,1017,2025-12-30,Login,iOS,482
7189,1032,2026-01-19,Login,Android,34
7190,1005,2025-12-21,Deposit,iOS,333
7191,1382,2026-04-23,View_Portfolio,iOS,101
7192,1137,2026-04-14,Login,Android,458
7193,1107,2025-12-18,Withdrawal,iOS,134
7194,1162,2026-01-27,Login,Android,87
7195,1493,2026-03-20,Login,Android,543
7196,1257,2026-01-07,View_Statement,iOS,215
7197,1168,2025-08-11,Deposit,iOS,334
7198,1463,2026-04-24,Login,iOS,408
7199,1438,2026-04-22,Deposit,Android,381
7200,1382,2026-05-04,Login,Android,584
7201,1288,2026-04-12,View_Portfolio,iOS,245
7202,1382,2026-04-23,Login,iOS,184
7203,1482,2026-01-02,View_Portfolio,Android,427
7204,1355,2026-02-06,Login,Android,95
7205,1245,2026-02-15,Deposit,Android,537
7206,1113,2026-04-21,View_Statement,iOS,80
7207,1178,2026-04-28,Login,Android,202
7208,1443,2026-02-04,Login,iOS,316
7209,1476,2026-03-24,Deposit,iOS,16
7210,1465,2026-04-16,Login,Web,273
7211,1190,2026-03-14,Withdrawal,iOS,266
7212,1494,2026-04-18,Deposit,iOS,98
7213,1011,2025-08-16,Login,iOS,133
7214,1023,2026-04-29,Withdrawal,iOS,384
7215,1119,2025-09-02,Login,Android,513
7216,1282,2026-03-06,View_Statement,iOS,206
7217,1319,2025-05-17,Login,Android,568
7218,1430,2026-03-26,View_Portfolio,Android,302
7219,1069,2026-01-28,Login,Android,481
7220,1346,2025-09-29,Withdrawal,iOS,328
7221,1134,2026-04-03,Login,iOS,244
7222,1253,2026-04-18,Login,Android,516
7223,1051,2026-04-22,Login,iOS,114
7224,1043,2025-11-23,Deposit,Web,260
7225,1482,2026-02-04,Deposit,Android,105
7226,1426,2026-05-02,Login,Android,41
7227,1141,2026-04-28,View_Statement,Android,588
7228,1025,2026-03-28,Login,iOS,475
7229,1386,2025-09-17,View_Portfolio,iOS,492
7230,1270,2025-08-05,Deposit,Web,477
7231,1401,2025-09-21,Login,iOS,435
7232,1361,2026-03-25,Login,iOS,282
7233,1104,2025-11-20,Deposit,Web,479
7234,1424,2026-02-10,Login,Web,384
7235,1295,2026-02-03,View_Portfolio,iOS,153
7236,1153,2026-01-02,View_Statement,iOS,170
7237,1475,2026-02-14,Login,iOS,183
7238,1304,2025-12-14,Login,iOS,257
7239,1371,2025-10-28,Login,Android,209
7240,1472,2026-03-20,Deposit,iOS,561
7241,1305,2025-07-14,Login,iOS,259
7242,1161,2026-01-04,View_Statement,iOS,36
7243,1283,2026-03-04,View_Portfolio,iOS,251
7244,1045,2025-12-12,View_Statement,Web,438
7245,1287,2026-04-17,Login,Android,83
7246,1319,2025-08-20,Login,Android,417
7247,1368,2026-04-12,Deposit,Web,40
7248,1166,2025-10-14,Deposit,iOS,111
7249,1207,2025-08-24,Withdrawal,iOS,284
7250,1108,2026-04-07,View_Portfolio,Web,264
7251,1424,2025-09-12,Deposit,Android,330
7252,1442,2026-01-14,Login,Android,395
7253,1065,2026-04-13,Login,Android,560
7254,1267,2025-10-05,Withdrawal,iOS,234
7255,1399,2025-11-26,Deposit,Web,354
7256,1353,2026-02-16,Deposit,Android,81
7257,1185,2026-05-04,Login,Android,277
7258,1368,2026-04-15,View_Portfolio,iOS,478
7259,1224,2026-01-24,View_Portfolio,iOS,309
7260,1153,2026-01-31,Login,Android,581
7261,1423,2025-09-07,Login,iOS,212
7262,1289,2026-02-15,Deposit,iOS,444
7263,1285,2026-04-12,Deposit,iOS,236
7264,1186,2026-02-19,Login,iOS,490
7265,1226,2025-08-05,Withdrawal,Android,114
7266,1200,2025-11-20,Login,iOS,72
7267,1011,2025-07-19,Deposit,Web,114
7268,1397,2026-03-15,Login,iOS,584
7269,1325,2026-02-08,Login,Android,550
7270,1498,2026-02-08,Deposit,Android,282
7271,1467,2025-09-18,Login,Android,122
7272,1277,2026-02-08,Login,Web,397
7273,1003,2026-04-21,Deposit,iOS,245
7274,1410,2025-09-27,View_Statement,Web,583
7275,1417,2026-03-15,Withdrawal,iOS,375
7276,1350,2026-04-17,Login,Web,471
7277,1278,2026-04-08,Login,iOS,471
7278,1062,2026-03-09,Deposit,iOS,377
7279,1005,2026-01-08,Login,Android,450
7280,1403,2025-11-20,Login,Android,594
7281,1009,2026-03-02,Login,iOS,270
7282,1058,2026-01-30,Deposit,Android,411
7283,1280,2026-04-21,Withdrawal,iOS,434
7284,1423,2025-10-28,Deposit,iOS,402
7285,1460,2026-03-17,View_Statement,Android,117
7286,1238,2026-02-06,Login,iOS,461
7287,1317,2026-01-05,View_Statement,iOS,460
7288,1127,2026-04-13,Deposit,Web,30
7289,1304,2025-08-04,Login,Android,48
7290,1237,2025-06-29,View_Statement,iOS,238
7291,1219,2026-04-03,Deposit,Android,353
7292,1178,2026-04-28,Login,Android,202
7293,1318,2025-12-09,Login,Web,165
7294,1490,2026-03-09,Login,Android,220
7295,1437,2026-05-03,View_Statement,Android,96
7296,1149,2026-04-11,Login,iOS,416
7297,1038,2026-03-16,View_Statement,iOS,261
7298,1118,2025-09-17,Login,Android,306
7299,1483,2026-04-15,Login,Android,105
7300,1480,2026-02-01,Login,iOS,217
7301,1315,2025-07-25,Deposit,Web,556
7302,1484,2026-03-05,Login,iOS,204
7303,1097,2026-05-02,Withdrawal,iOS,331
7304,1427,2025-12-28,Login,iOS,86
7305,1017,2025-12-31,View_Portfolio,Android,143
7306,1325,2026-01-26,View_Portfolio,iOS,87
7307,1428,2026-03-16,Login,Web,571
7308,1468,2026-02-10,View_Portfolio,Web,501
7309,1447,2026-04-12,View_Portfolio,iOS,585
7310,1279,2026-01-25,Deposit,iOS,558
7311,1359,2026-01-27,Login,iOS,254
7312,1452,2025-12-06,Deposit,iOS,296
7313,1154,2026-01-20,View_Portfolio,Android,81
7314,1094,2026-04-21,Login,Android,384
7315,1432,2026-04-20,Login,iOS,190
7316,1175,2026-04-14,Login,Web,387
7317,1302,2026-03-17,Login,Web,488
7318,1029,2026-03-29,Login,Android,168
7319,1034,2026-04-17,Login,iOS,430
7320,1010,2026-04-20,Login,Android,258
7321,1276,2026-04-08,Login,iOS,71
7322,1472,2026-01-17,Login,Android,176
7323,1290,2026-01-14,Deposit,iOS,519
7324,1101,2025-07-22,View_Portfolio,iOS,226
7325,1141,2026-04-18,Login,iOS,458
7326,1087,2025-08-08,Login,iOS,456
7327,1394,2026-03-22,Login,Android,256
7328,1470,2025-08-14,View_Portfolio,Android,102
7329,1301,2025-12-11,Deposit,iOS,467
7330,1128,2025-12-15,Login,iOS,17
7331,1206,2025-09-19,Withdrawal,Web,369
7332,1089,2026-03-26,Login,Android,359
7333,1082,2025-10-15,Login,Android,423
7334,1212,2026-02-06,Login,Android,434
7335,1119,2025-11-05,Login,iOS,342
7336,1348,2026-02-03,Deposit,iOS,541
7337,1136,2026-05-02,Deposit,iOS,429
7338,1261,2026-03-27,Withdrawal,Web,22
7339,1469,2026-04-08,Deposit,Android,539
7340,1276,2026-04-16,Deposit,Web,17
7341,1377,2026-02-10,Deposit,iOS,435
7342,1428,2026-03-22,Deposit,Android,69
7343,1208,2025-12-27,Login,iOS,323
7344,1314,2026-04-24,Withdrawal,Android,565
7345,1404,2026-03-06,View_Statement,iOS,113
7346,1243,2026-02-27,Deposit,Android,456
7347,1473,2026-03-20,Deposit,iOS,444
7348,1455,2026-05-03,Login,iOS,221
7349,1345,2026-04-18,View_Portfolio,iOS,236
7350,1100,2026-01-02,View_Statement,iOS,519
7351,1115,2026-03-04,View_Portfolio,iOS,145
7352,1330,2026-02-19,Login,Android,481
7353,1424,2026-04-15,View_Statement,iOS,433
7354,1016,2026-02-20,Login,iOS,426
7355,1004,2026-04-27,Deposit,Android,87
7356,1266,2026-04-07,Deposit,iOS,414
7357,1435,2026-02-10,View_Portfolio,Android,298
7358,1048,2025-12-11,View_Portfolio,iOS,64
7359,1223,2026-02-26,View_Portfolio,Web,322
7360,1204,2026-02-15,View_Portfolio,Android,335
7361,1020,2026-04-11,Deposit,Android,151
7362,1288,2026-03-19,View_Portfolio,Web,229
7363,1194,2026-02-15,Login,Web,546
7364,1316,2025-12-30,Deposit,iOS,288
7365,1011,2025-07-17,Login,iOS,193
7366,1020,2026-01-16,View_Statement,iOS,154
7367,1279,2026-04-04,View_Statement,iOS,168
7368,1383,2025-09-10,Login,Android,61
7369,1333,2025-08-04,Deposit,Android,144
7370,1035,2025-12-09,Login,Web,386
7371,1401,2025-12-17,Login,iOS,27
7372,1266,2025-12-14,Deposit,Android,217
7373,1232,2026-02-23,Login,iOS,143
7374,1038,2026-02-04,Login,Android,413
7375,1462,2025-05-22,Deposit,Android,352
7376,1083,2026-01-16,Login,Android,523
7377,1032,2026-04-18,Deposit,Android,162
7378,1054,2026-02-15,Login,iOS,436
7379,1225,2025-07-22,View_Portfolio,iOS,166
7380,1313,2026-05-01,Deposit,iOS,18
7381,1107,2026-03-22,Withdrawal,Android,151
7382,1473,2026-03-10,Login,iOS,345
7383,1025,2026-03-12,Login,iOS,310
7384,1398,2026-04-04,View_Statement,Android,201
7385,1045,2025-09-06,Deposit,iOS,309
7386,1428,2026-03-02,Login,iOS,530
7387,1118,2025-08-01,View_Portfolio,Android,357
7388,1294,2026-04-23,Login,Web,497
7389,1125,2026-03-19,Deposit,iOS,388
7390,1036,2025-08-23,Login,Android,223
7391,1344,2025-10-21,Login,iOS,389
7392,1489,2026-04-30,Login,iOS,397
7393,1380,2026-01-19,Login,iOS,307
7394,1423,2025-08-27,Deposit,Android,108
7395,1167,2025-08-24,View_Portfolio,Web,376
7396,1269,2026-05-04,View_Statement,iOS,139
7397,1194,2026-01-17,Deposit,Android,593
7398,1418,2026-02-27,Login,iOS,407
7399,1124,2026-03-13,View_Portfolio,Web,292
7400,1271,2026-04-05,Deposit,iOS,86
7401,1058,2025-12-01,Login,Android,342
7402,1368,2026-04-11,Login,iOS,550
7403,1059,2026-02-12,View_Portfolio,Web,225
7404,1450,2025-07-18,Deposit,iOS,462
7405,1308,2026-04-23,View_Statement,iOS,485
7406,1217,2025-12-13,View_Portfolio,Android,75
7407,1069,2026-03-03,Deposit,Web,478
7408,1482,2025-11-19,Withdrawal,Web,597
7409,1244,2026-04-26,Deposit,iOS,467
7410,1103,2026-02-05,Login,iOS,434
7411,1005,2026-01-19,Deposit,Web,419
7412,1299,2026-04-24,View_Portfolio,iOS,463
7413,1264,2025-10-28,View_Portfolio,Android,521
7414,1241,2026-05-02,Deposit,iOS,368
7415,1334,2025-07-06,Login,Android,451
7416,1349,2026-04-04,Login,Android,464
7417,1222,2026-02-18,Login,Android,91
7418,1319,2025-08-05,View_Statement,Android,40
7419,1229,2026-01-05,Withdrawal,Android,408
7420,1452,2025-09-12,Withdrawal,Android,543
7421,1419,2026-03-20,View_Portfolio,Android,281
7422,1455,2026-04-13,Deposit,Android,170
7423,1474,2026-04-08,Deposit,Android,306
7424,1032,2026-04-14,Deposit,Android,397
7425,1491,2026-04-12,Deposit,Web,357
7426,1353,2026-03-15,View_Portfolio,iOS,212
7427,1374,2026-03-14,Login,Android,434
7428,1024,2026-01-25,View_Portfolio,Web,124
7429,1306,2025-12-08,View_Portfolio,iOS,545
7430,1374,2026-04-23,View_Portfolio,Android,565
7431,1187,2026-03-30,Login,iOS,77
7432,1449,2025-12-12,Login,iOS,192
7433,1477,2025-07-19,Login,iOS,269
7434,1128,2025-09-03,View_Portfolio,Android,68
7435,1112,2026-01-21,View_Portfolio,iOS,123
7436,1493,2025-11-13,Login,iOS,274
7437,1294,2026-05-01,Login,iOS,142
7438,1422,2025-12-24,View_Portfolio,iOS,520
7439,1149,2026-04-24,Login,Android,388
7440,1151,2026-03-18,View_Statement,iOS,62
7441,1174,2026-04-05,Deposit,Web,133
7442,1197,2026-02-15,View_Statement,iOS,70
7443,1255,2026-01-30,Deposit,Android,398
7444,1414,2025-05-25,Login,iOS,467
7445,1168,2025-09-10,Login,Web,394
7446,1082,2025-12-15,View_Portfolio,iOS,428
7447,1070,2026-04-17,Login,Android,459
7448,1325,2026-02-05,Withdrawal,Android,590
7449,1426,2026-01-03,Deposit,iOS,170
7450,1402,2025-11-06,View_Statement,iOS,344
7451,1443,2026-04-12,Login,iOS,330
7452,1013,2025-08-16,Deposit,Android,381
7453,1119,2026-02-28,Login,iOS,530
7454,1212,2026-03-14,Deposit,iOS,428
7455,1102,2026-04-04,Deposit,Android,326
7456,1277,2026-03-17,Login,Web,337
7457,1196,2026-03-20,View_Portfolio,Android,544
7458,1077,2025-10-07,Login,iOS,455
7459,1338,2026-04-02,Deposit,iOS,504
7460,1333,2025-07-10,Deposit,iOS,437
7461,1205,2026-03-09,Deposit,iOS,196
7462,1487,2026-04-11,Login,iOS,328
7463,1229,2026-02-25,View_Portfolio,Android,276
7464,1189,2025-12-29,Login,Android,205
7465,1099,2026-01-19,Withdrawal,Android,346
7466,1422,2026-03-03,Login,iOS,529
7467,1424,2026-03-05,Deposit,iOS,508
7468,1411,2026-02-26,View_Statement,iOS,99
7469,1442,2026-04-13,Login,Web,518
7470,1218,2026-02-23,Login,Android,186
7471,1460,2026-03-20,Login,iOS,529
7472,1194,2026-01-30,View_Portfolio,iOS,124
7473,1043,2025-11-29,Login,iOS,43
7474,1378,2026-05-02,View_Statement,Web,553
7475,1124,2026-04-04,Login,iOS,109
7476,1020,2026-02-10,Deposit,iOS,91
7477,1419,2026-03-31,Deposit,iOS,392
7478,1311,2026-01-23,Login,iOS,517
7479,1330,2025-09-24,Deposit,Web,258
7480,1328,2026-04-03,Withdrawal,iOS,328
7481,1168,2025-05-18,Withdrawal,iOS,574
7482,1046,2026-04-29,Deposit,iOS,76
7483,1484,2026-02-03,View_Portfolio,iOS,167
7484,1223,2026-02-21,View_Portfolio,Android,580
7485,1079,2026-02-24,Login,iOS,418
7486,1170,2025-12-03,Deposit,Android,170
7487,1402,2025-12-02,Login,Android,537
7488,1246,2026-04-26,Login,iOS,570
7489,1271,2026-05-03,Withdrawal,Android,268
7490,1467,2025-07-22,Deposit,Android,504
7491,1472,2026-01-02,Deposit,iOS,279
7492,1099,2026-01-25,Withdrawal,iOS,244
7493,1322,2025-11-09,Login,iOS,246
7494,1141,2026-04-16,Deposit,iOS,206
7495,1109,2026-02-27,Deposit,iOS,382
7496,1313,2026-04-24,Login,Android,38
7497,1137,2026-05-02,View_Portfolio,iOS,158
7498,1121,2025-12-22,Login,Android,417
7499,1099,2026-02-08,Withdrawal,Android,250
7500,1066,2026-01-09,View_Statement,iOS,293
7501,1494,2026-01-09,Deposit,iOS,194
7502,1144,2025-12-02,Login,iOS,388
7503,1110,2026-04-21,Login,iOS,474
7504,1484,2026-04-29,Login,Android,255
7505,1130,2026-04-10,View_Portfolio,iOS,115
7506,1400,2025-11-10,Login,iOS,31
7507,1328,2026-04-15,Login,Android,283
7508,1257,2026-03-06,Withdrawal,Android,322
7509,1210,2025-08-19,Login,iOS,595
7510,1246,2026-04-19,Deposit,Android,507
7511,1361,2026-04-13,Deposit,iOS,554
7512,1154,2025-11-23,Login,iOS,134
7513,1428,2026-04-24,Deposit,iOS,338
7514,1133,2026-03-25,Login,Android,27
7515,1021,2025-06-19,View_Portfolio,Android,129
7516,1035,2026-04-04,Login,Android,407
7517,1360,2026-01-23,Login,Android,361
7518,1476,2026-04-25,Deposit,Android,304
7519,1310,2025-09-06,Login,iOS,173
7520,1474,2026-04-24,Withdrawal,iOS,324
7521,1224,2026-03-04,Login,Web,426
7522,1124,2026-02-22,Login,Android,473
7523,1240,2025-12-16,Login,Android,316
7524,1434,2026-01-01,Login,iOS,99
7525,1364,2026-01-26,Login,Android,110
7526,1300,2026-04-22,Deposit,Android,279
7527,1341,2026-05-03,View_Portfolio,Android,362
7528,1004,2026-04-06,Login,iOS,505
7529,1123,2025-12-23,Login,iOS,111
7530,1042,2026-01-25,View_Portfolio,iOS,398
7531,1169,2026-03-29,Login,Android,252
7532,1420,2026-04-08,Login,Web,376
7533,1280,2026-01-27,Deposit,iOS,357
7534,1225,2025-06-29,Deposit,Android,42
7535,1389,2025-12-03,Login,iOS,90
7536,1185,2026-05-04,Deposit,iOS,94
7537,1323,2025-09-14,Deposit,iOS,172
7538,1011,2025-07-18,Deposit,Android,529
7539,1173,2026-04-10,Deposit,iOS,380
7540,1096,2025-11-17,Withdrawal,Android,501
7541,1278,2025-10-02,Login,iOS,453
7542,1139,2026-04-24,Login,Android,563
7543,1166,2025-07-26,Login,Web,488
7544,1187,2025-11-14,View_Portfolio,Web,129
7545,1086,2025-12-20,Withdrawal,Android,14
7546,1388,2025-12-04,View_Portfolio,Android,225
7547,1231,2025-09-25,View_Statement,Android,255
7548,1451,2026-01-02,View_Portfolio,iOS,74
7549,1138,2026-01-18,Withdrawal,iOS,92
7550,1485,2026-03-21,Withdrawal,Web,395
7551,1019,2025-11-19,Login,Android,322
7552,1338,2026-02-22,View_Statement,iOS,187
7553,1156,2025-12-27,Deposit,iOS,39
7554,1095,2026-04-04,Login,iOS,387
7555,1017,2026-03-06,Login,iOS,69
7556,1280,2026-02-08,View_Portfolio,Web,405
7557,1385,2026-01-12,Login,iOS,15
7558,1261,2026-04-09,Login,iOS,14
7559,1160,2026-04-27,Deposit,iOS,175
7560,1309,2025-11-26,View_Portfolio,Web,448
7561,1081,2025-12-12,Deposit,Web,73
7562,1185,2026-04-26,View_Portfolio,iOS,143
7563,1213,2026-05-02,View_Portfolio,Android,23
7564,1489,2026-05-01,View_Portfolio,Web,573
7565,1427,2026-04-10,Deposit,iOS,187
7566,1342,2026-01-08,Withdrawal,iOS,282
7567,1359,2026-01-13,Login,Android,557
7568,1167,2026-04-20,Login,iOS,83
7569,1418,2025-09-10,Deposit,iOS,356
7570,1206,2025-09-18,Login,Android,570
7571,1336,2025-12-06,Deposit,Web,445
7572,1261,2026-03-09,Login,Android,206
7573,1274,2026-04-10,Login,iOS,218
7574,1388,2025-10-21,View_Portfolio,iOS,40
7575,1236,2026-04-02,Deposit,iOS,194
7576,1243,2026-04-14,Deposit,iOS,599
7577,1220,2026-03-24,Deposit,iOS,480
7578,1365,2025-11-29,Deposit,iOS,117
7579,1347,2025-11-29,Login,iOS,440
7580,1070,2026-04-25,Deposit,iOS,597
7581,1395,2026-04-07,Deposit,iOS,287
7582,1431,2025-11-21,Login,Android,295
7583,1213,2026-05-04,Login,Android,425
7584,1337,2026-03-03,Deposit,Android,175
7585,1287,2026-04-18,Login,iOS,139
7586,1226,2025-09-30,View_Portfolio,iOS,232
7587,1269,2026-05-02,View_Portfolio,iOS,585
7588,1279,2026-03-02,Login,iOS,421
7589,1249,2026-03-13,Deposit,iOS,524
7590,1321,2026-01-16,View_Statement,iOS,452
7591,1196,2026-03-03,View_Portfolio,Android,157
7592,1030,2025-08-27,Login,Android,108
7593,1415,2026-03-05,Login,iOS,455
7594,1303,2026-04-29,Login,iOS,456
7595,1400,2025-12-01,Withdrawal,iOS,540
7596,1427,2026-01-22,Login,iOS,468
7597,1131,2026-03-18,Deposit,iOS,79
7598,1012,2025-12-01,View_Portfolio,iOS,504
7599,1460,2026-03-29,View_Portfolio,Android,455
7600,1395,2026-04-17,Login,Web,87
7601,1016,2025-10-10,Login,Android,23
7602,1413,2025-11-08,View_Portfolio,iOS,202
7603,1117,2026-04-25,Login,Android,447
7604,1149,2026-03-29,View_Portfolio,iOS,390
7605,1109,2026-02-25,Login,Web,197
7606,1236,2026-01-22,View_Statement,iOS,40
7607,1490,2026-03-10,Deposit,Android,566
7608,1314,2025-11-17,Login,iOS,211
7609,1427,2025-12-07,Deposit,Android,234
7610,1498,2025-12-18,View_Portfolio,iOS,29
7611,1005,2026-02-11,Login,iOS,474
7612,1180,2025-07-09,Login,Web,187
7613,1397,2026-05-04,Deposit,Android,210
7614,1337,2026-03-16,View_Portfolio,Web,344
7615,1396,2026-04-02,Login,iOS,189
7616,1465,2026-04-09,Login,Android,311
7617,1001,2026-04-09,Login,Android,87
7618,1008,2026-04-27,Login,iOS,466
7619,1144,2025-12-02,Login,Android,426
7620,1143,2025-07-29,Deposit,iOS,66
7621,1275,2025-12-02,Withdrawal,iOS,304
7622,1153,2025-10-04,Withdrawal,iOS,362
7623,1287,2026-04-26,Deposit,iOS,378
7624,1490,2026-04-13,Login,iOS,347
7625,1130,2026-02-10,Withdrawal,Android,451
7626,1121,2025-11-23,Deposit,iOS,341
7627,1059,2026-04-10,View_Portfolio,Android,482
7628,1217,2025-10-07,Deposit,iOS,36
7629,1031,2026-04-25,Login,Android,254
7630,1452,2026-04-17,Deposit,Android,201
7631,1452,2025-10-15,Login,Android,214
7632,1244,2025-10-19,View_Statement,iOS,584
7633,1140,2026-04-28,Withdrawal,Android,415
7634,1401,2025-10-07,View_Portfolio,Android,11
7635,1213,2026-05-01,Withdrawal,Web,216
7636,1029,2026-04-05,Login,Android,327
7637,1470,2025-09-25,Deposit,Android,118
7638,1164,2026-05-03,Withdrawal,Android,312
7639,1104,2025-09-06,Login,iOS,157
7640,1464,2026-03-11,Withdrawal,Android,534
7641,1063,2025-11-21,View_Portfolio,iOS,164
7642,1015,2025-12-01,Login,Android,115
7643,1286,2026-02-09,Login,iOS,424
7644,1494,2026-05-03,View_Portfolio,Android,543
7645,1179,2026-04-03,Login,iOS,41
7646,1011,2025-07-22,Login,Android,329
7647,1441,2025-11-08,Deposit,iOS,31
7648,1013,2025-08-12,Withdrawal,Android,499
7649,1215,2026-02-04,View_Statement,iOS,56
7650,1488,2025-08-22,Login,iOS,10
7651,1311,2026-02-25,View_Statement,iOS,473
7652,1489,2026-05-01,Login,iOS,180
7653,1226,2025-11-13,Withdrawal,iOS,352
7654,1063,2025-08-27,Login,iOS,47
7655,1255,2026-04-20,Deposit,iOS,434
7656,1468,2026-03-10,View_Portfolio,Web,493
7657,1130,2026-04-15,Login,iOS,407
7658,1456,2026-03-08,Login,Android,244
7659,1466,2026-04-29,Deposit,iOS,372
7660,1440,2026-03-18,Deposit,Android,524
7661,1263,2026-01-09,Login,Android,309
7662,1171,2026-01-02,View_Statement,Android,145
7663,1415,2025-12-11,Deposit,iOS,458
7664,1445,2025-10-18,Login,Web,94
7665,1406,2025-05-15,View_Statement,iOS,327
7666,1190,2026-04-19,Login,Android,85
7667,1284,2026-03-13,View_Portfolio,Android,95
7668,1025,2026-03-31,Login,Web,221
7669,1500,2026-01-11,Login,iOS,198
7670,1449,2025-08-25,Deposit,iOS,517
7671,1160,2025-10-07,Withdrawal,iOS,272
7672,1217,2025-11-20,Withdrawal,Web,350
7673,1176,2025-12-03,Login,iOS,325
7674,1336,2025-12-27,Login,iOS,31
7675,1221,2025-07-20,Withdrawal,iOS,414
7676,1490,2026-04-30,View_Portfolio,iOS,518
7677,1280,2026-04-30,Withdrawal,iOS,22
7678,1081,2026-01-17,Login,Android,246
7679,1125,2026-02-27,Deposit,iOS,482
7680,1170,2025-11-08,Deposit,iOS,53
7681,1070,2026-04-28,Login,iOS,290
7682,1078,2025-09-19,Deposit,Android,361
7683,1090,2026-01-16,Deposit,Android,64
7684,1380,2026-04-20,Login,Android,550
7685,1348,2026-03-27,Deposit,Android,89
7686,1111,2026-03-26,Deposit,Web,338
7687,1164,2026-03-07,View_Statement,iOS,518
7688,1415,2026-03-30,Deposit,Web,597
7689,1128,2026-04-01,Deposit,iOS,355
7690,1155,2026-03-06,Login,iOS,512
7691,1194,2026-05-01,Deposit,iOS,408
7692,1467,2025-12-21,Login,iOS,333
7693,1476,2026-03-11,Login,iOS,53
7694,1173,2026-04-08,Login,Web,559
7695,1300,2026-04-29,Deposit,iOS,121
7696,1313,2026-04-27,Deposit,Android,277
7697,1021,2026-03-10,View_Portfolio,Android,325
7698,1311,2025-10-15,Deposit,iOS,223
7699,1109,2026-04-23,Deposit,iOS,516
7700,1399,2025-11-26,Login,Android,359
7701,1418,2025-09-18,Withdrawal,iOS,24
7702,1360,2026-04-20,Login,Android,590
7703,1387,2025-12-08,Deposit,iOS,461
7704,1129,2025-09-06,Login,iOS,99
7705,1280,2026-01-22,View_Portfolio,Android,180
7706,1427,2026-04-25,Withdrawal,Web,284
7707,1027,2025-09-08,Withdrawal,iOS,599
7708,1393,2025-06-10,Login,Android,356
7709,1344,2026-04-11,Withdrawal,Android,129
7710,1401,2025-09-22,Withdrawal,Android,175
7711,1092,2026-05-01,Login,iOS,291
7712,1295,2026-04-14,Login,Web,224
7713,1055,2025-12-07,Login,iOS,371
7714,1196,2026-02-21,Withdrawal,Web,507
7715,1381,2025-05-26,Login,Android,326
7716,1221,2025-10-19,Login,Web,511
7717,1301,2025-11-02,Login,Android,214
7718,1156,2026-02-08,Deposit,Web,369
7719,1440,2026-04-14,Login,Android,497
7720,1101,2025-06-16,View_Portfolio,Web,449
7721,1413,2025-11-04,Login,iOS,294
7722,1236,2026-03-16,Login,Web,24
7723,1500,2025-12-25,Deposit,iOS,350
7724,1285,2026-04-15,View_Statement,Android,151
7725,1069,2026-02-01,View_Portfolio,Android,484
7726,1267,2026-04-20,Login,Android,293
7727,1386,2025-12-30,Login,Android,45
7728,1452,2025-11-19,Deposit,iOS,403
7729,1138,2026-04-02,Login,Android,191
7730,1248,2026-04-17,Deposit,iOS,402
7731,1103,2026-04-13,Deposit,Android,229
7732,1108,2026-04-01,Deposit,Android,391
7733,1200,2025-12-25,View_Statement,Android,457
7734,1375,2026-04-16,Login,Android,92
7735,1215,2026-02-01,Deposit,Android,66
7736,1155,2026-03-01,Deposit,iOS,598
7737,1087,2026-02-14,Deposit,Android,188
7738,1368,2026-04-10,Deposit,Android,328
7739,1482,2026-01-07,View_Statement,iOS,326
7740,1419,2026-03-23,View_Portfolio,iOS,332
7741,1209,2026-03-02,Deposit,Web,37
7742,1495,2025-08-19,Deposit,Android,23
7743,1178,2026-04-29,Deposit,Android,255
7744,1074,2026-04-26,View_Portfolio,iOS,543
7745,1258,2025-11-09,Login,Android,232
7746,1273,2026-02-07,Deposit,iOS,266
7747,1351,2026-04-14,Deposit,Web,231
7748,1336,2025-11-23,Deposit,iOS,63
7749,1024,2026-01-28,Login,Android,121
7750,1313,2026-04-27,Withdrawal,Android,484
7751,1071,2025-11-17,Deposit,Android,94
7752,1083,2026-03-02,Login,iOS,77
7753,1400,2026-04-19,Deposit,Web,136
7754,1353,2026-01-24,Withdrawal,Android,203
7755,1292,2026-05-03,View_Statement,Android,110
7756,1301,2025-10-22,Login,iOS,80
7757,1010,2026-04-26,Login,Android,75
7758,1319,2025-11-02,Login,Android,213
7759,1043,2025-12-05,View_Statement,Android,140
7760,1051,2025-09-10,View_Portfolio,Android,10
7761,1207,2025-07-08,Deposit,Android,44
7762,1107,2025-11-20,Login,iOS,508
7763,1259,2026-01-11,Deposit,iOS,145
7764,1194,2026-02-17,Withdrawal,Android,270
7765,1235,2025-11-26,View_Portfolio,Web,321
7766,1490,2026-04-07,Login,Web,296
7767,1163,2026-04-27,View_Statement,Android,99
7768,1475,2026-04-19,Login,iOS,266
7769,1069,2026-03-24,Login,iOS,406
7770,1335,2025-09-28,View_Portfolio,iOS,553
7771,1292,2026-05-03,Deposit,iOS,462
7772,1305,2026-01-23,View_Portfolio,iOS,316
7773,1481,2025-12-23,View_Statement,iOS,101
7774,1257,2026-04-10,Deposit,iOS,400
7775,1460,2026-03-15,Login,Android,389
7776,1426,2026-02-28,Withdrawal,iOS,67
7777,1425,2025-06-16,Deposit,iOS,470
7778,1329,2026-02-09,View_Portfolio,iOS,297
7779,1185,2026-04-24,Deposit,iOS,503
7780,1255,2026-01-06,View_Portfolio,Android,27
7781,1116,2026-02-15,View_Statement,iOS,183
7782,1404,2025-09-29,Withdrawal,iOS,529
7783,1478,2026-05-03,Withdrawal,Android,230
7784,1014,2025-09-03,Deposit,iOS,291
7785,1378,2026-05-02,Deposit,Android,539
7786,1215,2026-03-17,View_Statement,iOS,440
7787,1093,2025-08-19,Deposit,iOS,499
7788,1499,2025-08-07,View_Portfolio,iOS,570
7789,1234,2026-04-27,Deposit,iOS,451
7790,1483,2026-04-05,Deposit,iOS,353
7791,1180,2025-10-23,Withdrawal,iOS,287
7792,1475,2026-04-15,Withdrawal,Android,489
7793,1054,2026-05-03,Deposit,Android,108
7794,1305,2025-12-05,Login,iOS,418
7795,1475,2026-04-30,Login,Android,599
7796,1030,2025-08-30,Deposit,Web,437
7797,1387,2026-01-12,Login,iOS,166
7798,1012,2025-12-11,Deposit,iOS,528
7799,1111,2025-09-25,View_Portfolio,Android,393
7800,1415,2026-03-16,View_Statement,iOS,290
7801,1421,2025-11-20,Deposit,Android,529
7802,1411,2026-03-06,Login,iOS,396
7803,1495,2025-10-05,Deposit,iOS,296
7804,1372,2025-06-29,Deposit,iOS,465
7805,1408,2025-11-11,Login,Android,77
7806,1112,2025-11-22,Login,iOS,144
7807,1169,2026-05-02,Login,iOS,151
7808,1104,2026-02-08,Deposit,Web,427
7809,1448,2026-03-17,Login,Android,206
7810,1011,2025-07-14,Login,Android,533
7811,1347,2025-10-19,View_Portfolio,Android,46
7812,1329,2025-06-22,View_Portfolio,iOS,292
7813,1272,2026-05-02,Login,Android,94
7814,1014,2025-09-16,Login,Web,386
7815,1175,2026-04-10,Deposit,Android,598
7816,1158,2026-04-21,Login,iOS,555
7817,1110,2026-04-25,Withdrawal,iOS,569
7818,1152,2026-04-06,Login,iOS,26
7819,1234,2026-05-02,Login,Android,280
7820,1141,2026-02-15,Login,iOS,547
7821,1481,2026-03-04,Login,iOS,108
7822,1119,2026-02-05,View_Portfolio,iOS,149
7823,1382,2026-04-15,View_Portfolio,Android,517
7824,1009,2026-01-20,View_Statement,Android,31
7825,1177,2026-03-12,Withdrawal,Android,237
7826,1410,2025-11-16,Deposit,iOS,222
7827,1049,2025-12-08,Login,iOS,362
7828,1298,2025-07-01,Withdrawal,Web,83
7829,1429,2026-03-03,View_Statement,Android,400
7830,1370,2025-07-13,Login,Android,260
7831,1333,2025-07-05,Deposit,iOS,549
7832,1149,2026-03-29,Login,iOS,475
7833,1157,2026-04-08,View_Portfolio,Android,315
7834,1092,2026-04-23,Deposit,Web,374
7835,1152,2026-04-25,View_Portfolio,iOS,473
7836,1461,2025-12-08,Login,Web,275
7837,1376,2026-04-06,View_Statement,iOS,497
7838,1170,2026-01-16,Login,iOS,522
7839,1084,2025-10-22,Login,iOS,82
7840,1359,2026-01-01,Login,iOS,221
7841,1327,2025-10-11,Login,Web,174
7842,1425,2025-06-16,Login,iOS,452
7843,1048,2026-01-02,Deposit,iOS,405
7844,1335,2025-11-10,View_Portfolio,iOS,533
7845,1217,2025-10-10,View_Portfolio,iOS,577
7846,1483,2026-02-21,Deposit,iOS,213
7847,1077,2026-04-11,Login,iOS,449
7848,1043,2025-12-24,Login,iOS,321
7849,1264,2026-01-24,Deposit,iOS,516
7850,1469,2026-03-09,View_Portfolio,Web,116
7851,1063,2026-03-11,Deposit,iOS,554
7852,1245,2026-01-25,Deposit,Android,199
7853,1120,2026-02-06,Login,Android,483
7854,1319,2025-09-16,Deposit,Web,523
7855,1262,2025-10-29,Deposit,iOS,61
7856,1330,2026-03-29,Deposit,Android,360
7857,1250,2026-05-03,Login,iOS,389
7858,1497,2026-04-04,Login,Android,102
7859,1052,2026-03-21,View_Statement,iOS,468
7860,1489,2026-05-03,Deposit,iOS,502
7861,1277,2026-05-03,Withdrawal,Android,141
7862,1142,2025-11-05,Login,iOS,17
7863,1372,2025-08-01,Deposit,Web,365
7864,1251,2026-04-08,Login,iOS,340
7865,1493,2026-03-20,Login,Android,405
7866,1314,2026-03-23,Deposit,Android,227
7867,1225,2026-01-29,Deposit,iOS,356
7868,1153,2026-02-05,Login,Web,516
7869,1056,2025-08-06,Login,iOS,368
7870,1339,2025-11-26,Deposit,Web,342
7871,1009,2026-04-23,Login,iOS,90
7872,1241,2026-01-18,Login,Android,589
7873,1495,2025-10-25,View_Portfolio,iOS,73
7874,1500,2025-12-15,Withdrawal,iOS,549
7875,1485,2026-03-19,View_Portfolio,iOS,464
7876,1484,2026-03-21,Deposit,iOS,513
7877,1164,2026-03-07,Login,iOS,593
7878,1441,2025-10-27,View_Portfolio,Android,492
7879,1463,2025-08-20,Login,Android,486
7880,1133,2026-03-22,Withdrawal,iOS,312
7881,1081,2026-04-22,Login,iOS,213
7882,1350,2026-04-10,Deposit,iOS,57
7883,1135,2026-05-01,View_Portfolio,Android,473
7884,1134,2026-04-07,Deposit,iOS,297
7885,1463,2026-04-03,Deposit,Android,15
7886,1052,2026-04-13,View_Statement,Android,353
7887,1494,2026-04-30,Login,Android,361
7888,1202,2025-08-27,Login,Android,411
7889,1198,2025-11-11,View_Statement,Web,193
7890,1106,2026-04-26,Deposit,Web,467
7891,1311,2026-02-16,Deposit,Android,530
7892,1244,2025-11-05,Deposit,Android,252
7893,1233,2025-05-28,Login,Android,36
7894,1461,2025-11-22,Login,iOS,190
7895,1014,2026-02-07,Login,iOS,587
7896,1385,2026-03-13,Login,Android,13
7897,1225,2025-09-30,Deposit,Web,467
7898,1211,2026-04-03,Login,iOS,34
7899,1201,2026-03-12,Deposit,iOS,471
7900,1165,2025-08-15,Login,iOS,211
7901,1049,2025-12-30,Login,Android,186
7902,1496,2026-04-17,Login,iOS,46
7903,1396,2026-04-16,Deposit,Android,92
7904,1133,2026-02-11,Login,iOS,186
7905,1070,2026-04-06,Deposit,Web,221
7906,1372,2025-07-20,Login,iOS,219
7907,1119,2025-07-18,Login,Android,105
7908,1139,2026-05-04,View_Portfolio,iOS,148
7909,1243,2026-03-16,Login,Android,253
7910,1181,2026-02-24,View_Statement,iOS,230
7911,1486,2026-03-20,View_Statement,Web,497
7912,1183,2026-03-10,Withdrawal,Android,304
7913,1458,2026-04-24,Deposit,iOS,394
7914,1335,2025-09-28,View_Portfolio,iOS,585
7915,1050,2026-01-25,View_Portfolio,iOS,568
7916,1181,2026-01-12,Withdrawal,iOS,145
7917,1125,2026-04-28,Login,Android,85
7918,1231,2026-01-31,Login,Web,135
7919,1311,2026-04-10,Login,Android,357
7920,1348,2026-03-22,Login,iOS,476
7921,1003,2026-04-20,Login,Android,486
7922,1376,2025-10-20,Deposit,Android,115
7923,1400,2026-02-16,Deposit,Web,391
7924,1173,2026-03-26,Withdrawal,iOS,235
7925,1081,2025-12-22,Login,Android,412
7926,1420,2026-02-23,Login,iOS,97
7927,1275,2026-02-26,Withdrawal,iOS,235
7928,1388,2025-09-19,Deposit,Android,331
7929,1315,2025-10-05,Withdrawal,iOS,585
7930,1345,2026-04-02,Login,iOS,118
7931,1219,2026-03-08,View_Portfolio,iOS,390
7932,1140,2026-04-30,Withdrawal,iOS,210
7933,1063,2026-01-30,Withdrawal,Android,384
7934,1440,2026-03-29,Login,iOS,80
7935,1027,2025-11-03,View_Portfolio,Android,398
7936,1196,2026-01-07,Login,iOS,305
7937,1381,2025-09-01,Login,iOS,169
7938,1152,2026-03-08,View_Portfolio,Web,369
7939,1465,2026-04-15,Deposit,Android,531
7940,1252,2026-03-29,Login,Android,455
7941,1248,2026-04-24,View_Portfolio,Android,177
7942,1154,2026-01-22,Deposit,iOS,354
7943,1210,2026-02-15,View_Portfolio,Android,495
7944,1022,2026-03-27,View_Portfolio,iOS,188
7945,1070,2026-03-03,Login,Android,148
7946,1019,2026-01-19,Deposit,Android,215
7947,1101,2025-07-27,Login,Android,476
7948,1162,2026-01-08,Deposit,Android,42
7949,1139,2026-04-27,Login,Android,139
7950,1376,2026-01-07,Deposit,iOS,91
7951,1088,2026-04-05,View_Portfolio,iOS,119
7952,1429,2026-03-17,View_Statement,Web,19
7953,1037,2026-03-22,Login,iOS,408
7954,1407,2026-04-24,Login,iOS,548
7955,1424,2025-11-03,Login,iOS,479
7956,1171,2026-04-03,Login,iOS,424
7957,1260,2026-03-05,Deposit,Android,137
7958,1338,2026-01-17,View_Statement,Web,491
7959,1478,2026-03-30,Login,iOS,463
7960,1271,2026-04-02,Deposit,Android,278
7961,1485,2026-04-04,Deposit,iOS,433
7962,1407,2026-04-29,Login,Android,536
7963,1255,2025-12-18,Login,Android,452
7964,1140,2026-04-08,View_Statement,Android,232
7965,1068,2026-04-18,Login,iOS,435
7966,1068,2025-09-11,Deposit,iOS,375
7967,1436,2026-02-18,Login,Web,108
7968,1169,2026-03-03,Withdrawal,iOS,319
7969,1105,2025-05-26,Login,iOS,529
7970,1462,2026-04-19,Login,iOS,106
7971,1315,2026-01-25,Login,Android,592
7972,1058,2025-09-22,Login,Android,500
7973,1376,2026-02-08,View_Statement,Android,406
7974,1187,2026-03-12,Deposit,Android,179
7975,1456,2026-04-14,View_Portfolio,Android,168
7976,1407,2026-04-20,View_Statement,iOS,22
7977,1385,2026-04-10,Login,iOS,129
7978,1056,2026-03-15,View_Portfolio,iOS,315
7979,1459,2026-04-13,Withdrawal,iOS,336
7980,1475,2026-03-08,Deposit,iOS,415
7981,1004,2026-01-29,View_Portfolio,Android,491
7982,1285,2026-03-13,Login,Web,146
7983,1017,2026-02-12,Login,Android,492
7984,1433,2026-05-01,Login,iOS,524
7985,1467,2026-01-17,View_Portfolio,Android,30
7986,1237,2025-10-08,Login,Android,258
7987,1307,2026-03-22,View_Statement,Android,598
7988,1250,2026-05-04,Login,Web,362
7989,1433,2026-04-24,Withdrawal,Android,275
7990,1024,2026-02-11,Withdrawal,Android,411
7991,1500,2026-01-21,View_Statement,Android,497
7992,1300,2026-04-20,Login,Android,266
7993,1116,2026-02-02,Login,iOS,559
7994,1238,2026-01-04,View_Portfolio,iOS,597
7995,1169,2026-04-19,View_Statement,iOS,52
7996,1313,2026-04-24,Login,Android,60
7997,1492,2026-03-04,Deposit,iOS,102
7998,1440,2026-04-15,Login,iOS,581
7999,1288,2026-03-02,Withdrawal,iOS,14
8000,1415,2026-02-21,View_Portfolio,iOS,51
8001,1241,2025-10-01,View_Portfolio,iOS,267
8002,1400,2026-02-21,Deposit,Android,453
8003,1416,2025-12-23,Login,Android,407
8004,1364,2026-02-05,Deposit,Web,568
8005,1298,2025-09-15,View_Portfolio,iOS,575
8006,1378,2026-05-03,View_Statement,iOS,44
8007,1290,2026-04-30,Deposit,iOS,568
8008,1483,2026-03-10,Login,iOS,389
8009,1251,2026-04-10,Login,iOS,538
8010,1165,2025-09-21,View_Portfolio,iOS,396
8011,1400,2026-01-28,Deposit,Android,82
8012,1341,2025-12-23,Withdrawal,iOS,329
8013,1141,2026-04-16,Login,iOS,341
8014,1378,2026-05-02,Login,Android,16
8015,1120,2025-12-24,View_Statement,Android,486
8016,1338,2026-03-22,View_Portfolio,iOS,327
8017,1450,2025-09-09,Deposit,Web,27
8018,1376,2026-05-01,Deposit,iOS,20
8019,1161,2025-12-17,View_Statement,iOS,156
8020,1105,2025-09-11,Login,iOS,496
8021,1338,2026-01-18,View_Portfolio,iOS,527
8022,1092,2026-04-26,Login,iOS,561
8023,1485,2026-04-02,View_Portfolio,Android,174
8024,1419,2026-04-27,Deposit,Web,130
8025,1421,2026-05-02,Deposit,iOS,74
8026,1204,2026-03-29,Withdrawal,iOS,317
8027,1040,2026-04-15,Login,Web,239
8028,1392,2025-09-26,Login,iOS,50
8029,1054,2026-02-17,Deposit,iOS,39
8030,1089,2026-04-13,Deposit,iOS,97
8031,1135,2026-03-22,Login,iOS,295
8032,1002,2025-12-28,Login,iOS,135
8033,1097,2026-04-25,Login,Android,281
8034,1056,2025-05-27,Deposit,iOS,60
8035,1481,2026-01-09,View_Statement,Web,18
8036,1360,2026-03-19,Login,iOS,380
8037,1124,2026-02-01,Login,Android,222
8038,1185,2026-04-30,Deposit,iOS,99
8039,1433,2026-04-26,Deposit,iOS,511
8040,1471,2026-03-20,Withdrawal,iOS,363
8041,1453,2026-03-31,Login,Web,235
8042,1125,2026-03-27,Deposit,Android,59
8043,1334,2025-10-27,Login,iOS,569
8044,1264,2026-01-04,Login,Web,310
8045,1340,2025-12-30,Withdrawal,Android,88
8046,1191,2025-10-11,View_Portfolio,Web,566
8047,1338,2026-02-09,Login,Android,183
8048,1215,2026-03-24,Deposit,iOS,456
8049,1221,2025-10-10,Login,Android,581
8050,1199,2026-02-27,View_Portfolio,Web,596
8051,1344,2025-09-16,Login,iOS,550
8052,1174,2026-04-18,Login,Android,69
8053,1217,2025-10-09,View_Statement,iOS,78
8054,1206,2025-09-24,Deposit,iOS,345
8055,1486,2026-04-20,Deposit,iOS,350
8056,1067,2025-12-31,View_Portfolio,iOS,576
8057,1373,2025-11-20,Withdrawal,Android,379
8058,1174,2026-04-22,Deposit,iOS,542
8059,1078,2025-09-01,Login,iOS,485
8060,1323,2025-12-30,View_Statement,Android,235
8061,1042,2026-05-02,Login,Web,401
8062,1064,2026-01-07,View_Portfolio,iOS,375
8063,1384,2025-12-04,Withdrawal,iOS,360
8064,1329,2026-03-17,Deposit,iOS,158
8065,1437,2026-04-22,Login,iOS,196
8066,1199,2026-02-14,Login,Android,134
8067,1090,2026-03-30,Deposit,Web,350
8068,1007,2025-08-25,View_Portfolio,Android,230
8069,1263,2026-01-12,Withdrawal,iOS,163
8070,1492,2026-03-09,Deposit,Android,534
8071,1122,2026-04-28,View_Statement,iOS,523
8072,1164,2025-10-17,View_Statement,iOS,250
8073,1116,2026-03-12,Deposit,Android,170
8074,1013,2025-11-04,Login,iOS,457
8075,1451,2025-10-02,Deposit,iOS,40
8076,1020,2026-02-15,View_Portfolio,iOS,586
8077,1201,2026-03-01,Deposit,Web,191
8078,1309,2026-04-26,Login,iOS,152
8079,1254,2025-12-03,Withdrawal,iOS,349
8080,1086,2026-01-05,Withdrawal,iOS,189
8081,1180,2025-08-16,View_Statement,iOS,336
8082,1237,2026-02-28,Deposit,Android,109
8083,1353,2026-02-19,View_Statement,Web,180
8084,1061,2026-01-29,Login,iOS,214
8085,1215,2026-01-21,View_Portfolio,Android,526
8086,1381,2025-07-25,Login,iOS,143
8087,1215,2026-01-01,View_Portfolio,iOS,526
8088,1358,2026-04-29,View_Statement,iOS,438
8089,1372,2025-07-13,Deposit,iOS,560
8090,1090,2026-02-23,Withdrawal,Web,248
8091,1096,2025-10-29,View_Statement,iOS,399
8092,1061,2025-10-24,Login,Android,484
8093,1056,2025-11-03,Deposit,Web,537
8094,1220,2026-03-20,View_Portfolio,iOS,169
8095,1094,2026-04-15,Withdrawal,iOS,290
8096,1040,2026-04-19,View_Portfolio,iOS,92
8097,1337,2026-03-28,Deposit,iOS,487
8098,1319,2025-09-14,Withdrawal,Android,556
8099,1441,2025-10-24,Login,Android,124
8100,1248,2026-03-10,Login,Android,36
8101,1466,2026-01-13,View_Portfolio,iOS,475
8102,1217,2026-01-02,Deposit,iOS,22
8103,1388,2025-09-06,Login,Android,424
8104,1154,2026-01-06,View_Statement,Web,460
8105,1351,2026-01-28,Deposit,Android,40
8106,1062,2026-04-04,Login,iOS,225
8107,1460,2026-04-20,Deposit,iOS,199
8108,1438,2026-04-16,Deposit,Web,302
8109,1240,2025-11-18,View_Statement,iOS,362
8110,1190,2026-03-23,Withdrawal,iOS,152
8111,1146,2026-04-28,Deposit,Android,71
8112,1010,2026-04-26,Deposit,iOS,215
8113,1292,2026-05-03,View_Statement,iOS,313
8114,1130,2026-02-01,Deposit,iOS,133
8115,1060,2026-03-02,Login,Web,536
8116,1473,2026-03-24,Deposit,iOS,513
8117,1175,2026-04-15,Login,Web,547
8118,1073,2025-07-21,View_Statement,iOS,298
8119,1239,2026-03-02,Withdrawal,Android,78
8120,1416,2026-04-10,Login,Web,37
8121,1453,2025-06-03,Login,Android,136
8122,1179,2025-09-11,Login,Android,506
8123,1067,2026-03-30,Deposit,iOS,556
8124,1081,2026-01-25,Deposit,iOS,435
8125,1077,2026-04-30,Deposit,Android,425
8126,1248,2026-02-07,View_Portfolio,Web,183
8127,1195,2025-08-04,View_Statement,Android,289
8128,1476,2026-03-30,Login,iOS,103
8129,1068,2025-10-27,Login,iOS,338
8130,1338,2026-02-09,View_Portfolio,Web,159
8131,1056,2026-04-07,Deposit,iOS,224
8132,1099,2026-01-06,Login,iOS,486
8133,1270,2025-10-30,Login,iOS,130
8134,1400,2025-12-21,Login,iOS,361
8135,1076,2026-02-08,Login,iOS,117
8136,1331,2025-09-16,View_Statement,Android,211
8137,1066,2025-07-09,Deposit,Android,377
8138,1033,2026-02-14,Login,Android,399
8139,1269,2026-05-04,Login,Android,172
8140,1030,2025-09-27,Login,Android,379
8141,1026,2026-03-19,Deposit,iOS,299
8142,1370,2025-07-01,Withdrawal,Android,268
8143,1210,2025-08-21,Login,Web,182
8144,1269,2026-05-03,View_Statement,iOS,113
8145,1324,2026-02-15,View_Portfolio,Web,392
8146,1123,2026-01-14,View_Portfolio,Web,398
8147,1033,2026-03-15,Login,iOS,121
8148,1143,2025-11-11,Login,Web,538
8149,1145,2025-10-17,Deposit,Android,397
8150,1262,2026-02-17,Deposit,iOS,17
8151,1005,2026-01-15,Login,iOS,50
8152,1161,2026-01-11,View_Statement,Android,520
8153,1310,2025-12-09,View_Portfolio,Android,31
8154,1144,2025-12-02,Login,iOS,67
8155,1430,2026-04-24,View_Portfolio,Android,168
8156,1152,2026-04-27,Deposit,Android,580
8157,1381,2025-05-22,Login,iOS,440
8158,1005,2026-03-08,Login,Web,112
8159,1195,2025-10-18,Login,Web,180
8160,1483,2026-02-17,Login,Android,382
8161,1125,2026-04-06,Login,iOS,362
8162,1475,2026-03-22,Deposit,Web,482
8163,1076,2026-03-19,Login,Android,259
8164,1306,2026-03-04,Login,iOS,584
8165,1169,2026-03-19,Login,Android,104
8166,1217,2026-02-13,Login,iOS,59
8167,1183,2026-04-17,Deposit,iOS,375
8168,1337,2026-02-25,Login,iOS,26
8169,1113,2026-05-03,Deposit,iOS,124
8170,1276,2025-09-11,Login,Web,313
8171,1476,2026-04-10,Login,iOS,415
8172,1178,2026-04-29,View_Portfolio,Android,329
8173,1125,2026-03-21,Deposit,Web,423
8174,1291,2026-04-13,Deposit,Android,535
8175,1434,2025-12-01,Login,Android,280
8176,1463,2025-10-07,Deposit,Web,308
8177,1417,2026-02-06,View_Statement,Android,322
8178,1323,2025-08-09,Login,Android,412
8179,1199,2026-03-17,Login,iOS,446
8180,1138,2026-02-11,Deposit,Android,305
8181,1489,2026-04-30,Login,iOS,104
8182,1218,2026-03-12,View_Statement,Android,238
8183,1297,2025-12-13,Deposit,iOS,373
8184,1168,2025-10-15,Login,Web,31
8185,1134,2026-03-24,Login,Web,231
8186,1161,2025-12-31,Login,iOS,249
8187,1272,2026-05-04,Login,Android,209
8188,1280,2026-01-17,Withdrawal,Web,552
8189,1248,2026-04-10,Login,Android,281
8190,1222,2026-03-17,Login,Android,63
8191,1316,2025-11-14,Login,iOS,417
8192,1377,2026-03-16,View_Portfolio,iOS,542
8193,1330,2026-04-13,Login,iOS,337
8194,1395,2026-05-01,Login,iOS,559
8195,1172,2025-06-04,Login,Web,335
8196,1470,2025-12-15,Login,iOS,151
8197,1259,2025-10-25,View_Statement,iOS,471
8198,1422,2025-10-03,Deposit,Android,272
8199,1256,2026-01-01,Login,Android,269
8200,1168,2025-11-15,View_Statement,iOS,386
8201,1471,2026-02-23,Login,Web,412
8202,1493,2025-12-06,View_Portfolio,Android,180
8203,1120,2025-12-28,Deposit,Web,359
8204,1019,2025-12-26,Deposit,Android,536
8205,1296,2025-06-23,Deposit,Android,492
8206,1309,2025-12-13,View_Portfolio,iOS,32
8207,1247,2025-11-09,Deposit,iOS,519
8208,1205,2026-03-18,Login,iOS,480
8209,1420,2026-02-11,Login,Android,327
8210,1067,2026-02-16,Login,iOS,110
8211,1342,2026-02-17,Deposit,Web,307
8212,1345,2026-04-23,Login,Android,359
8213,1404,2025-09-22,Login,iOS,136
8214,1412,2025-10-26,Deposit,iOS,356
8215,1185,2026-05-02,Deposit,Android,403
8216,1387,2026-02-02,Login,Android,157
8217,1342,2025-10-28,Login,Android,72
8218,1108,2026-04-01,Login,Android,477
8219,1165,2025-10-30,Login,iOS,152
8220,1121,2026-02-20,Deposit,Android,280
8221,1486,2026-04-27,Login,Android,410
8222,1402,2026-01-23,View_Portfolio,Android,477
8223,1084,2025-08-26,Login,iOS,263
8224,1302,2026-04-12,Login,Android,314
8225,1261,2026-03-20,View_Statement,Web,538
8226,1107,2025-09-16,Deposit,iOS,510
8227,1123,2025-12-09,Login,Android,532
8228,1073,2025-07-14,View_Portfolio,iOS,231
8229,1477,2025-09-15,Login,iOS,130
8230,1337,2026-03-31,View_Statement,iOS,354
8231,1460,2026-03-10,Login,Web,438
8232,1313,2026-04-30,View_Portfolio,iOS,447
8233,1154,2026-02-20,Login,Web,586
8234,1289,2026-04-21,View_Statement,Android,72
8235,1097,2026-05-03,Deposit,iOS,547
8236,1292,2026-05-02,Login,iOS,254
8237,1349,2026-04-30,View_Portfolio,iOS,68
8238,1278,2025-08-13,Login,Web,308
8239,1254,2025-08-06,Withdrawal,iOS,129
8240,1082,2025-08-10,Deposit,Android,148
8241,1017,2025-12-25,Withdrawal,iOS,440
8242,1300,2026-05-01,Login,iOS,231
8243,1180,2025-09-16,View_Statement,Android,428
8244,1216,2025-12-25,Deposit,iOS,400
8245,1022,2026-04-28,Login,iOS,106
8246,1236,2026-02-20,Login,iOS,548
8247,1453,2025-05-30,Withdrawal,iOS,102
8248,1385,2026-03-16,View_Portfolio,Android,104
8249,1211,2026-04-30,Withdrawal,Android,184
8250,1286,2026-03-11,Login,Android,235
8251,1423,2025-08-26,Login,iOS,558
8252,1207,2025-09-11,Deposit,iOS,30
8253,1494,2026-04-16,Login,Android,355
8254,1419,2026-03-24,Login,iOS,244
8255,1325,2026-01-05,Deposit,iOS,78
8256,1255,2025-11-28,Login,iOS,106
8257,1454,2025-12-03,Login,iOS,328
8258,1345,2026-04-30,Login,Android,523
8259,1011,2025-08-13,Deposit,iOS,352
8260,1307,2026-02-06,Withdrawal,iOS,137
8261,1319,2025-10-12,View_Portfolio,Android,188
8262,1342,2025-10-22,Withdrawal,Web,411
8263,1379,2025-09-27,Login,iOS,428
8264,1034,2026-04-07,View_Portfolio,iOS,403
8265,1121,2026-03-18,Deposit,iOS,243
8266,1236,2026-04-21,View_Statement,Android,46
8267,1183,2026-04-04,View_Statement,iOS,480
8268,1078,2025-10-30,Deposit,iOS,538
8269,1123,2026-03-16,View_Statement,iOS,375
8270,1457,2026-01-12,Login,Android,557
8271,1276,2025-12-17,Login,iOS,164
8272,1208,2026-04-11,Login,Android,57
8273,1186,2026-02-23,Deposit,iOS,176
8274,1465,2026-04-08,Withdrawal,Android,431
8275,1017,2026-01-07,View_Statement,Web,461
8276,1290,2026-03-27,Deposit,Web,478
8277,1490,2026-05-01,Withdrawal,iOS,395
8278,1254,2025-10-09,View_Portfolio,iOS,98
8279,1459,2026-04-30,Deposit,Web,431
8280,1099,2026-02-02,Login,iOS,343
8281,1446,2026-02-24,View_Portfolio,Web,150
8282,1418,2026-03-20,Deposit,Android,181
8283,1484,2026-03-06,View_Portfolio,Web,540
8284,1456,2026-02-09,Withdrawal,Android,69
8285,1147,2025-12-03,Login,Web,555
8286,1372,2025-06-29,Login,iOS,466
8287,1114,2026-04-10,Login,iOS,593
8288,1097,2026-04-24,Login,iOS,238
8289,1382,2026-04-27,View_Portfolio,iOS,296
8290,1376,2026-01-26,Deposit,iOS,361
8291,1471,2026-03-03,Login,Web,179
8292,1322,2026-02-09,Login,Android,288
8293,1328,2026-05-04,Deposit,Android,361
8294,1349,2026-04-08,Login,iOS,521
8295,1170,2026-02-06,Login,Web,255
8296,1307,2026-04-02,Login,iOS,352
8297,1199,2026-01-19,Deposit,iOS,259
8298,1177,2026-03-06,View_Statement,Android,106
8299,1124,2026-03-18,View_Statement,Android,392
8300,1157,2026-04-17,Deposit,iOS,519
8301,1095,2026-02-19,Deposit,Android,498
8302,1286,2026-02-01,Deposit,iOS,268
8303,1099,2026-02-01,Login,iOS,10
8304,1409,2026-01-09,Login,Android,228
8305,1367,2026-04-17,Login,Android,443
8306,1452,2026-03-06,Login,iOS,548
8307,1369,2025-08-17,Login,iOS,309
8308,1235,2025-09-15,Deposit,iOS,351
8309,1190,2026-04-19,Login,Android,576
8310,1294,2026-04-25,Login,Web,103
8311,1273,2026-04-18,Deposit,Android,219
8312,1330,2025-12-08,Withdrawal,Android,53
8313,1385,2026-03-07,Login,iOS,481
8314,1018,2025-09-19,View_Portfolio,Web,361
8315,1447,2026-04-01,Deposit,iOS,223
8316,1174,2026-02-20,Login,iOS,206
8317,1403,2026-02-23,View_Statement,iOS,334
8318,1381,2025-07-18,Login,iOS,176
8319,1306,2025-06-08,Deposit,Web,415
8320,1120,2025-12-21,Login,iOS,400
8321,1256,2025-11-24,Login,Android,571
8322,1096,2025-12-12,Login,iOS,262
8323,1310,2025-09-03,Withdrawal,iOS,366
8324,1031,2026-04-11,Deposit,Android,588
8325,1097,2026-04-25,View_Statement,Android,562
8326,1470,2026-02-15,Withdrawal,iOS,395
8327,1193,2026-04-26,View_Statement,Android,324
8328,1233,2025-08-14,Login,Web,198
8329,1046,2026-03-05,Login,Web,254
8330,1291,2026-04-21,Login,iOS,564
8331,1236,2026-02-15,View_Portfolio,iOS,154
8332,1049,2025-11-19,Login,Android,579
8333,1337,2026-02-27,View_Statement,Android,541
8334,1162,2026-04-02,Login,iOS,342
8335,1285,2026-04-23,View_Portfolio,iOS,575
8336,1134,2026-04-09,Deposit,Android,133
8337,1257,2026-03-23,Deposit,iOS,67
8338,1183,2026-03-31,View_Statement,iOS,81
8339,1027,2025-08-09,View_Portfolio,Android,457
8340,1140,2026-03-07,View_Statement,Android,390
8341,1260,2025-12-15,Deposit,iOS,165
8342,1080,2025-10-18,View_Statement,Android,187
8343,1180,2025-08-20,Withdrawal,iOS,491
8344,1384,2026-03-14,View_Portfolio,iOS,279
8345,1267,2025-12-05,Withdrawal,Web,550
8346,1052,2026-04-05,View_Portfolio,iOS,119
8347,1084,2025-08-24,Deposit,iOS,325
8348,1410,2025-07-27,Withdrawal,iOS,166
8349,1156,2026-04-12,Deposit,iOS,66
8350,1490,2026-04-18,Withdrawal,iOS,255
8351,1328,2026-04-26,Login,Web,222
8352,1450,2025-08-02,Deposit,iOS,122
8353,1104,2025-12-20,Deposit,iOS,331
8354,1346,2025-12-31,View_Portfolio,Web,60
8355,1411,2025-11-20,Withdrawal,iOS,531
8356,1097,2026-05-02,Deposit,Android,60
8357,1125,2026-04-19,Login,iOS,252
8358,1183,2026-04-28,View_Portfolio,Web,361
8359,1327,2026-01-20,Login,iOS,502
8360,1054,2026-03-19,View_Portfolio,Android,66
8361,1302,2026-04-22,Withdrawal,Android,445
8362,1164,2026-03-01,Login,iOS,245
8363,1384,2026-04-12,View_Statement,Android,322
8364,1149,2026-04-10,Login,Android,21
8365,1433,2026-05-01,Login,Web,470
8366,1290,2025-06-07,Login,Web,482
8367,1378,2026-05-03,View_Statement,iOS,459
8368,1087,2025-07-14,View_Portfolio,Android,434
8369,1162,2026-03-02,View_Statement,Web,518
8370,1168,2025-09-14,Login,iOS,360
8371,1135,2026-03-22,Login,Android,411
8372,1090,2026-01-13,Deposit,iOS,471
8373,1488,2025-08-17,Deposit,Android,311
8374,1308,2026-04-18,Withdrawal,Android,20
8375,1305,2025-07-05,Deposit,Android,368
8376,1375,2026-04-17,Login,Web,251
8377,1081,2025-12-19,Login,iOS,54
8378,1351,2026-01-19,Deposit,Android,39
8379,1231,2025-09-04,Login,iOS,371
8380,1089,2025-12-16,View_Statement,Web,549
8381,1293,2025-12-02,View_Statement,Web,367
8382,1446,2026-03-15,View_Portfolio,Web,577
8383,1399,2026-02-03,Login,Web,138
8384,1002,2026-04-25,Login,Web,353
8385,1395,2026-04-10,Deposit,Web,325
8386,1352,2026-04-03,Withdrawal,iOS,441
8387,1222,2026-03-05,View_Statement,iOS,37
8388,1017,2026-01-26,View_Portfolio,Web,192
8389,1472,2026-02-04,Login,Android,346
8390,1429,2026-03-06,View_Statement,Web,97
8391,1196,2026-02-26,Login,Android,452
8392,1120,2026-03-18,View_Portfolio,iOS,550
8393,1242,2026-04-18,Deposit,Web,435
8394,1445,2026-04-24,Withdrawal,Android,498
8395,1174,2026-04-07,Deposit,Android,245
8396,1032,2026-02-15,View_Portfolio,Android,20
8397,1275,2026-02-04,Deposit,Android,429
8398,1195,2026-03-22,View_Portfolio,iOS,294
8399,1004,2026-04-07,Login,Android,356
8400,1281,2025-07-07,View_Portfolio,Web,420
8401,1457,2026-01-16,View_Statement,iOS,276
8402,1021,2025-11-02,Withdrawal,iOS,209
8403,1471,2026-03-08,View_Statement,iOS,372
8404,1238,2026-02-14,Login,Android,333
8405,1093,2026-01-25,View_Portfolio,Web,445
8406,1478,2026-04-30,Login,iOS,130
8407,1089,2026-04-16,Deposit,iOS,213
8408,1113,2026-04-06,Withdrawal,Web,196
8409,1221,2025-07-18,Withdrawal,iOS,93
8410,1098,2026-04-16,Withdrawal,iOS,315
8411,1142,2026-01-18,Login,iOS,243
8412,1150,2025-12-01,View_Statement,Web,16
8413,1048,2026-03-15,Login,iOS,527
8414,1051,2025-11-28,Deposit,iOS,220
8415,1208,2026-03-27,View_Portfolio,Web,573
8416,1011,2025-07-16,View_Portfolio,iOS,275
8417,1443,2025-11-09,Withdrawal,Android,30
8418,1270,2025-08-06,Deposit,iOS,263
8419,1263,2025-12-10,Deposit,Android,587
8420,1197,2026-02-15,Deposit,iOS,107
8421,1186,2026-04-20,Deposit,Android,242
8422,1296,2025-10-09,Withdrawal,iOS,467
8423,1221,2026-01-25,Withdrawal,Android,110
8424,1081,2026-04-27,Deposit,Android,161
8425,1222,2026-03-27,Withdrawal,Web,502
8426,1409,2025-12-04,Deposit,iOS,547
8427,1462,2026-03-05,Login,Android,590
8428,1379,2025-08-08,View_Portfolio,Web,306
8429,1170,2025-12-08,View_Portfolio,iOS,529
8430,1086,2025-12-20,Login,iOS,27
8431,1044,2026-02-20,View_Portfolio,Android,184
8432,1261,2026-04-10,Deposit,iOS,584
8433,1104,2026-01-14,Login,iOS,413
8434,1284,2026-03-25,Login,Android,35
8435,1460,2026-03-22,Login,Web,123
8436,1228,2025-12-16,View_Portfolio,iOS,231
8437,1188,2025-12-20,Login,iOS,110
8438,1461,2025-11-01,Login,iOS,356
8439,1121,2025-12-17,Login,Web,432
8440,1149,2026-04-06,Login,iOS,32
8441,1352,2026-02-11,Withdrawal,iOS,355
8442,1305,2025-08-27,Deposit,Web,14
8443,1440,2026-04-10,Login,Android,23
8444,1057,2026-02-03,Withdrawal,Android,108
8445,1341,2026-03-24,Login,iOS,265
8446,1189,2025-11-21,Deposit,iOS,438
8447,1357,2026-02-11,Login,Web,461
8448,1038,2026-02-18,Withdrawal,Web,543
8449,1201,2026-03-25,Login,Android,122
8450,1229,2025-10-14,Deposit,Web,554
8451,1386,2025-10-25,Deposit,Web,337
8452,1131,2026-03-13,Login,Android,439
8453,1171,2026-03-27,Withdrawal,Web,210
8454,1330,2025-10-05,Deposit,iOS,117
8455,1035,2025-12-20,Deposit,Web,421
8456,1201,2026-01-30,Login,iOS,138
8457,1168,2025-05-24,Deposit,iOS,152
8458,1496,2025-06-22,Login,Android,410
8459,1381,2025-06-28,Deposit,Web,469
8460,1246,2026-04-28,Login,iOS,320
8461,1224,2025-12-13,View_Portfolio,Android,128
8462,1341,2026-04-04,Login,Android,230
8463,1058,2025-12-24,View_Portfolio,iOS,23
8464,1290,2025-12-05,View_Portfolio,iOS,598
8465,1025,2026-04-05,View_Statement,iOS,126
8466,1490,2026-04-30,View_Statement,iOS,65
8467,1440,2026-02-26,View_Statement,Android,134
8468,1032,2026-01-18,View_Portfolio,iOS,34
8469,1110,2026-05-03,Login,Android,417
8470,1101,2025-06-10,Deposit,Android,102
8471,1150,2026-02-24,Login,Web,167
8472,1383,2025-09-20,Deposit,Android,228
8473,1345,2026-04-28,Deposit,iOS,528
8474,1193,2026-04-27,View_Statement,iOS,150
8475,1109,2026-03-03,View_Statement,iOS,543
8476,1356,2026-01-13,Login,iOS,407
8477,1277,2026-04-14,Deposit,iOS,542
8478,1233,2025-11-01,Deposit,Android,539
8479,1464,2026-04-25,Deposit,Web,57
8480,1480,2026-02-05,Deposit,iOS,102
8481,1021,2026-03-31,View_Statement,iOS,35
8482,1373,2025-10-04,View_Portfolio,Web,48
8483,1412,2026-01-02,Login,Android,174
8484,1252,2026-01-02,Login,iOS,457
8485,1403,2025-11-08,View_Portfolio,iOS,502
8486,1014,2026-02-26,Withdrawal,iOS,455
8487,1215,2026-02-07,Deposit,iOS,493
8488,1024,2026-03-04,View_Statement,Web,410
8489,1020,2026-03-07,Login,Android,549
8490,1416,2025-10-27,Deposit,Web,225
8491,1488,2025-11-24,View_Statement,Android,40
8492,1202,2025-07-08,Withdrawal,iOS,506
8493,1436,2026-04-11,Deposit,iOS,265
8494,1321,2026-01-26,Login,Web,193
8495,1479,2026-05-01,Login,iOS,422
8496,1052,2026-04-04,Login,iOS,150
8497,1357,2026-01-18,Deposit,iOS,380
8498,1186,2026-04-24,Deposit,Android,438
8499,1207,2025-06-04,View_Statement,iOS,594
8500,1360,2026-03-08,Login,iOS,424
8501,1095,2026-03-03,Login,iOS,480
8502,1348,2026-02-26,Login,iOS,254
8503,1266,2026-01-19,Withdrawal,iOS,568
8504,1326,2026-05-02,View_Statement,iOS,145
8505,1015,2026-03-08,View_Portfolio,iOS,201
8506,1175,2026-04-17,Withdrawal,Android,315
8507,1219,2025-12-26,Login,Web,156
8508,1010,2026-04-29,Login,Android,52
8509,1405,2026-03-17,View_Portfolio,Android,374
8510,1019,2025-11-26,Withdrawal,Android,344
8511,1068,2025-09-15,Login,Web,190
8512,1278,2025-09-04,Deposit,Web,184
8513,1319,2025-08-16,Login,Android,66
8514,1294,2026-04-29,Deposit,Android,274
8515,1015,2026-01-09,View_Statement,iOS,548
8516,1326,2026-04-30,Login,iOS,452
8517,1114,2026-04-17,Deposit,iOS,182
8518,1459,2026-04-15,Login,Android,15
8519,1300,2026-04-28,View_Statement,iOS,560
8520,1158,2026-03-30,Login,Android,25
8521,1104,2025-11-13,Deposit,iOS,234
8522,1280,2026-01-29,Login,iOS,91
8523,1086,2026-03-23,View_Portfolio,iOS,266
8524,1094,2026-04-30,Login,Android,150
8525,1174,2026-01-29,Deposit,iOS,541
8526,1388,2025-08-30,Login,iOS,111
8527,1242,2026-04-04,View_Portfolio,Android,91
8528,1262,2025-11-01,Login,Web,558
8529,1294,2026-04-18,Login,Android,511
8530,1282,2026-03-12,Withdrawal,Android,473
8531,1147,2025-12-02,View_Portfolio,Android,471
8532,1002,2025-11-07,Deposit,Android,397
8533,1068,2025-11-12,Login,iOS,74
8534,1069,2026-03-05,Deposit,iOS,321
8535,1047,2026-05-04,Withdrawal,Web,209
8536,1355,2025-12-10,Withdrawal,Web,356
8537,1413,2025-10-12,Login,Android,387
8538,1064,2025-11-11,View_Statement,Android,359
8539,1080,2025-09-12,Login,iOS,413
8540,1254,2026-01-24,Login,Android,399
8541,1237,2025-08-28,Login,iOS,530
8542,1396,2025-12-19,View_Statement,iOS,64
8543,1469,2026-04-18,View_Portfolio,iOS,41
8544,1329,2026-02-26,View_Portfolio,Android,539
8545,1139,2026-04-13,Login,iOS,200
8546,1264,2025-11-21,Withdrawal,iOS,362
8547,1316,2026-02-01,Login,Android,142
8548,1154,2025-11-27,View_Statement,Android,321
8549,1416,2025-11-20,Deposit,Web,149
8550,1423,2025-10-17,Deposit,iOS,458
8551,1132,2026-01-15,Login,Android,207
8552,1226,2025-11-28,Deposit,Web,218
8553,1092,2026-04-11,Withdrawal,Web,401
8554,1473,2026-03-12,Deposit,iOS,492
8555,1499,2025-12-12,Deposit,iOS,472
8556,1118,2025-09-23,Deposit,Web,101
8557,1126,2026-02-02,Withdrawal,iOS,353
8558,1375,2026-04-05,View_Portfolio,Android,99
8559,1428,2026-04-03,Login,Web,81
8560,1227,2026-03-24,Login,Android,364
8561,1339,2025-11-26,Withdrawal,Android,89
8562,1419,2026-03-20,Login,iOS,592
8563,1435,2026-04-28,Login,iOS,538
8564,1179,2026-02-16,Login,Android,572
8565,1487,2026-04-24,Deposit,Android,448
8566,1413,2026-01-28,Login,iOS,108
8567,1462,2025-10-01,Deposit,iOS,329
8568,1085,2026-05-01,View_Statement,iOS,592
8569,1164,2025-09-21,View_Portfolio,Android,572
8570,1230,2026-03-24,View_Portfolio,Android,27
8571,1206,2025-09-25,Login,iOS,218
8572,1104,2026-04-05,Login,iOS,169
8573,1114,2026-04-16,Login,Android,84
8574,1188,2026-02-10,View_Statement,iOS,85
8575,1271,2026-05-01,Withdrawal,iOS,324
8576,1051,2026-04-08,Login,iOS,221
8577,1306,2025-06-25,Deposit,Web,332
8578,1222,2026-02-14,Login,iOS,296
8579,1111,2026-02-18,Deposit,Android,270
8580,1055,2026-04-22,Login,iOS,372
8581,1012,2025-12-19,Login,iOS,257
8582,1434,2025-10-30,Login,Android,193
8583,1190,2026-04-15,Login,iOS,148
8584,1389,2025-12-27,Withdrawal,Web,178
8585,1155,2026-03-23,Deposit,Android,296
8586,1335,2025-10-13,Login,Android,328
8587,1346,2026-01-06,Deposit,Android,97
8588,1265,2026-04-25,Login,iOS,517
8589,1360,2026-03-12,Withdrawal,Android,408
8590,1104,2025-09-04,Login,iOS,395
8591,1163,2026-04-25,Login,iOS,294
8592,1141,2026-03-01,Login,Android,306
8593,1237,2025-12-28,Deposit,iOS,50
8594,1044,2026-03-17,View_Statement,iOS,260
8595,1239,2026-03-24,Login,Android,148
8596,1430,2026-05-01,Login,Android,257
8597,1097,2026-04-27,Login,Web,391
8598,1098,2026-05-04,Login,Android,108
8599,1375,2026-04-06,Login,iOS,474
8600,1324,2026-01-24,Login,Android,141
8601,1461,2025-10-04,View_Portfolio,Web,40
8602,1458,2026-04-23,Login,Android,454
8603,1053,2026-02-06,Withdrawal,Android,462
8604,1109,2026-01-04,Login,iOS,541
8605,1257,2025-12-18,Login,Web,466
8606,1011,2025-07-22,View_Portfolio,iOS,254
8607,1178,2026-04-25,Withdrawal,Android,279
8608,1393,2025-05-22,Login,iOS,513
8609,1294,2026-04-24,Login,iOS,128
8610,1471,2026-03-09,Login,iOS,53
8611,1397,2026-03-29,Login,iOS,539
8612,1389,2025-12-06,View_Statement,Android,218
8613,1025,2026-04-12,Deposit,Web,451
8614,1126,2026-03-20,View_Statement,iOS,286
8615,1266,2026-02-19,Login,Android,275
8616,1133,2026-03-29,Deposit,Android,373
8617,1278,2025-09-25,Login,iOS,357
8618,1042,2026-02-05,View_Portfolio,Web,192
8619,1473,2026-03-08,Login,iOS,542
8620,1101,2025-06-29,Withdrawal,Web,306
8621,1404,2025-07-31,Login,Web,589
8622,1284,2026-04-22,Deposit,iOS,520
8623,1277,2026-03-24,Deposit,Web,121
8624,1139,2026-05-04,Withdrawal,Android,34
8625,1221,2026-04-18,Login,Android,74
8626,1069,2026-04-07,Deposit,iOS,263
8627,1293,2025-10-26,Deposit,Android,243
8628,1177,2026-04-05,Login,Android,268
8629,1373,2025-09-11,Deposit,Android,117
8630,1197,2026-03-14,View_Statement,Android,73
8631,1033,2026-03-09,View_Statement,Android,225
8632,1301,2025-10-08,Login,iOS,99
8633,1228,2026-02-22,View_Portfolio,Web,462
8634,1136,2026-05-03,View_Portfolio,iOS,555
8635,1372,2025-07-21,Login,Web,254
8636,1134,2026-04-06,Deposit,iOS,445
8637,1399,2026-04-20,View_Portfolio,Web,519
8638,1143,2025-11-05,Deposit,Web,190
8639,1245,2026-02-23,Login,iOS,449
8640,1496,2026-03-01,Withdrawal,Android,26
8641,1137,2026-04-22,Login,iOS,490
8642,1061,2026-01-20,Login,iOS,245
8643,1056,2026-01-21,View_Portfolio,iOS,245
8644,1133,2026-03-23,Login,iOS,364
8645,1382,2026-04-09,View_Portfolio,Web,23
8646,1410,2025-10-17,Login,iOS,535
8647,1471,2026-02-17,Deposit,iOS,367
8648,1208,2026-03-21,Deposit,Android,597
8649,1126,2026-03-14,View_Portfolio,Web,382
8650,1123,2025-12-21,View_Portfolio,iOS,236
8651,1441,2025-12-08,View_Portfolio,iOS,553
8652,1231,2025-10-23,Deposit,Android,523
8653,1035,2026-01-17,Login,Web,411
8654,1266,2025-12-09,Deposit,Web,120
8655,1091,2025-12-15,Login,Android,259
8656,1464,2026-02-10,Login,iOS,153
8657,1021,2025-09-13,Login,Android,355
8658,1140,2025-09-02,Login,Android,270
8659,1265,2025-12-14,Login,Android,153
8660,1400,2026-01-16,Login,iOS,117
8661,1457,2026-01-11,Deposit,iOS,345
8662,1120,2026-01-28,Login,iOS,532
8663,1221,2025-11-27,Login,Android,529
8664,1438,2026-04-29,Deposit,Android,460
8665,1383,2025-09-01,Login,iOS,325
8666,1023,2026-04-29,Login,iOS,217
8667,1039,2026-04-15,Deposit,Web,528
8668,1235,2025-06-23,Deposit,iOS,40
8669,1241,2025-12-06,View_Statement,Android,242
8670,1128,2026-01-12,Login,iOS,74
8671,1472,2026-01-13,Deposit,Android,70
8672,1022,2026-03-06,Login,iOS,103
8673,1055,2026-03-31,Login,Android,149
8674,1415,2025-12-29,Login,Android,467
8675,1330,2025-10-26,Deposit,Web,192
8676,1047,2026-04-27,Login,Android,308
8677,1234,2026-05-02,View_Portfolio,Android,129
8678,1027,2025-10-05,View_Portfolio,iOS,506
8679,1384,2026-02-08,Login,Web,490
8680,1482,2026-03-09,Login,Android,360
8681,1048,2026-01-17,Deposit,Android,232
8682,1167,2026-01-18,Login,iOS,270
8683,1472,2026-01-21,View_Portfolio,iOS,328
8684,1405,2025-09-08,View_Statement,iOS,539
8685,1271,2026-03-27,Login,iOS,141
8686,1081,2026-04-25,View_Portfolio,Android,62
8687,1118,2025-11-09,Deposit,iOS,249
8688,1045,2025-12-10,Deposit,iOS,575
8689,1275,2026-02-15,Login,iOS,37
8690,1181,2025-12-23,Login,iOS,248
8691,1473,2026-04-11,Deposit,iOS,86
8692,1311,2025-11-27,Deposit,Web,172
8693,1232,2026-03-07,View_Statement,Web,426
8694,1086,2026-03-30,Withdrawal,iOS,237
8695,1105,2025-05-26,Deposit,Android,146
8696,1243,2026-04-01,View_Statement,Android,547
8697,1177,2026-04-02,Login,iOS,10
8698,1234,2026-04-27,Login,Android,162
8699,1078,2025-09-26,Deposit,Android,97
8700,1126,2026-03-14,Login,Android,563
8701,1189,2026-03-24,View_Statement,Android,85
8702,1060,2025-09-07,Deposit,Android,245
8703,1220,2026-04-04,Login,Android,260
8704,1076,2026-05-04,Login,Android,408
8705,1091,2026-01-27,Deposit,Android,102
8706,1116,2026-04-05,Login,iOS,331
8707,1280,2026-01-26,Login,iOS,536
8708,1470,2025-08-17,Deposit,Android,163
8709,1167,2026-04-20,Login,iOS,427
8710,1126,2026-01-22,Login,iOS,529
8711,1445,2026-05-02,Withdrawal,iOS,74
8712,1233,2025-06-26,Login,iOS,265
8713,1114,2026-03-12,View_Statement,iOS,152
8714,1487,2026-04-14,Login,iOS,205
8715,1100,2025-12-27,Deposit,Android,460
8716,1151,2026-04-11,Login,Web,563
8717,1072,2026-05-01,Login,Web,139
8718,1476,2026-03-10,View_Portfolio,Android,412
8719,1370,2025-06-27,Deposit,Android,311
8720,1349,2026-04-21,Login,Android,370
8721,1463,2026-02-15,Login,iOS,348
8722,1167,2025-11-12,Login,iOS,258
8723,1072,2026-01-15,Deposit,iOS,93
8724,1348,2026-02-08,Withdrawal,Android,257
8725,1353,2026-02-19,Login,iOS,195
8726,1011,2025-07-31,Login,iOS,430
8727,1298,2025-11-26,Withdrawal,Android,479
8728,1229,2025-10-23,Withdrawal,iOS,213
8729,1126,2026-04-16,Login,iOS,149
8730,1153,2025-09-23,Login,Android,488
8731,1162,2025-11-16,View_Portfolio,iOS,126
8732,1278,2026-01-10,Withdrawal,iOS,365
8733,1386,2026-02-05,Login,iOS,163
8734,1179,2025-10-31,Login,Android,229
8735,1144,2026-04-27,View_Statement,iOS,10
8736,1139,2026-04-26,Deposit,Web,147
8737,1206,2025-09-20,Withdrawal,iOS,224
8738,1096,2026-02-28,Login,iOS,428
8739,1214,2026-02-27,View_Portfolio,iOS,574
8740,1069,2026-03-12,Deposit,Android,390
8741,1356,2026-04-07,Login,Web,523
8742,1471,2026-03-11,Login,iOS,413
8743,1318,2025-09-07,Login,iOS,178
8744,1019,2026-03-20,View_Portfolio,iOS,38
8745,1413,2026-02-11,Withdrawal,Web,49
8746,1426,2025-12-17,Deposit,iOS,137
8747,1407,2026-04-25,Deposit,Android,444
8748,1316,2026-04-19,Deposit,iOS,574
8749,1457,2026-01-11,Login,Android,333
8750,1402,2026-02-23,Login,Web,259
8751,1351,2026-02-23,Login,Android,305
8752,1101,2025-07-22,Login,Web,238
8753,1081,2026-01-23,View_Statement,Android,158
8754,1183,2026-04-21,Login,Web,472
8755,1018,2025-09-14,Deposit,Android,298
8756,1155,2026-04-07,View_Portfolio,Android,250
8757,1341,2026-02-18,Deposit,Android,213
8758,1129,2025-09-03,Deposit,iOS,205
8759,1480,2026-02-19,Login,iOS,560
8760,1398,2026-04-08,Login,iOS,475
8761,1315,2025-11-14,Deposit,iOS,471
8762,1366,2026-05-02,Login,Web,570
8763,1462,2026-02-06,Login,iOS,427
8764,1161,2026-01-07,Deposit,iOS,224
8765,1420,2026-04-24,View_Portfolio,iOS,492
8766,1119,2026-02-20,Login,Android,206
8767,1423,2025-08-26,Login,Android,227
8768,1376,2026-01-21,Login,Android,147
8769,1332,2026-02-13,Withdrawal,Android,489
8770,1173,2026-03-22,View_Portfolio,iOS,353
8771,1153,2026-01-14,Login,Web,301
8772,1399,2025-11-01,View_Portfolio,iOS,566
8773,1020,2026-03-04,Deposit,iOS,345
8774,1034,2026-04-24,Deposit,Android,531
8775,1314,2026-04-23,Login,iOS,363
8776,1060,2025-08-25,Login,Android,387
8777,1462,2025-09-29,View_Statement,iOS,407
8778,1158,2026-04-18,View_Statement,iOS,206
8779,1364,2026-03-13,Deposit,iOS,539
8780,1397,2026-04-30,Deposit,Android,447
8781,1206,2025-09-15,Login,iOS,273
8782,1093,2026-01-18,View_Statement,Android,360
8783,1218,2026-02-10,View_Portfolio,Android,581
8784,1323,2026-02-16,Login,Android,347
8785,1089,2026-01-05,View_Portfolio,iOS,150
8786,1475,2026-04-23,Login,iOS,238
8787,1173,2026-03-25,Login,Web,148
8788,1040,2026-04-29,View_Portfolio,iOS,268
8789,1464,2026-02-22,Deposit,Web,593
8790,1422,2025-12-09,Deposit,iOS,239
8791,1203,2026-04-28,Deposit,iOS,534
8792,1221,2025-09-13,Login,iOS,570
8793,1047,2026-04-12,Login,iOS,369
8794,1243,2026-02-17,Deposit,Android,88
8795,1088,2026-03-02,Login,Android,328
8796,1157,2026-04-04,Deposit,iOS,464
8797,1162,2026-01-02,Deposit,Web,507
8798,1395,2026-04-26,View_Statement,Android,394
8799,1020,2026-04-11,Login,iOS,68
8800,1148,2025-07-16,Deposit,iOS,86
8801,1201,2026-02-24,View_Statement,iOS,263
8802,1312,2026-04-23,Login,Android,66
8803,1151,2026-03-08,View_Portfolio,Android,72
8804,1100,2025-11-10,Login,iOS,459
8805,1247,2025-10-03,View_Portfolio,Android,415
8806,1113,2026-04-10,Deposit,Web,17
8807,1219,2025-10-26,View_Statement,Android,564
8808,1344,2026-02-07,Login,Android,162
8809,1360,2026-02-20,Withdrawal,iOS,469
8810,1025,2026-05-01,Withdrawal,iOS,462
8811,1473,2026-04-27,Withdrawal,Web,36
8812,1496,2026-01-12,Login,Android,257
8813,1289,2026-02-16,Login,Android,180
8814,1415,2025-10-06,Login,iOS,191
8815,1458,2026-04-27,Login,Android,575
8816,1103,2026-02-24,Withdrawal,Android,445
8817,1079,2026-04-20,Login,Android,339
8818,1385,2026-01-04,Withdrawal,Android,284
8819,1438,2026-04-22,Deposit,Web,103
8820,1016,2026-01-11,Login,iOS,215
8821,1341,2026-04-06,Login,iOS,67
8822,1059,2026-03-19,Login,Web,41
8823,1194,2026-03-16,Deposit,iOS,570
8824,1125,2026-05-01,Deposit,Web,55
8825,1387,2025-11-09,Deposit,iOS,198
8826,1399,2025-10-12,View_Statement,Android,541
8827,1032,2026-01-01,Login,Web,468
8828,1178,2026-04-23,View_Portfolio,Android,36
8829,1367,2026-03-19,Withdrawal,Android,258
8830,1219,2025-11-01,Login,iOS,58
8831,1100,2025-10-19,View_Statement,iOS,538
8832,1483,2026-04-15,View_Statement,Web,140
8833,1444,2026-01-23,Login,Android,191
8834,1103,2026-04-18,Deposit,iOS,145
8835,1472,2026-02-05,View_Portfolio,Android,576
8836,1372,2025-07-28,Deposit,iOS,435
8837,1118,2025-08-28,View_Portfolio,Android,330
8838,1243,2026-04-01,Login,iOS,14
8839,1119,2025-10-06,Login,iOS,380
8840,1392,2025-06-22,Login,iOS,496
8841,1007,2025-10-28,Deposit,Android,142
8842,1388,2026-02-03,View_Portfolio,Android,43
8843,1478,2026-03-11,Deposit,Android,10
8844,1010,2026-05-04,Deposit,iOS,19
8845,1316,2025-12-19,Login,iOS,529
8846,1281,2025-10-17,Login,iOS,102
8847,1042,2026-02-26,View_Portfolio,Web,443
8848,1047,2026-04-12,Deposit,Web,326
8849,1096,2025-11-25,View_Statement,Android,558
8850,1246,2026-04-18,Deposit,iOS,222
8851,1224,2025-12-01,Deposit,Android,40
8852,1114,2026-03-09,View_Statement,iOS,119
8853,1032,2025-10-19,Login,Android,161
8854,1330,2026-03-31,Login,Android,370
8855,1457,2026-01-06,Deposit,iOS,350
8856,1153,2025-09-13,Deposit,Android,510
8857,1217,2026-03-05,Deposit,iOS,460
8858,1489,2026-05-01,Login,iOS,489
8859,1246,2026-04-12,View_Statement,iOS,199
8860,1272,2026-05-04,Withdrawal,Android,60
8861,1433,2026-05-02,Login,iOS,408
8862,1400,2025-11-05,Login,iOS,427
8863,1350,2026-04-30,View_Portfolio,Web,457
8864,1422,2026-03-29,Login,Web,85
8865,1261,2026-04-12,Deposit,Android,262
8866,1007,2025-09-19,Login,Android,587
8867,1205,2025-11-29,Login,Web,350
8868,1264,2025-11-19,Deposit,Android,544
8869,1289,2026-03-20,Withdrawal,iOS,36
8870,1318,2025-12-09,Login,iOS,326
8871,1202,2025-08-14,View_Statement,Android,129
8872,1116,2026-02-18,Login,Android,166
8873,1212,2026-02-23,View_Portfolio,Web,568
8874,1160,2026-01-22,Login,Android,303
8875,1477,2025-08-24,View_Portfolio,Android,81
8876,1129,2025-08-20,View_Statement,iOS,582
8877,1347,2025-12-30,Login,Android,542
8878,1148,2026-02-11,Deposit,iOS,323
8879,1311,2025-10-23,Login,iOS,155
8880,1447,2025-11-30,Withdrawal,Android,53
8881,1078,2025-08-15,View_Portfolio,iOS,81
8882,1463,2026-04-18,Login,Android,189
8883,1262,2025-10-31,Login,Android,353
8884,1052,2026-03-19,Login,iOS,530
8885,1258,2026-01-24,Login,iOS,486
8886,1221,2025-11-01,Login,iOS,54
8887,1039,2025-12-25,Login,iOS,205
8888,1248,2026-03-27,Login,iOS,314
8889,1377,2026-03-20,View_Statement,iOS,139
8890,1288,2025-09-19,Login,Web,597
8891,1254,2025-06-30,Login,Android,213
8892,1116,2026-04-04,Login,iOS,353
8893,1435,2026-04-08,View_Statement,Web,581
8894,1197,2026-01-16,View_Portfolio,Android,324
8895,1214,2026-02-26,Login,iOS,34
8896,1092,2026-04-30,View_Portfolio,Android,409
8897,1032,2025-11-20,View_Portfolio,iOS,458
8898,1093,2025-12-19,View_Statement,Android,263
8899,1232,2026-03-20,View_Portfolio,Android,425
8900,1131,2025-11-14,Login,iOS,441
8901,1318,2025-11-25,Deposit,Web,241
8902,1223,2026-02-24,Withdrawal,iOS,508
8903,1013,2026-03-16,View_Statement,Android,129
8904,1326,2026-04-29,Login,Web,61
8905,1021,2026-03-02,Login,iOS,105
8906,1445,2025-11-21,Deposit,Android,583
8907,1014,2025-10-10,Deposit,Web,382
8908,1345,2026-04-05,Deposit,Web,193
8909,1327,2026-04-15,Login,Android,518
8910,1107,2025-10-21,View_Statement,iOS,311
8911,1406,2026-03-17,View_Portfolio,iOS,48
8912,1128,2025-09-17,Withdrawal,iOS,560
8913,1032,2026-03-15,Deposit,Android,228
8914,1169,2026-03-08,View_Portfolio,iOS,501
8915,1288,2025-07-06,Login,Web,200
8916,1426,2026-05-03,Login,iOS,258
8917,1436,2025-09-10,View_Statement,iOS,420
8918,1478,2026-03-23,Deposit,iOS,566
8919,1081,2026-04-16,Login,iOS,408
8920,1488,2026-02-26,View_Statement,iOS,95
8921,1182,2026-04-23,View_Statement,iOS,308
8922,1358,2026-04-28,View_Portfolio,iOS,584
8923,1190,2026-04-15,Login,iOS,385
8924,1255,2025-11-15,Login,Android,71
8925,1341,2026-01-21,Deposit,iOS,242
8926,1474,2026-04-09,Deposit,Android,343
8927,1299,2026-02-21,View_Statement,iOS,139
8928,1387,2025-12-15,View_Statement,iOS,258
8929,1166,2025-09-18,View_Statement,Android,12
8930,1465,2026-04-14,Login,iOS,310
8931,1256,2026-01-07,View_Portfolio,iOS,407
8932,1423,2025-09-10,View_Portfolio,Android,12
8933,1198,2025-10-04,Login,iOS,445
8934,1213,2026-05-03,Login,iOS,582
8935,1045,2026-02-27,Withdrawal,iOS,416
8936,1302,2026-03-08,Login,iOS,406
8937,1371,2025-08-19,View_Statement,iOS,582
8938,1360,2026-04-06,Login,iOS,517
8939,1013,2026-04-14,Deposit,iOS,437
8940,1052,2026-01-29,View_Statement,iOS,19
8941,1265,2025-12-10,View_Statement,iOS,426
8942,1441,2025-09-25,View_Portfolio,Android,254
8943,1325,2026-01-22,View_Portfolio,Web,28
8944,1043,2026-01-10,View_Statement,iOS,71
8945,1007,2025-10-10,View_Statement,iOS,552
8946,1230,2026-02-25,Deposit,Android,412
8947,1044,2026-04-07,Withdrawal,Android,51
8948,1172,2025-05-17,Deposit,Android,228
8949,1102,2026-03-13,Deposit,iOS,276
8950,1223,2025-12-16,View_Portfolio,Android,248
8951,1068,2025-10-12,Withdrawal,iOS,305
8952,1122,2026-04-15,View_Portfolio,iOS,474
8953,1077,2026-01-15,Login,Android,379
8954,1300,2026-05-01,Deposit,iOS,432
8955,1463,2026-01-10,Login,iOS,499
8956,1296,2025-07-12,Deposit,Web,352
8957,1205,2025-10-24,Deposit,Android,111
8958,1427,2026-01-06,View_Portfolio,Android,296
8959,1491,2026-04-08,Login,iOS,56
8960,1318,2025-09-17,Login,iOS,57
8961,1171,2025-12-01,View_Statement,iOS,396
8962,1218,2026-04-11,View_Statement,Android,310
8963,1403,2026-02-21,Login,iOS,187
8964,1305,2025-09-13,Login,iOS,300
8965,1193,2026-04-19,Login,Android,45
8966,1333,2025-07-04,View_Portfolio,Android,419
8967,1153,2025-11-07,Withdrawal,Web,136
8968,1468,2026-04-20,Deposit,iOS,573
8969,1041,2026-01-18,Withdrawal,iOS,289
8970,1023,2026-04-22,Deposit,Web,271
8971,1186,2026-04-23,Login,Android,317
8972,1216,2025-12-23,View_Portfolio,iOS,37
8973,1043,2025-12-08,View_Portfolio,Android,54
8974,1361,2026-04-11,View_Portfolio,iOS,599
8975,1113,2026-04-07,View_Statement,iOS,560
8976,1231,2025-12-09,Withdrawal,iOS,478
8977,1424,2025-12-31,Login,iOS,258
8978,1414,2026-04-09,Login,iOS,517
8979,1418,2025-08-26,Withdrawal,iOS,171
8980,1110,2026-04-25,Login,iOS,464
8981,1138,2026-04-27,Login,iOS,254
8982,1105,2025-07-27,Login,Android,138
8983,1316,2026-03-29,View_Statement,iOS,107
8984,1385,2025-12-19,Login,Web,123
8985,1140,2025-06-20,Login,Android,343
8986,1430,2026-04-06,View_Statement,Android,225
8987,1255,2026-03-21,Deposit,iOS,414
8988,1499,2025-08-05,Login,iOS,392
8989,1349,2026-04-13,View_Portfolio,iOS,467
8990,1075,2025-09-14,Login,iOS,150
8991,1233,2025-07-31,View_Portfolio,iOS,567
8992,1401,2025-11-07,Deposit,iOS,385
8993,1212,2026-02-26,Login,Android,42
8994,1058,2025-08-28,View_Portfolio,iOS,562
8995,1038,2026-02-09,Deposit,Android,522
8996,1262,2026-01-31,Deposit,iOS,274
8997,1446,2026-01-08,View_Portfolio,Android,196
8998,1212,2026-03-14,Login,iOS,130
8999,1458,2026-04-24,Login,iOS,97
9000,1138,2026-02-21,View_Statement,iOS,547
9001,1479,2026-05-01,Deposit,Android,560
9002,1282,2026-04-30,Deposit,iOS,382
9003,1058,2025-09-04,Login,iOS,159
9004,1273,2026-03-17,Deposit,iOS,362
9005,1053,2026-02-16,Deposit,Android,489
9006,1206,2025-10-06,Login,iOS,479
9007,1005,2026-04-20,Login,Android,473
9008,1323,2025-10-23,Deposit,iOS,364
9009,1107,2026-04-29,Login,iOS,354
9010,1243,2026-05-02,Deposit,Android,546
9011,1148,2025-12-01,Withdrawal,iOS,378
9012,1179,2026-01-09,Login,Android,132
9013,1174,2026-03-23,Withdrawal,iOS,446
9014,1463,2025-11-15,Login,iOS,275
9015,1323,2026-01-02,View_Statement,Android,411
9016,1387,2026-01-30,View_Statement,Web,118
9017,1407,2026-04-20,View_Portfolio,iOS,550
9018,1393,2026-03-14,Login,Android,323
9019,1139,2026-05-03,View_Statement,Android,77
9020,1175,2026-03-07,View_Statement,Android,88
9021,1253,2026-04-23,Deposit,Web,22
9022,1433,2026-04-19,Deposit,Android,187
9023,1250,2026-05-04,Login,Android,62
9024,1428,2026-03-31,Login,iOS,65
9025,1369,2025-09-06,Deposit,iOS,334
9026,1489,2026-05-02,Deposit,Android,64
9027,1397,2026-04-26,Login,Android,427
9028,1136,2026-04-20,Login,Android,590
9029,1447,2026-01-04,View_Portfolio,iOS,579
9030,1022,2026-04-10,Deposit,Android,144
9031,1038,2026-04-26,Deposit,iOS,66
9032,1027,2025-08-08,Withdrawal,Web,320
9033,1282,2026-03-28,Deposit,iOS,544
9034,1279,2026-04-19,Login,iOS,163
9035,1120,2026-03-07,Deposit,iOS,596
9036,1253,2026-05-01,Login,iOS,442
9037,1359,2025-12-13,View_Portfolio,Web,598
9038,1479,2026-05-02,Login,Android,573
9039,1477,2025-09-11,Login,Android,459
9040,1065,2026-04-19,Deposit,iOS,281
9041,1074,2026-01-09,Withdrawal,iOS,261
9042,1303,2026-04-16,Withdrawal,Android,82
9043,1317,2026-02-04,Login,Android,315
9044,1174,2026-02-18,Deposit,Web,505
9045,1388,2025-12-03,Login,Android,65
9046,1415,2026-02-18,View_Portfolio,iOS,212
9047,1260,2026-02-03,Login,Web,229
9048,1285,2026-03-17,View_Portfolio,Web,149
9049,1073,2025-07-20,View_Statement,Web,561
9050,1079,2025-12-20,View_Statement,Android,557
9051,1044,2026-02-03,View_Portfolio,iOS,443
9052,1233,2025-10-02,Login,iOS,560
9053,1003,2026-04-23,Deposit,Android,399
9054,1443,2026-03-24,Login,iOS,330
9055,1079,2026-02-27,Login,Web,498
9056,1377,2026-04-16,Login,iOS,533
9057,1181,2026-01-02,Deposit,iOS,263
9058,1139,2026-05-03,Deposit,iOS,522
9059,1390,2026-04-13,View_Statement,iOS,93
9060,1303,2026-04-26,Deposit,Android,173
9061,1007,2025-08-07,Deposit,Android,441
9062,1371,2025-10-03,Deposit,iOS,518
9063,1366,2026-03-12,View_Portfolio,Android,182
9064,1324,2026-01-19,View_Statement,iOS,157
9065,1213,2026-04-30,Deposit,iOS,337
9066,1001,2026-04-17,Login,Android,148
9067,1184,2026-02-07,Login,Android,449
9068,1251,2026-04-09,Withdrawal,Web,551
9069,1215,2026-01-11,Login,iOS,69
9070,1077,2025-06-19,View_Portfolio,iOS,189
9071,1043,2025-12-25,Withdrawal,Web,29
9072,1412,2025-12-08,Withdrawal,iOS,119
9073,1157,2026-04-22,View_Portfolio,iOS,295
9074,1018,2026-02-03,View_Portfolio,Web,310
9075,1343,2025-12-11,Deposit,Android,213
9076,1220,2026-03-28,Login,iOS,277
9077,1073,2025-07-19,Deposit,Android,381
9078,1190,2026-04-30,Deposit,Android,75
9079,1363,2026-01-23,View_Statement,Web,224
9080,1262,2025-12-01,Withdrawal,iOS,278
9081,1144,2026-03-27,Deposit,Android,539
9082,1485,2026-04-21,Deposit,Web,156
9083,1129,2025-09-08,Login,iOS,164
9084,1278,2025-12-15,Deposit,iOS,510
9085,1302,2026-03-04,Login,iOS,39
9086,1190,2026-04-22,Login,Android,470
9087,1151,2026-01-28,Login,Android,452
9088,1405,2025-10-19,Deposit,iOS,145
9089,1307,2026-02-18,View_Portfolio,iOS,584
9090,1384,2026-03-14,View_Portfolio,Android,157
9091,1095,2026-04-13,Login,iOS,156
9092,1038,2026-01-14,Login,iOS,303
9093,1156,2026-05-01,Deposit,Android,466
9094,1300,2026-04-21,Login,iOS,315
9095,1347,2025-07-15,Login,Android,399
9096,1423,2025-10-03,Deposit,iOS,35
9097,1426,2026-04-05,Login,iOS,109
9098,1042,2026-01-03,Login,iOS,541
9099,1316,2026-02-15,Deposit,Android,370
9100,1126,2026-03-12,Deposit,Web,113
9101,1313,2026-04-24,Withdrawal,Android,420
9102,1077,2026-01-20,Login,iOS,30
9103,1096,2025-12-03,Login,Android,212
9104,1263,2026-02-14,Login,Android,476
9105,1307,2025-11-20,Login,Web,99
9106,1225,2025-07-30,Login,iOS,80
9107,1111,2026-01-09,Login,iOS,377
9108,1238,2026-01-24,Deposit,iOS,161
9109,1205,2026-01-05,Withdrawal,iOS,48
9110,1288,2025-10-05,Login,Android,93
9111,1263,2025-10-03,Login,iOS,214
9112,1076,2026-04-11,Deposit,iOS,578
9113,1424,2025-11-06,Withdrawal,iOS,325
9114,1143,2026-01-03,Login,iOS,160
9115,1315,2025-12-07,Login,iOS,86
9116,1369,2025-09-11,Deposit,iOS,431
9117,1085,2026-02-28,Login,Android,323
9118,1396,2026-03-09,Deposit,Web,173
9119,1252,2026-02-04,Withdrawal,iOS,577
9120,1333,2025-07-20,Withdrawal,Web,178
9121,1232,2026-01-10,Login,iOS,398
9122,1426,2025-12-22,View_Portfolio,Android,596
9123,1295,2026-02-26,View_Statement,Android,521
9124,1319,2025-05-24,Login,iOS,153
9125,1130,2026-04-02,Login,Android,341
9126,1285,2026-03-15,Withdrawal,Web,168
9127,1317,2026-04-19,Withdrawal,Web,209
9128,1496,2025-08-14,Deposit,Android,278
9129,1029,2026-05-04,View_Statement,Android,160
9130,1228,2025-12-23,Login,iOS,270
9131,1294,2026-04-14,Deposit,iOS,268
9132,1007,2025-08-09,Login,iOS,462
9133,1030,2025-08-12,Login,Android,307
9134,1215,2025-12-13,Login,iOS,290
9135,1115,2025-12-27,Deposit,Android,84
9136,1476,2026-03-07,Deposit,iOS,135
9137,1440,2026-01-03,Login,Android,447
9138,1215,2026-02-09,Deposit,Android,432
9139,1164,2025-11-20,Deposit,Android,325
9140,1170,2026-02-21,Login,Android,390
9141,1221,2025-09-10,Login,Android,55
9142,1260,2026-03-16,Login,Android,454
9143,1212,2026-03-18,Deposit,iOS,439
9144,1261,2026-04-12,Withdrawal,Android,347
9145,1302,2026-02-21,Deposit,iOS,474
9146,1331,2025-12-21,Login,Android,586
9147,1130,2026-02-17,View_Statement,iOS,96
9148,1105,2026-04-07,Deposit,Web,362
9149,1054,2026-04-25,View_Portfolio,Android,277
9150,1108,2026-04-18,Login,iOS,231
9151,1472,2026-04-02,Deposit,iOS,368
9152,1315,2026-01-08,Deposit,Android,244
9153,1289,2026-01-11,View_Portfolio,iOS,86
9154,1255,2026-03-09,Deposit,Android,453
9155,1278,2025-09-17,Login,iOS,414
9156,1047,2026-04-24,Login,Android,134
9157,1134,2026-03-23,View_Statement,iOS,520
9158,1024,2026-02-20,Login,iOS,219
9159,1477,2025-08-12,Login,Android,507
9160,1433,2026-04-17,Login,iOS,518
9161,1480,2026-03-17,Login,Web,179
9162,1117,2026-04-12,Login,iOS,311
9163,1239,2026-04-28,Withdrawal,iOS,416
9164,1478,2026-03-15,Deposit,Android,446
9165,1494,2026-04-01,Login,Web,586
9166,1382,2026-04-30,View_Statement,Web,432
9167,1307,2025-12-03,Withdrawal,iOS,201
9168,1374,2026-04-19,Withdrawal,iOS,412
9169,1041,2025-12-08,Deposit,Web,13
9170,1250,2026-05-03,Deposit,iOS,16
9171,1323,2025-05-08,Login,Android,422
9172,1089,2026-03-30,View_Portfolio,iOS,496
9173,1092,2026-03-08,View_Statement,iOS,262
9174,1377,2025-12-25,Login,Web,310
9175,1463,2025-12-18,View_Portfolio,Android,466
9176,1081,2026-01-24,Deposit,Android,270
9177,1130,2026-03-28,Login,iOS,584
9178,1091,2025-10-31,View_Statement,iOS,339
9179,1100,2025-11-03,Login,iOS,180
9180,1078,2025-08-31,Login,Web,154
9181,1043,2025-12-13,View_Portfolio,Android,248
9182,1123,2026-04-03,Deposit,iOS,555
9183,1288,2025-12-28,Deposit,iOS,258
9184,1396,2026-04-20,Withdrawal,Android,437
9185,1023,2026-04-24,Login,iOS,496
9186,1144,2026-03-03,Login,iOS,417
9187,1428,2026-04-11,View_Statement,Android,139
9188,1258,2026-01-25,Login,iOS,120
9189,1007,2025-10-31,Deposit,iOS,309
9190,1277,2026-03-18,Login,Web,579
9191,1186,2026-03-17,View_Portfolio,Android,13
9192,1095,2026-04-22,View_Statement,Android,128
9193,1407,2026-04-22,Login,Android,368
9194,1382,2026-04-06,Deposit,iOS,89
9195,1444,2026-01-14,View_Portfolio,Android,31
9196,1377,2026-01-21,View_Portfolio,iOS,218
9197,1025,2026-03-30,Deposit,Web,508
9198,1291,2026-05-04,Login,iOS,195
9199,1227,2026-02-06,Login,Web,296
9200,1173,2026-04-20,View_Portfolio,Android,251
9201,1135,2026-04-02,View_Statement,iOS,334
9202,1453,2025-09-09,Deposit,iOS,191
9203,1288,2025-09-13,Login,iOS,263
9204,1309,2026-02-10,Login,iOS,228
9205,1069,2026-01-13,View_Statement,Android,439
9206,1281,2026-01-23,Deposit,Android,407
9207,1351,2026-03-27,Withdrawal,Android,141
9208,1468,2026-03-08,Withdrawal,iOS,499
9209,1342,2025-09-23,View_Portfolio,iOS,205
9210,1358,2026-04-18,Login,Android,588
9211,1333,2025-07-20,Deposit,Android,272
9212,1231,2026-03-13,View_Statement,iOS,304
9213,1386,2025-12-20,Deposit,iOS,301
9214,1342,2025-12-26,Login,iOS,60
9215,1317,2026-04-12,Login,iOS,301
9216,1393,2025-07-25,Login,Android,120
9217,1307,2025-12-25,View_Statement,iOS,509
9218,1258,2025-11-27,Login,Web,297
9219,1173,2026-04-01,View_Portfolio,iOS,215
9220,1032,2026-04-29,Login,iOS,429
9221,1200,2026-01-02,Login,iOS,367
9222,1080,2025-07-12,View_Portfolio,iOS,137
9223,1353,2025-11-08,View_Portfolio,Android,312
9224,1075,2025-12-30,Login,Web,325
9225,1416,2026-01-05,Login,iOS,521
9226,1264,2026-05-01,Deposit,iOS,399
9227,1480,2026-03-02,Login,Web,125
9228,1085,2026-02-19,View_Statement,iOS,199
9229,1217,2025-10-20,Login,Android,372
9230,1121,2025-10-26,Deposit,Android,514
9231,1020,2026-03-20,Login,iOS,186
9232,1449,2026-03-23,Login,iOS,21
9233,1149,2026-04-05,Deposit,Android,593
9234,1007,2025-09-11,Login,Android,380
9235,1377,2026-03-07,Deposit,iOS,207
9236,1378,2026-05-02,View_Portfolio,iOS,118
9237,1473,2026-03-07,Login,Android,96
9238,1393,2026-02-02,Deposit,Android,98
9239,1086,2026-01-21,View_Portfolio,Android,310
9240,1386,2025-10-13,Deposit,iOS,391
9241,1147,2026-02-25,View_Statement,Web,493
9242,1316,2025-12-08,Login,iOS,565
9243,1454,2025-11-28,Login,iOS,123
9244,1187,2025-12-24,Login,iOS,300
9245,1325,2025-08-26,View_Statement,Android,258
9246,1301,2025-12-06,Login,iOS,137
9247,1318,2025-10-10,Login,Web,594
9248,1394,2026-04-22,View_Portfolio,Android,155
9249,1379,2026-03-24,View_Statement,Android,190
9250,1193,2026-04-17,View_Statement,Android,111
9251,1282,2026-03-16,Deposit,iOS,416
9252,1474,2026-04-25,Withdrawal,Android,315
9253,1188,2026-01-13,Login,Web,304
9254,1018,2026-01-19,Deposit,iOS,41
9255,1315,2025-07-17,Login,Android,249
9256,1149,2026-04-08,Withdrawal,Android,124
9257,1046,2026-02-18,Login,Android,97
9258,1012,2025-11-26,View_Portfolio,iOS,534
9259,1230,2026-05-01,Login,iOS,362
9260,1462,2025-10-13,Deposit,iOS,21
9261,1113,2026-04-24,Deposit,iOS,426
9262,1160,2026-02-10,Login,Web,151
9263,1423,2025-07-25,Login,iOS,22
9264,1227,2026-04-01,Login,Android,70
9265,1465,2026-04-13,View_Statement,iOS,328
9266,1183,2026-04-21,View_Statement,iOS,356
9267,1055,2026-03-02,Login,iOS,241
9268,1266,2026-01-21,Login,Android,194
9269,1035,2025-12-21,Deposit,Android,376
9270,1080,2025-10-21,Deposit,iOS,281
9271,1006,2025-09-06,Login,Android,48
9272,1127,2026-01-21,View_Statement,Web,488
9273,1068,2025-09-25,View_Statement,iOS,227
9274,1190,2026-04-23,Login,Web,32
9275,1244,2025-12-09,Withdrawal,iOS,387
9276,1009,2026-03-18,Login,Web,385
9277,1157,2026-03-30,Deposit,Web,121
9278,1071,2025-10-10,View_Portfolio,iOS,322
9279,1464,2026-03-30,Deposit,Android,175
9280,1134,2026-04-03,Deposit,Android,526
9281,1300,2026-05-02,View_Statement,iOS,217
9282,1320,2026-04-17,Withdrawal,Web,57
9283,1249,2026-03-28,Login,Android,562
9284,1323,2025-09-27,Login,iOS,188
9285,1044,2026-02-06,View_Portfolio,iOS,46
9286,1116,2026-03-27,Login,Android,158
9287,1462,2025-09-10,Login,iOS,401
9288,1398,2026-04-17,View_Portfolio,iOS,215
9289,1393,2026-01-12,Login,Web,146
9290,1228,2026-02-20,Withdrawal,Android,405
9291,1407,2026-04-20,Login,Android,546
9292,1057,2026-04-06,View_Portfolio,iOS,183
9293,1244,2026-01-15,View_Portfolio,iOS,235
9294,1057,2026-03-11,View_Statement,iOS,547
9295,1143,2025-10-17,Login,Android,263
9296,1192,2025-12-11,Deposit,iOS,127
9297,1007,2025-10-06,Deposit,iOS,162
9298,1404,2026-02-27,View_Statement,Web,433
9299,1448,2026-03-01,Login,Android,169
9300,1275,2026-03-10,Login,Android,71
9301,1134,2026-04-03,Login,iOS,38
9302,1435,2026-04-20,Deposit,iOS,107
9303,1039,2026-03-09,Withdrawal,iOS,28
9304,1193,2026-04-27,Withdrawal,Web,187
9305,1327,2026-01-11,Login,iOS,335
9306,1483,2026-03-02,View_Portfolio,Android,351
9307,1025,2026-04-01,Withdrawal,iOS,299
9308,1102,2026-01-19,Deposit,Android,178
9309,1151,2026-02-20,Deposit,iOS,302
9310,1217,2025-10-20,View_Portfolio,iOS,77
9311,1230,2026-03-27,Login,iOS,341
9312,1442,2025-08-14,View_Statement,iOS,60
9313,1267,2026-04-03,Login,Android,68
9314,1162,2025-10-08,View_Statement,Android,181
9315,1287,2026-05-04,Withdrawal,iOS,487
9316,1166,2026-05-01,Withdrawal,Android,102
9317,1374,2026-03-28,Login,iOS,189
9318,1370,2025-10-05,View_Statement,iOS,538
9319,1247,2026-03-20,Login,iOS,556
9320,1174,2026-01-07,Withdrawal,Android,22
9321,1396,2026-04-26,View_Portfolio,iOS,55
9322,1009,2026-01-05,Login,iOS,13
9323,1397,2026-03-16,View_Statement,Web,202
9324,1448,2026-03-21,Deposit,iOS,495
9325,1276,2025-06-10,Withdrawal,iOS,52
9326,1059,2026-02-18,View_Statement,Android,98
9327,1085,2026-04-24,Deposit,iOS,459
9328,1150,2026-05-03,Deposit,iOS,316
9329,1321,2026-03-20,Deposit,Web,351
9330,1488,2025-12-01,Deposit,Web,347
9331,1060,2026-04-08,Login,iOS,193
9332,1125,2026-02-14,Login,iOS,63
9333,1041,2026-03-03,Login,Android,153
9334,1337,2026-03-12,Login,iOS,233
9335,1173,2026-04-28,Withdrawal,iOS,332
9336,1260,2026-02-12,Login,iOS,502
9337,1326,2026-05-04,Login,iOS,453
9338,1173,2026-04-28,Deposit,Web,503
9339,1186,2026-04-26,View_Statement,iOS,309
9340,1241,2026-01-15,Login,iOS,557
9341,1339,2026-03-16,View_Portfolio,Android,18
9342,1094,2026-04-29,Deposit,iOS,144
9343,1407,2026-04-22,Login,Android,552
9344,1416,2026-01-31,Login,iOS,319
9345,1063,2025-06-28,Deposit,Android,205
9346,1221,2026-03-27,Login,Android,335
9347,1008,2026-04-19,Deposit,iOS,338
9348,1213,2026-05-04,Deposit,iOS,572
9349,1209,2026-03-07,Withdrawal,Android,391
9350,1209,2026-03-03,Login,iOS,35
9351,1376,2026-04-18,Deposit,iOS,480
9352,1085,2025-10-05,Login,Web,60
9353,1207,2025-07-26,Withdrawal,Web,199
9354,1347,2026-02-19,Login,iOS,398
9355,1153,2025-10-21,Deposit,Android,147
9356,1161,2026-02-14,View_Portfolio,iOS,440
9357,1450,2025-08-31,Deposit,iOS,49
9358,1116,2026-04-30,Login,iOS,412
9359,1362,2025-06-17,View_Portfolio,Android,174
9360,1251,2026-04-08,Login,iOS,213
9361,1400,2026-01-25,Withdrawal,Android,497
9362,1183,2026-03-25,Login,iOS,350
9363,1164,2025-12-02,Login,Android,192
9364,1328,2026-03-30,Deposit,Android,349
9365,1080,2025-09-26,Login,Android,131
9366,1007,2025-10-22,View_Portfolio,iOS,187
9367,1325,2025-08-05,Login,Web,309
9368,1087,2025-08-24,Login,iOS,334
9369,1008,2026-04-29,Login,Android,554
9370,1387,2025-11-02,View_Portfolio,Android,39
9371,1419,2026-04-19,View_Portfolio,iOS,497
9372,1370,2025-07-27,Deposit,iOS,516
9373,1036,2025-10-26,Login,iOS,131
9374,1251,2026-04-16,Deposit,iOS,403
9375,1100,2025-12-04,View_Portfolio,Web,177
9376,1079,2026-04-11,Login,Android,278
9377,1286,2026-03-09,Login,iOS,64
9378,1271,2026-04-09,Deposit,Android,497
9379,1221,2026-01-02,View_Portfolio,Web,444
9380,1196,2026-01-04,Deposit,Web,96
9381,1226,2025-11-04,Login,iOS,63
9382,1087,2025-12-21,Login,Android,32
9383,1058,2025-07-24,Login,Web,434
9384,1483,2026-02-27,View_Statement,iOS,264
9385,1412,2025-11-16,View_Portfolio,Web,141
9386,1479,2026-04-17,View_Portfolio,Web,21
9387,1170,2026-02-26,Deposit,Android,420
9388,1097,2026-05-04,Withdrawal,Android,23
9389,1146,2026-05-03,Login,iOS,25
9390,1389,2026-02-10,Deposit,Web,102
9391,1393,2025-10-06,View_Portfolio,Android,405
9392,1468,2026-03-04,Login,Android,446
9393,1358,2026-04-28,Login,Android,280
9394,1371,2025-09-20,Login,Web,10
9395,1393,2025-08-04,Login,Android,361
9396,1018,2026-01-21,View_Portfolio,iOS,85
9397,1184,2026-02-27,Login,Android,143
9398,1143,2025-07-29,Withdrawal,Android,232
9399,1463,2025-08-11,View_Portfolio,Android,131
9400,1334,2025-08-10,View_Portfolio,Web,530
9401,1062,2026-04-02,View_Portfolio,Web,317
9402,1163,2026-04-20,Deposit,Android,482
9403,1040,2026-04-13,Login,iOS,88
9404,1179,2025-10-20,Login,iOS,137
9405,1235,2025-07-05,Deposit,Android,419
9406,1380,2026-04-27,Login,iOS,532
9407,1060,2025-11-01,View_Statement,Android,72
9408,1228,2025-09-04,Deposit,Android,420
9409,1239,2026-03-11,View_Portfolio,iOS,48
9410,1056,2025-08-13,Withdrawal,iOS,148
9411,1234,2026-05-01,View_Portfolio,Web,424
9412,1084,2025-09-04,View_Portfolio,Android,596
9413,1203,2026-05-04,Login,iOS,92
9414,1041,2026-03-07,Withdrawal,Android,489
9415,1438,2026-04-19,Login,Android,227
9416,1017,2026-03-19,View_Statement,iOS,180
9417,1105,2025-10-10,View_Portfolio,Android,555
9418,1025,2026-05-02,Login,iOS,568
9419,1382,2026-04-17,View_Statement,Android,281
9420,1093,2025-09-29,Login,Web,172
9421,1215,2025-12-22,Deposit,iOS,237
9422,1393,2025-07-29,Deposit,Web,352
9423,1184,2026-03-19,View_Statement,Web,134
9424,1217,2025-10-28,View_Statement,iOS,313
9425,1489,2026-05-03,Deposit,iOS,269
9426,1151,2026-02-26,Login,Android,69
9427,1374,2026-04-27,Login,iOS,476
9428,1258,2025-11-25,Login,iOS,499
9429,1301,2025-11-25,Login,iOS,42
9430,1119,2025-12-07,Withdrawal,iOS,441
9431,1449,2026-03-29,Deposit,iOS,575
9432,1422,2025-06-28,View_Portfolio,Android,430
9433,1134,2026-03-25,Login,Android,145
9434,1432,2026-03-17,Login,iOS,168
9435,1428,2026-04-19,Login,Android,44
9436,1207,2025-07-21,Deposit,Web,448
9437,1263,2025-11-06,Deposit,Web,162
9438,1322,2025-10-06,Deposit,Android,376
9439,1190,2026-03-24,Login,iOS,375
9440,1158,2026-05-01,Withdrawal,iOS,524
9441,1477,2025-07-19,Deposit,Web,30
9442,1076,2026-03-20,Login,Web,579
9443,1052,2026-04-13,Deposit,Android,301
9444,1226,2025-05-10,Deposit,Android,55
9445,1094,2026-04-14,Login,Android,242
9446,1292,2026-05-02,Login,iOS,403
9447,1291,2026-04-27,Login,iOS,104
9448,1322,2025-10-01,Login,iOS,504
9449,1178,2026-04-13,Login,Android,579
9450,1387,2025-12-17,Login,Android,441
9451,1106,2026-02-13,Login,iOS,540
9452,1076,2026-01-23,View_Portfolio,iOS,241
9453,1004,2026-02-22,Login,Web,409
9454,1311,2025-10-11,Login,iOS,233
9455,1436,2026-02-19,Login,Web,79
9456,1187,2025-08-18,View_Statement,Android,444
9457,1455,2026-04-27,Deposit,iOS,339
9458,1020,2026-03-20,Deposit,iOS,452
9459,1275,2026-04-16,Withdrawal,Android,231
9460,1136,2026-03-23,Login,Android,17
9461,1451,2025-09-22,View_Statement,iOS,102
9462,1027,2026-01-28,Login,iOS,524
9463,1463,2026-03-17,Deposit,iOS,444
9464,1136,2026-03-28,Login,Android,469
9465,1018,2025-09-14,View_Portfolio,iOS,454
9466,1285,2026-04-25,Login,Android,58
9467,1302,2026-03-03,Deposit,Web,152
9468,1499,2026-03-26,Login,iOS,388
9469,1420,2026-04-27,Deposit,iOS,593
9470,1387,2025-12-04,Login,iOS,113
9471,1393,2026-03-09,View_Statement,iOS,132
9472,1138,2026-02-27,Login,iOS,40
9473,1232,2026-04-03,Deposit,iOS,175
9474,1340,2025-12-06,Withdrawal,Android,441
9475,1450,2025-06-18,View_Portfolio,iOS,406
9476,1257,2026-03-22,View_Portfolio,iOS,516
9477,1219,2025-11-15,View_Statement,Web,137
9478,1132,2026-04-24,Login,Android,248
9479,1432,2026-01-30,Login,Web,563
9480,1357,2026-01-11,Login,iOS,178
9481,1256,2025-12-10,Deposit,iOS,259
9482,1096,2026-04-02,Login,Android,408
9483,1274,2026-02-26,Withdrawal,iOS,419
9484,1334,2025-11-05,Login,Web,466
9485,1301,2025-10-18,Login,Android,108
9486,1368,2026-04-21,Withdrawal,Android,438
9487,1015,2026-02-23,View_Portfolio,iOS,301
9488,1179,2025-09-06,View_Portfolio,Android,41
9489,1445,2025-10-22,Login,Android,204
9490,1260,2026-03-16,View_Statement,iOS,142
9491,1403,2026-01-23,Deposit,Android,325
9492,1088,2026-04-16,Withdrawal,Android,91
9493,1094,2026-05-01,Login,Web,385
9494,1333,2025-07-19,Deposit,Web,316
9495,1395,2026-04-30,Login,iOS,472
9496,1028,2026-03-30,View_Statement,Web,226
9497,1498,2026-01-09,Deposit,Web,464
9498,1185,2026-04-24,View_Portfolio,iOS,287
9499,1075,2026-04-18,Deposit,Android,225
9500,1054,2026-04-18,Login,iOS,44
9501,1321,2025-11-17,Deposit,iOS,543
9502,1047,2026-04-21,Deposit,Android,395
9503,1248,2026-02-24,Withdrawal,iOS,259
9504,1234,2026-05-01,Login,Android,419
9505,1118,2025-12-12,View_Portfolio,iOS,400
9506,1260,2025-11-22,Deposit,Android,220
9507,1230,2026-04-27,Login,iOS,348
9508,1290,2025-06-01,Withdrawal,Android,248
9509,1241,2025-11-25,View_Statement,Android,474
9510,1332,2026-02-20,Withdrawal,Web,339
9511,1182,2026-04-19,Login,Web,301
9512,1472,2026-03-06,Deposit,iOS,252
9513,1317,2026-04-02,Login,Android,315
9514,1101,2025-06-23,Deposit,iOS,262
9515,1248,2026-01-21,Deposit,Android,443
9516,1480,2026-03-07,Login,iOS,45
9517,1467,2026-01-03,Login,iOS,590
9518,1349,2026-05-03,Login,Android,268
9519,1358,2026-04-20,Login,iOS,202
9520,1113,2026-05-01,Login,iOS,506
9521,1221,2025-12-03,View_Portfolio,Web,319
9522,1339,2025-09-19,Withdrawal,iOS,189
9523,1148,2026-04-23,Withdrawal,Android,31
9524,1387,2025-12-08,Login,Android,42
9525,1296,2026-02-09,Login,Web,414
9526,1197,2026-04-11,Login,Android,138
9527,1407,2026-04-26,View_Portfolio,iOS,141
9528,1069,2026-03-05,Deposit,Web,143
9529,1478,2026-04-01,Deposit,Android,549
9530,1288,2025-08-29,Login,iOS,469
9531,1024,2026-04-09,Login,iOS,480
9532,1369,2025-11-27,View_Portfolio,iOS,244
9533,1435,2026-03-21,Login,iOS,21
9534,1371,2025-12-15,Login,Android,115
9535,1186,2026-03-21,Login,iOS,185
9536,1170,2026-01-21,Deposit,iOS,195
9537,1291,2026-04-26,View_Statement,iOS,298
9538,1032,2025-11-21,Login,iOS,158
9539,1438,2026-04-30,Deposit,iOS,114
9540,1301,2025-12-11,Deposit,Web,258
9541,1176,2026-04-13,View_Portfolio,iOS,323
9542,1364,2026-02-01,Withdrawal,Web,59
9543,1342,2026-04-08,View_Portfolio,Web,361
9544,1469,2026-04-15,Deposit,Android,10
9545,1476,2026-03-23,Deposit,iOS,553
9546,1177,2026-04-29,Deposit,iOS,204
9547,1290,2025-10-13,View_Statement,iOS,106
9548,1144,2026-02-17,Deposit,Android,394
9549,1011,2025-07-16,Deposit,iOS,545
9550,1481,2026-04-26,Login,iOS,156
9551,1492,2026-02-14,Deposit,iOS,105
9552,1486,2026-01-21,Deposit,iOS,437
9553,1147,2025-12-16,View_Portfolio,iOS,399
9554,1348,2026-02-19,Deposit,iOS,218
9555,1413,2025-10-20,Login,iOS,21
9556,1485,2026-04-16,Deposit,Android,112
9557,1310,2025-08-30,Login,iOS,201
9558,1437,2026-05-01,Login,Android,75
9559,1195,2025-08-08,View_Portfolio,Android,413
9560,1466,2025-10-28,Login,Android,440
9561,1466,2026-03-18,Deposit,iOS,560
9562,1076,2026-02-12,View_Statement,Web,320
9563,1466,2025-09-29,Login,iOS,66
9564,1160,2026-04-26,Login,Android,316
9565,1490,2026-03-10,View_Portfolio,iOS,585
9566,1100,2025-11-06,Login,Web,361
9567,1116,2026-03-06,View_Portfolio,iOS,99
9568,1380,2025-12-30,Login,iOS,213
9569,1083,2025-08-12,View_Portfolio,iOS,210
9570,1312,2026-04-27,Login,Android,483
9571,1063,2025-07-06,View_Statement,iOS,270
9572,1132,2025-12-31,View_Portfolio,Android,210
9573,1248,2026-04-21,Deposit,Web,503
9574,1395,2026-04-19,View_Portfolio,iOS,363
9575,1131,2025-10-29,Login,iOS,547
9576,1411,2026-02-02,Login,Android,322
9577,1367,2026-03-10,Login,iOS,264
9578,1464,2026-03-08,Deposit,Web,455
9579,1428,2026-04-07,View_Portfolio,Android,108
9580,1402,2026-04-26,Deposit,iOS,458
9581,1158,2026-04-05,Withdrawal,iOS,77
9582,1216,2026-01-14,Withdrawal,Android,542
9583,1326,2026-04-28,View_Portfolio,Web,105
9584,1431,2025-12-12,View_Portfolio,iOS,354
9585,1034,2026-04-07,View_Statement,iOS,336
9586,1375,2026-04-17,Login,Web,438
9587,1332,2026-02-11,Login,Android,352
9588,1298,2026-01-21,View_Statement,iOS,38
9589,1279,2026-04-25,View_Portfolio,iOS,130
9590,1484,2026-03-10,Login,Web,158
9591,1296,2025-08-16,View_Statement,Android,490
9592,1015,2025-12-19,View_Portfolio,iOS,292
9593,1115,2026-03-29,Login,iOS,561
9594,1464,2026-01-28,View_Portfolio,Android,424
9595,1493,2025-12-20,View_Portfolio,iOS,273
9596,1057,2026-01-07,Login,Android,172
9597,1367,2026-03-22,Withdrawal,Android,340
9598,1142,2025-06-29,View_Statement,Android,116
9599,1207,2025-09-30,Withdrawal,iOS,125
9600,1140,2025-08-06,View_Portfolio,Android,423
9601,1107,2025-07-19,Login,Android,279
9602,1373,2025-11-23,Withdrawal,iOS,464
9603,1291,2026-04-22,Login,iOS,106
9604,1409,2026-03-17,Login,iOS,11
9605,1078,2025-08-22,Deposit,iOS,183
9606,1002,2025-12-10,View_Portfolio,Android,14
9607,1274,2026-01-26,Deposit,Android,566
9608,1035,2026-01-01,View_Statement,Web,566
9609,1265,2026-02-28,Withdrawal,Android,389
9610,1395,2026-04-21,Login,Android,563
9611,1218,2026-03-16,View_Statement,iOS,395
9612,1067,2026-04-08,Login,iOS,481
9613,1069,2026-02-12,View_Portfolio,iOS,162
9614,1224,2026-01-19,Login,iOS,415
9615,1361,2026-03-04,View_Statement,Android,348
9616,1458,2026-05-03,Login,Android,199
9617,1294,2026-04-21,Deposit,iOS,199
9618,1326,2026-04-30,Deposit,iOS,393
9619,1203,2026-04-23,Login,iOS,194
9620,1081,2026-04-18,Deposit,iOS,298
9621,1443,2026-04-11,Login,iOS,264
9622,1066,2025-08-09,View_Portfolio,iOS,554
9623,1297,2026-02-04,View_Statement,Android,321
9624,1280,2025-12-25,View_Portfolio,Android,405
9625,1434,2025-10-29,Deposit,iOS,260
9626,1261,2026-04-25,Login,Web,69
9627,1277,2026-02-15,Login,iOS,330
9628,1006,2025-06-25,Deposit,Web,161
9629,1132,2026-03-10,Withdrawal,Android,78
9630,1265,2026-04-07,View_Portfolio,iOS,450
9631,1325,2025-08-14,Deposit,iOS,44
9632,1068,2025-09-14,View_Statement,Web,182
9633,1126,2026-01-18,Deposit,iOS,462
9634,1393,2025-05-25,Deposit,Android,169
9635,1402,2025-11-18,Login,Android,548
9636,1315,2026-04-16,Login,Web,524
9637,1171,2025-12-04,Withdrawal,iOS,328
9638,1336,2026-01-01,Deposit,Web,389
9639,1450,2025-09-26,Login,Web,102
9640,1029,2026-04-13,Login,iOS,95
9641,1176,2025-11-25,Login,Android,564
9642,1307,2026-02-11,Login,iOS,132
9643,1426,2026-04-03,Deposit,iOS,21
9644,1292,2026-05-02,Login,Android,152
9645,1332,2026-01-28,Login,Android,134
9646,1105,2025-08-07,Deposit,Android,303
9647,1045,2025-11-23,Deposit,Android,327
9648,1101,2025-06-20,Deposit,Android,300
9649,1226,2025-11-07,Deposit,iOS,249
9650,1419,2026-04-17,Deposit,Android,118
9651,1104,2025-12-05,View_Portfolio,Android,281
9652,1262,2026-02-07,Deposit,iOS,233
9653,1253,2026-03-15,Deposit,iOS,73
9654,1165,2025-10-28,View_Statement,iOS,260
9655,1292,2026-05-03,Login,Web,322
9656,1212,2026-03-29,Withdrawal,iOS,413
9657,1144,2025-12-11,Deposit,iOS,240
9658,1456,2026-03-06,View_Portfolio,Android,553
9659,1236,2026-03-04,Deposit,Web,595
9660,1022,2026-03-24,Login,iOS,409
9661,1069,2026-01-24,Login,iOS,65
9662,1069,2025-12-20,View_Portfolio,iOS,100
9663,1246,2026-04-18,Withdrawal,iOS,308
9664,1063,2025-09-28,Login,iOS,453
9665,1237,2025-09-17,Withdrawal,iOS,571
9666,1331,2026-01-06,Login,iOS,68
9667,1363,2026-01-05,Login,Web,93
9668,1019,2025-11-25,Deposit,Android,412
9669,1231,2025-11-22,Deposit,Android,117
9670,1465,2026-04-21,View_Portfolio,iOS,520
9671,1229,2026-01-17,Deposit,Android,371
9672,1358,2026-05-02,View_Statement,iOS,301
9673,1382,2026-04-28,View_Portfolio,iOS,398
9674,1127,2025-07-12,Login,Android,572
9675,1146,2026-05-01,View_Portfolio,Android,36
9676,1370,2025-08-07,View_Portfolio,Web,580
9677,1329,2025-10-07,View_Statement,Android,319
9678,1114,2026-05-02,Login,Android,461
9679,1243,2026-03-19,View_Portfolio,iOS,24
9680,1145,2026-02-28,Login,Android,294
9681,1041,2026-03-06,Deposit,Web,210
9682,1161,2025-12-13,Deposit,Android,202
9683,1468,2026-01-30,View_Statement,Android,528
9684,1439,2025-10-04,Deposit,Web,171
9685,1338,2026-01-02,Deposit,iOS,504
9686,1408,2025-11-06,Withdrawal,Android,275
9687,1077,2026-05-02,Login,iOS,79
9688,1168,2025-11-23,Deposit,iOS,213
9689,1284,2026-04-13,Deposit,Android,368
9690,1110,2026-05-01,Deposit,iOS,87
9691,1195,2025-07-20,Login,Web,404
9692,1228,2026-01-25,Login,iOS,229
9693,1459,2026-03-21,Login,iOS,62
9694,1167,2025-11-06,View_Portfolio,iOS,566
9695,1021,2025-10-06,Login,Web,108
9696,1165,2025-10-11,Deposit,iOS,32
9697,1130,2026-01-13,Login,Android,89
9698,1262,2025-07-29,Withdrawal,Web,511
9699,1052,2026-03-27,Login,iOS,581
9700,1261,2026-04-12,Login,iOS,30
9701,1175,2026-03-26,Login,iOS,580
9702,1299,2026-01-26,Withdrawal,iOS,177
9703,1096,2026-04-07,View_Statement,iOS,266
9704,1357,2026-01-09,Login,iOS,238
9705,1370,2025-09-07,View_Portfolio,Web,25
9706,1040,2026-04-16,Login,Android,298
9707,1395,2026-04-24,Login,Android,31
9708,1209,2026-03-11,Login,Web,204
9709,1142,2026-01-02,View_Statement,iOS,468
9710,1258,2025-09-26,Withdrawal,Android,564
9711,1167,2025-07-27,Login,iOS,72
9712,1191,2025-12-02,Login,iOS,373
9713,1319,2025-08-06,Deposit,iOS,546
9714,1119,2026-03-14,Login,iOS,303
9715,1146,2026-05-03,Login,Android,591
9716,1481,2026-02-16,View_Portfolio,iOS,479
9717,1350,2026-05-04,Login,Android,403
9718,1335,2025-10-19,Withdrawal,iOS,448
9719,1477,2025-09-01,Login,iOS,518
9720,1474,2026-04-23,Login,iOS,504
9721,1129,2025-08-30,View_Statement,Android,368
9722,1145,2026-01-27,View_Statement,iOS,349
9723,1054,2026-04-19,Deposit,Android,369
9724,1122,2026-04-23,Deposit,iOS,471
9725,1124,2026-03-11,Deposit,iOS,322
9726,1167,2026-01-27,Deposit,iOS,391
9727,1432,2025-11-29,View_Portfolio,Android,221
9728,1322,2025-08-18,View_Portfolio,iOS,25
9729,1143,2025-08-29,View_Portfolio,iOS,77
9730,1022,2026-03-20,Deposit,iOS,331
9731,1276,2026-03-20,View_Portfolio,Android,312
9732,1349,2026-04-22,Login,Web,209
9733,1473,2026-05-03,Login,iOS,121
9734,1427,2025-12-11,Deposit,iOS,337
9735,1440,2026-03-15,Login,iOS,372
9736,1408,2025-11-12,Deposit,Web,433
9737,1482,2025-11-22,Withdrawal,iOS,569
9738,1299,2026-04-14,Deposit,Web,336
9739,1277,2026-02-18,Login,iOS,283
9740,1304,2025-08-04,View_Portfolio,Web,546
9741,1322,2025-10-25,Login,Web,588
9742,1115,2026-03-28,View_Statement,iOS,98
9743,1272,2026-04-30,Login,Android,414
9744,1168,2025-06-30,Withdrawal,Android,104
9745,1277,2026-02-19,View_Statement,iOS,314
9746,1436,2025-09-19,View_Statement,iOS,435
9747,1357,2026-01-15,View_Portfolio,Web,317
9748,1264,2026-04-09,View_Portfolio,Web,329
9749,1250,2026-05-04,Deposit,Web,124
9750,1462,2026-04-23,Deposit,Web,134
9751,1366,2026-04-24,Deposit,Android,439
9752,1439,2026-03-31,View_Portfolio,iOS,52
9753,1255,2026-03-30,View_Portfolio,Android,394
9754,1342,2026-04-25,View_Portfolio,iOS,98
9755,1466,2026-03-28,Withdrawal,iOS,69
9756,1058,2025-10-22,Deposit,Android,308
9757,1005,2026-01-30,View_Statement,Android,593
9758,1426,2025-12-20,Login,Android,272
9759,1111,2026-02-02,Login,iOS,399
9760,1365,2025-12-18,View_Statement,Web,437
9761,1286,2026-02-21,Deposit,iOS,11
9762,1351,2026-03-29,Deposit,Android,406
9763,1265,2025-12-20,View_Portfolio,iOS,553
9764,1249,2025-10-09,View_Portfolio,Android,550
9765,1095,2026-04-25,Login,iOS,142
9766,1351,2026-03-16,Login,iOS,518
9767,1297,2025-09-03,View_Portfolio,Web,361
9768,1307,2026-04-04,View_Portfolio,Web,475
9769,1185,2026-04-25,Login,Android,538
9770,1457,2026-01-08,View_Portfolio,iOS,408
9771,1229,2025-11-06,Deposit,Android,453
9772,1317,2026-04-10,Deposit,iOS,503
9773,1262,2026-02-09,View_Statement,Android,298
9774,1119,2025-11-05,Deposit,iOS,275
9775,1234,2026-05-04,Login,iOS,184
9776,1282,2026-04-30,Login,Android,372
9777,1202,2025-08-17,Login,iOS,561
9778,1262,2026-04-01,View_Statement,Android,594
9779,1053,2026-02-26,Login,iOS,31
9780,1317,2026-02-21,Deposit,Android,35
9781,1161,2026-01-27,Withdrawal,iOS,300
9782,1244,2025-11-29,Login,Android,554
9783,1429,2026-03-02,Withdrawal,iOS,531
9784,1094,2026-04-30,Login,iOS,431
9785,1040,2026-04-15,Login,iOS,205
9786,1280,2026-02-08,View_Statement,Android,144
9787,1092,2026-03-11,Login,iOS,425
9788,1301,2025-11-11,Withdrawal,iOS,450
9789,1038,2026-01-30,View_Portfolio,iOS,319
9790,1413,2026-03-20,Login,iOS,348
9791,1243,2026-05-03,Login,iOS,124
9792,1364,2026-04-21,View_Portfolio,iOS,382
9793,1463,2026-01-21,Deposit,iOS,528
9794,1136,2026-05-04,Login,Android,343
9795,1064,2025-11-27,Withdrawal,iOS,46
9796,1343,2026-02-19,View_Portfolio,iOS,315
9797,1363,2025-12-29,Login,Android,390
9798,1201,2026-04-25,Login,Android,398
9799,1307,2025-11-18,Login,iOS,63
9800,1459,2026-04-14,Withdrawal,Android,569
9801,1262,2026-03-03,View_Statement,iOS,274
9802,1175,2026-04-10,View_Portfolio,Android,244
9803,1177,2026-02-24,Login,iOS,39
9804,1460,2026-04-10,View_Portfolio,Web,343
9805,1482,2026-03-27,View_Portfolio,Android,197
9806,1085,2025-11-05,Withdrawal,iOS,268
9807,1160,2026-03-06,Withdrawal,iOS,161
9808,1182,2026-05-02,View_Portfolio,Android,218
9809,1036,2026-04-30,View_Portfolio,iOS,91
9810,1345,2026-04-14,View_Portfolio,iOS,508
9811,1099,2026-01-06,Login,iOS,370
9812,1226,2025-08-20,Withdrawal,iOS,279
9813,1403,2026-02-08,View_Portfolio,iOS,478
9814,1037,2026-04-29,Login,Android,276
9815,1273,2026-04-26,Login,Android,292
9816,1464,2026-04-25,View_Portfolio,Android,13
9817,1272,2026-05-01,Login,iOS,299
9818,1186,2026-04-10,Login,Android,433
9819,1428,2026-02-26,Login,Web,80
9820,1452,2025-11-19,Login,iOS,283
9821,1049,2026-04-13,View_Statement,Android,517
9822,1094,2026-04-28,View_Portfolio,Android,540
9823,1307,2026-01-16,Login,Android,152
9824,1226,2025-05-31,Login,iOS,596
9825,1005,2026-01-19,Login,iOS,149
9826,1353,2026-01-29,Deposit,iOS,557
9827,1442,2026-04-05,Login,iOS,251
9828,1174,2026-01-09,View_Portfolio,Web,405
9829,1183,2026-03-07,View_Portfolio,iOS,153
9830,1073,2025-07-21,View_Portfolio,Android,229
9831,1145,2025-11-20,View_Portfolio,Android,181
9832,1396,2025-12-29,Withdrawal,iOS,309
9833,1152,2026-03-01,Deposit,Web,452
9834,1056,2025-11-10,View_Statement,Android,423
9835,1183,2026-04-06,Withdrawal,iOS,25
9836,1122,2026-05-02,Deposit,iOS,18
9837,1244,2026-01-23,View_Portfolio,iOS,134
9838,1382,2026-04-25,Login,iOS,55
9839,1204,2026-02-27,View_Statement,iOS,283
9840,1079,2026-03-23,Login,Android,437
9841,1016,2026-01-19,Deposit,iOS,223
9842,1126,2026-02-03,Login,Android,507
9843,1087,2026-01-18,View_Portfolio,iOS,451
9844,1466,2025-10-23,View_Statement,iOS,332
9845,1278,2026-01-11,Deposit,iOS,595
9846,1366,2026-04-13,View_Portfolio,Web,93
9847,1428,2026-04-14,Login,iOS,572
9848,1351,2026-04-24,Login,Android,438
9849,1043,2026-01-09,Login,iOS,441
9850,1079,2026-04-06,Login,iOS,91
9851,1277,2026-04-24,Deposit,Android,21
9852,1379,2025-08-10,View_Portfolio,Web,216
9853,1264,2026-01-03,Login,Android,363
9854,1305,2025-05-27,Login,Android,54
9855,1488,2025-09-09,Login,iOS,456
9856,1228,2025-12-03,Login,iOS,201
9857,1125,2026-04-23,Login,iOS,389
9858,1106,2026-03-23,Login,iOS,410
9859,1230,2026-03-09,Deposit,iOS,596
9860,1134,2026-04-07,View_Portfolio,iOS,326
9861,1081,2026-03-04,Login,iOS,422
9862,1360,2026-04-15,View_Portfolio,Android,98
9863,1109,2026-02-05,Deposit,iOS,13
9864,1175,2026-04-30,Withdrawal,iOS,563
9865,1164,2025-10-12,View_Portfolio,Android,223
9866,1125,2026-04-27,Login,Web,161
9867,1348,2026-01-18,View_Statement,Android,28
9868,1377,2026-03-02,Login,iOS,50
9869,1367,2026-05-04,Deposit,iOS,504
9870,1023,2026-04-29,Login,iOS,370
9871,1415,2025-12-26,Deposit,iOS,150
9872,1366,2026-04-14,Deposit,iOS,75
9873,1331,2025-09-29,View_Statement,iOS,73
9874,1062,2026-03-03,Deposit,iOS,465
9875,1212,2026-02-19,Withdrawal,iOS,149
9876,1252,2026-01-23,View_Statement,iOS,550
9877,1096,2026-04-16,Deposit,Android,422
9878,1209,2026-03-15,Deposit,iOS,223
9879,1057,2026-02-10,View_Statement,iOS,295
9880,1234,2026-05-03,View_Portfolio,Android,594
9881,1358,2026-04-21,View_Statement,Android,22
9882,1326,2026-04-28,Login,iOS,139
9883,1065,2026-04-15,Withdrawal,iOS,554
9884,1293,2025-12-13,Login,Android,449
9885,1324,2025-08-13,View_Portfolio,Android,595
9886,1479,2026-04-29,View_Statement,iOS,450
9887,1331,2026-05-01,Login,iOS,267
9888,1017,2026-02-24,Login,Android,134
9889,1135,2026-04-02,Login,iOS,153
9890,1308,2026-04-23,Deposit,iOS,69
9891,1419,2026-04-17,Login,Android,236
9892,1130,2026-03-29,Deposit,iOS,449
9893,1424,2026-03-28,Login,iOS,140
9894,1037,2026-04-30,View_Statement,Android,189
9895,1250,2026-05-04,Deposit,Android,537
9896,1057,2026-03-22,Deposit,iOS,497
9897,1357,2026-01-31,Login,Web,468
9898,1010,2026-04-30,Login,iOS,239
9899,1460,2026-04-14,Deposit,Android,183
9900,1081,2026-01-04,View_Portfolio,Android,296
9901,1430,2026-04-13,View_Statement,Android,10
9902,1090,2025-09-26,Login,iOS,448
9903,1389,2026-04-18,View_Portfolio,iOS,551
9904,1389,2026-01-16,Login,Android,537
9905,1120,2026-03-22,View_Portfolio,Android,77
9906,1102,2026-01-19,Login,iOS,97
9907,1495,2026-02-09,Login,Android,177
9908,1027,2025-09-08,Deposit,Android,26
9909,1261,2026-04-20,View_Portfolio,iOS,385
9910,1061,2025-08-13,Login,Web,472
9911,1136,2026-04-11,Login,iOS,408
9912,1415,2025-08-19,View_Portfolio,iOS,420
9913,1097,2026-04-29,Withdrawal,iOS,337
9914,1149,2026-04-22,View_Portfolio,Web,254
9915,1227,2026-04-02,Login,iOS,126
9916,1277,2026-02-08,View_Portfolio,Android,465
9917,1307,2026-01-21,Deposit,Android,269
9918,1335,2025-11-18,View_Portfolio,iOS,458
9919,1228,2026-02-07,Login,iOS,290
9920,1315,2025-07-01,View_Portfolio,iOS,492
9921,1249,2025-10-21,Withdrawal,iOS,145
9922,1258,2025-11-24,Deposit,Android,442
9923,1414,2025-07-18,Login,Web,410
9924,1314,2026-03-10,Withdrawal,Web,37
9925,1220,2026-04-14,Deposit,iOS,527
9926,1465,2026-04-09,Withdrawal,Android,76
9927,1236,2026-03-11,Withdrawal,Android,189
9928,1020,2026-04-13,Deposit,Android,49
9929,1424,2025-10-13,Login,iOS,83
9930,1413,2025-10-13,View_Statement,iOS,87
9931,1389,2026-03-18,View_Statement,Web,24
9932,1345,2026-04-02,Login,Android,531
9933,1138,2026-04-15,Deposit,Android,405
9934,1467,2026-02-27,Login,Android,302
9935,1189,2026-04-28,View_Portfolio,iOS,279
9936,1105,2025-10-12,Login,Android,418
9937,1368,2026-04-25,View_Statement,iOS,446
9938,1385,2026-04-15,Deposit,iOS,167
9939,1431,2025-11-05,Login,iOS,232
9940,1098,2026-04-05,View_Portfolio,iOS,508
9941,1441,2025-10-19,Withdrawal,Android,391
9942,1270,2026-02-12,Withdrawal,Android,460
9943,1153,2025-11-22,Login,Android,14
9944,1218,2026-03-26,Login,iOS,98
9945,1021,2026-01-25,View_Statement,Web,216
9946,1272,2026-04-30,Deposit,Android,50
9947,1202,2025-05-31,Login,iOS,95
9948,1160,2026-01-26,Login,iOS,428
9949,1492,2026-03-30,Deposit,Android,292
9950,1429,2026-04-10,Login,iOS,277
9951,1064,2026-02-22,Login,iOS,426
9952,1084,2025-10-10,Login,Android,161
9953,1073,2025-07-26,Deposit,iOS,163
9954,1060,2025-12-11,Login,Android,381
9955,1354,2026-04-19,Login,Android,363
9956,1479,2026-04-30,Login,iOS,485
9957,1147,2026-04-09,Withdrawal,iOS,285
9958,1047,2026-04-23,View_Portfolio,Web,187
9959,1223,2025-11-21,View_Portfolio,iOS,127
9960,1448,2026-02-23,Withdrawal,Android,249
9961,1158,2026-03-22,View_Portfolio,Web,295
9962,1047,2026-04-12,Deposit,iOS,492
9963,1472,2026-03-06,Deposit,Android,402
9964,1289,2026-04-12,Login,Android,412
9965,1210,2025-12-07,Login,iOS,171
9966,1021,2025-06-29,Login,Android,583
9967,1351,2026-02-04,Withdrawal,iOS,153
9968,1319,2025-08-31,View_Statement,iOS,344
9969,1231,2026-01-30,Login,Android,40
9970,1298,2025-12-25,Withdrawal,Android,189
9971,1445,2026-04-25,Deposit,iOS,408
9972,1105,2026-03-27,Deposit,Web,459
9973,1126,2026-03-04,Login,Web,479
9974,1371,2025-11-11,Login,iOS,263
9975,1299,2026-02-05,Login,Web,405
9976,1068,2025-08-31,View_Portfolio,iOS,125
9977,1026,2025-10-21,Login,Android,299
9978,1161,2025-12-28,Deposit,Android,247
9979,1108,2026-03-21,View_Statement,iOS,285
9980,1289,2026-04-17,Withdrawal,Android,87
9981,1305,2025-11-03,Deposit,iOS,347
9982,1084,2025-11-08,Login,Android,44
9983,1041,2026-03-02,Deposit,iOS,72
9984,1200,2026-05-03,Deposit,Android,182
9985,1036,2026-04-16,Withdrawal,Android,40
9986,1456,2026-03-22,Deposit,Android,550
9987,1351,2026-02-26,Deposit,Android,290
9988,1375,2026-04-21,View_Statement,iOS,233
9989,1406,2026-02-27,View_Portfolio,iOS,232
9990,1234,2026-05-04,Deposit,iOS,271
9991,1242,2026-04-29,Deposit,Web,558
9992,1431,2026-02-01,Withdrawal,iOS,154
9993,1339,2025-12-18,View_Portfolio,iOS,296
9994,1020,2026-05-01,Login,Android,67
9995,1343,2026-04-28,Withdrawal,Android,414
9996,1152,2026-03-25,Login,Android,139
9997,1382,2026-04-24,Deposit,Android,272
9998,1171,2026-04-03,View_Statement,Web,356
9999,1216,2025-10-22,Login,iOS,159
10000,1356,2026-03-09,Login,iOS,13
10001,1329,2025-07-17,Login,Web,508
10002,1232,2026-02-15,Login,iOS,310
10003,1016,2025-12-15,Login,Web,108
10004,1283,2026-04-09,Deposit,iOS,101
10005,1301,2025-10-13,Withdrawal,Android,511
10006,1165,2025-08-08,View_Portfolio,Web,379
10007,1269,2026-05-04,Login,iOS,322
10008,1179,2025-11-09,View_Portfolio,Web,505
10009,1258,2025-09-01,Login,iOS,346
10010,1076,2026-04-05,Login,iOS,185
10011,1105,2025-10-06,View_Statement,iOS,225
10012,1353,2026-03-30,Login,iOS,67
10013,1087,2025-10-23,Login,iOS,394
10014,1315,2026-02-15,Login,iOS,366
10015,1014,2025-12-09,View_Statement,iOS,203
10016,1359,2026-04-25,Login,iOS,569
10017,1433,2026-04-17,Login,Web,190
10018,1286,2026-01-29,Deposit,Web,271
10019,1247,2026-04-24,Login,Android,71
10020,1366,2026-04-17,Login,Android,45
10021,1241,2026-02-26,Login,iOS,575
10022,1354,2026-04-12,Deposit,Android,465
10023,1009,2026-03-07,Deposit,iOS,548
10024,1463,2025-10-29,Withdrawal,iOS,87
10025,1024,2026-02-15,Login,iOS,119
10026,1112,2025-12-27,Deposit,Android,476
10027,1297,2026-04-30,Deposit,Android,228
10028,1444,2025-11-30,Login,iOS,476
10029,1217,2025-10-27,Deposit,iOS,484
10030,1228,2025-10-30,Withdrawal,iOS,322
10031,1032,2026-03-20,View_Statement,Web,150
10032,1431,2025-12-25,Deposit,iOS,259
10033,1277,2026-03-10,View_Portfolio,iOS,123
10034,1170,2026-04-04,View_Portfolio,iOS,166
10035,1231,2025-09-17,View_Statement,Android,315
10036,1070,2026-03-22,Withdrawal,iOS,571
10037,1111,2025-10-01,Login,iOS,65
10038,1089,2026-01-01,Login,Android,154
10039,1002,2025-08-08,View_Portfolio,iOS,38
10040,1415,2025-10-26,Deposit,iOS,65
10041,1056,2025-11-21,Login,iOS,241
10042,1158,2026-03-22,Withdrawal,Android,61
10043,1447,2025-11-19,View_Statement,iOS,523
10044,1271,2026-03-19,Login,Web,298
10045,1274,2026-02-20,Deposit,Android,196
10046,1032,2025-11-17,Deposit,Android,576
10047,1270,2025-07-22,Login,Android,556
10048,1190,2026-05-04,Login,iOS,469
10049,1210,2025-12-08,View_Portfolio,Web,168
10050,1483,2026-04-15,View_Statement,Web,35
10051,1308,2026-05-01,View_Statement,iOS,314
10052,1022,2026-04-08,Login,Android,325
10053,1014,2026-01-19,Login,iOS,250
10054,1486,2026-03-18,View_Statement,Android,131
10055,1206,2025-10-01,View_Portfolio,iOS,396
10056,1034,2026-05-02,View_Portfolio,iOS,11
10057,1342,2025-10-30,Login,Android,240
10058,1464,2026-02-21,Deposit,iOS,584
10059,1056,2025-06-26,View_Portfolio,iOS,374
10060,1240,2026-03-23,Deposit,Android,214
10061,1437,2026-04-27,Deposit,iOS,456
10062,1433,2026-05-02,View_Portfolio,iOS,316
10063,1063,2025-10-02,View_Portfolio,iOS,79
10064,1400,2026-01-12,Login,Web,563
10065,1080,2025-09-09,Login,iOS,273
10066,1040,2026-04-26,View_Portfolio,Web,83
10067,1294,2026-04-30,Login,iOS,193
10068,1402,2026-01-01,View_Statement,iOS,74
10069,1279,2026-03-21,View_Portfolio,Android,180
10070,1256,2025-12-05,View_Portfolio,Android,457
10071,1110,2026-04-28,Login,Android,556
10072,1048,2026-02-19,Login,iOS,205
10073,1232,2026-04-18,Login,iOS,396
10074,1082,2026-04-03,Deposit,iOS,97
10075,1174,2026-02-28,Login,Web,320
10076,1113,2026-04-02,Login,Android,346
10077,1278,2026-03-22,Login,Android,162
10078,1381,2025-05-15,Deposit,iOS,324
10079,1310,2025-10-16,Deposit,Android,477
10080,1040,2026-04-13,Deposit,Android,560
10081,1030,2025-09-02,Login,iOS,316
10082,1255,2026-02-24,View_Statement,iOS,551
10083,1240,2025-12-18,Deposit,Android,208
10084,1183,2026-04-29,Login,Android,292
10085,1184,2026-03-26,Login,Android,142
10086,1042,2026-01-27,Login,iOS,193
10087,1426,2025-10-13,Login,iOS,416
10088,1446,2025-12-29,Deposit,Android,507
10089,1466,2026-03-01,View_Statement,Android,216
10090,1127,2026-02-05,Login,Android,565
10091,1437,2026-04-28,View_Portfolio,Android,254
10092,1082,2025-11-10,View_Statement,Android,345
10093,1233,2025-11-20,Login,iOS,516
10094,1309,2026-03-16,Login,iOS,105
10095,1192,2026-02-22,Deposit,iOS,35
10096,1001,2026-04-23,View_Portfolio,iOS,78
10097,1496,2026-03-17,Login,Web,531
10098,1362,2025-12-16,Deposit,iOS,84
10099,1207,2025-05-25,View_Portfolio,Web,362
10100,1197,2026-03-23,Deposit,iOS,578
10101,1283,2026-04-03,Deposit,iOS,345
10102,1017,2025-12-07,Deposit,iOS,437
10103,1319,2025-08-03,Deposit,iOS,11
10104,1384,2026-03-07,Withdrawal,iOS,596
10105,1169,2026-04-15,Login,iOS,428
10106,1377,2026-04-20,Deposit,Android,142
10107,1186,2026-04-22,Login,iOS,213
10108,1122,2026-04-12,View_Statement,Web,134
10109,1441,2025-11-15,Login,Android,233
10110,1224,2026-01-07,Login,Web,328
10111,1127,2025-09-29,Login,iOS,293
10112,1166,2025-08-29,View_Statement,iOS,227
10113,1474,2026-04-06,Withdrawal,Android,566
10114,1122,2026-04-13,Deposit,Android,36
10115,1322,2026-03-09,View_Statement,Web,116
10116,1220,2026-03-19,View_Statement,iOS,272
10117,1429,2026-03-15,Deposit,iOS,372
10118,1279,2026-01-31,Deposit,Web,312
10119,1498,2026-01-12,View_Statement,Android,313
10120,1148,2025-08-13,Login,Android,132
10121,1292,2026-05-02,Deposit,iOS,388
10122,1426,2025-10-13,View_Portfolio,iOS,308
10123,1247,2025-09-03,Withdrawal,iOS,35
10124,1406,2025-09-29,Login,Web,341
10125,1188,2026-03-18,Login,Web,259
10126,1011,2025-07-09,View_Portfolio,iOS,59
10127,1284,2026-02-27,Login,iOS,309
10128,1045,2025-09-17,View_Statement,iOS,136
10129,1124,2026-04-23,Login,Android,522
10130,1378,2026-05-01,Deposit,Android,300
10131,1247,2026-05-03,Deposit,iOS,333
10132,1406,2026-02-23,Login,Android,305
10133,1337,2026-03-21,Login,Android,443
10134,1447,2026-03-14,Login,iOS,587
10135,1159,2026-04-29,Deposit,Android,533
10136,1267,2026-01-01,Deposit,iOS,124
10137,1292,2026-05-03,Deposit,Android,209
10138,1078,2025-09-26,Login,Android,260
10139,1291,2026-04-11,Login,iOS,178
10140,1383,2026-01-27,Deposit,Web,453
10141,1151,2026-04-03,Login,iOS,424
10142,1285,2026-03-18,Login,iOS,297
10143,1151,2026-05-02,Deposit,iOS,157
10144,1492,2026-02-06,Deposit,iOS,92
10145,1124,2026-04-26,Login,Android,184
10146,1228,2026-02-14,Login,Web,231
10147,1272,2026-05-01,View_Portfolio,Web,82
10148,1359,2026-04-16,View_Portfolio,iOS,197
10149,1340,2026-01-31,Login,Android,504
10150,1217,2025-11-22,Login,Android,189
10151,1147,2026-03-20,View_Portfolio,iOS,167
10152,1218,2026-02-14,View_Statement,Android,589
10153,1096,2025-12-28,Login,iOS,580
10154,1447,2026-04-22,View_Portfolio,iOS,552
10155,1050,2026-01-08,Deposit,iOS,28
10156,1469,2026-03-07,Login,iOS,408
10157,1457,2026-01-13,Withdrawal,iOS,331
10158,1043,2025-12-02,Deposit,iOS,352
10159,1019,2025-12-20,Login,iOS,180
10160,1113,2026-04-21,Login,iOS,574
10161,1377,2026-03-13,View_Portfolio,Web,359
10162,1213,2026-05-02,View_Portfolio,Android,520
10163,1018,2025-12-27,Login,Web,242
10164,1134,2026-05-04,Withdrawal,Android,442
10165,1291,2026-05-03,Login,Android,280
10166,1014,2026-01-20,Deposit,Android,123
10167,1064,2025-09-25,View_Statement,Android,218
10168,1393,2025-09-21,Login,Android,18
10169,1163,2026-05-02,Login,iOS,446
10170,1258,2025-10-07,View_Portfolio,Android,114
10171,1499,2026-04-21,Withdrawal,iOS,358
10172,1006,2025-08-25,Deposit,Android,380
10173,1355,2026-02-17,View_Portfolio,Android,435
10174,1121,2025-10-11,View_Statement,Android,67
10175,1153,2025-11-10,Deposit,Web,266
10176,1329,2026-01-26,Login,iOS,227
10177,1178,2026-05-01,Deposit,Android,91
10178,1479,2026-04-26,Withdrawal,Web,434
10179,1391,2026-02-22,Login,Web,381
10180,1063,2026-03-24,Login,Android,313
10181,1412,2026-02-03,Login,iOS,476
10182,1258,2025-06-14,Login,iOS,593
10183,1065,2026-03-21,Withdrawal,iOS,179
10184,1357,2026-02-13,Login,Web,117
10185,1187,2025-10-25,Withdrawal,Android,121
10186,1408,2025-11-28,Login,Android,233
10187,1446,2026-02-17,View_Statement,Web,167
10188,1227,2026-03-10,Deposit,iOS,69
10189,1199,2026-02-09,Login,Android,493
10190,1294,2026-04-24,View_Portfolio,Android,537
10191,1251,2026-04-10,Deposit,iOS,268
10192,1477,2025-07-12,Deposit,iOS,94
10193,1318,2025-08-23,View_Statement,iOS,587
10194,1193,2026-04-01,Deposit,Android,436
10195,1119,2025-07-29,View_Portfolio,iOS,160
10196,1179,2025-12-10,Login,iOS,560
10197,1478,2026-02-25,Withdrawal,Web,431
10198,1052,2026-02-08,Login,Android,370
10199,1110,2026-05-04,View_Portfolio,Android,429
10200,1224,2025-11-19,Login,iOS,382
10201,1330,2025-11-17,Login,iOS,393
10202,1098,2026-04-13,View_Statement,Web,184
10203,1319,2025-08-19,Login,Android,572
10204,1395,2026-04-23,Login,iOS,295
10205,1048,2026-01-29,Deposit,Android,85
10206,1497,2026-01-23,View_Statement,iOS,585
10207,1101,2025-07-18,Withdrawal,Web,51
10208,1438,2026-05-02,Login,iOS,431
10209,1475,2026-04-21,Withdrawal,iOS,233
10210,1434,2025-11-10,Deposit,Web,571
10211,1240,2026-02-13,View_Statement,iOS,433
10212,1074,2025-07-25,Deposit,Web,568
10213,1038,2026-03-13,Deposit,Android,583
10214,1470,2025-12-01,Deposit,iOS,246
10215,1216,2025-11-06,Deposit,iOS,328
10216,1136,2026-04-15,Withdrawal,Android,56
10217,1006,2025-10-11,Login,Android,395
10218,1247,2026-01-30,Login,iOS,188
10219,1324,2025-08-07,Login,Web,233
10220,1197,2026-04-05,Deposit,Android,11
10221,1390,2026-03-18,Login,Web,174
10222,1111,2025-09-29,Login,iOS,450
10223,1288,2025-10-08,View_Statement,iOS,159
10224,1038,2026-04-03,Login,Web,73
10225,1115,2026-02-04,View_Statement,Android,228
10226,1185,2026-05-01,View_Statement,Android,595
10227,1212,2026-03-16,Withdrawal,Android,454
10228,1488,2026-04-12,Login,iOS,315
10229,1365,2026-04-14,Login,iOS,454
10230,1484,2026-01-30,View_Statement,Android,455
10231,1255,2026-01-07,View_Statement,Android,393
10232,1320,2026-04-05,View_Statement,Web,49
10233,1310,2025-07-04,View_Statement,iOS,372
10234,1113,2026-04-15,Login,iOS,537
10235,1270,2026-01-11,Deposit,Android,321
10236,1320,2026-04-27,View_Portfolio,Android,128
10237,1434,2026-02-21,Login,iOS,61
10238,1175,2026-03-06,Deposit,iOS,225
10239,1310,2026-01-11,Login,iOS,456
10240,1019,2026-01-16,Login,iOS,169
10241,1203,2026-04-21,Login,Android,445
10242,1423,2025-09-12,Login,Android,347
10243,1449,2026-03-16,Deposit,Web,276
10244,1126,2026-02-28,Deposit,iOS,340
10245,1483,2026-05-04,Login,Android,394
10246,1467,2025-11-24,View_Portfolio,Web,161
10247,1254,2025-11-20,View_Portfolio,Web,50
10248,1316,2025-12-18,Login,iOS,479
10249,1417,2025-11-06,Login,iOS,464
10250,1255,2026-02-19,Login,Web,383
10251,1288,2025-12-25,Withdrawal,Android,314
10252,1292,2026-05-03,Deposit,Android,460
10253,1152,2026-03-29,Deposit,Web,120
10254,1427,2026-04-11,Login,iOS,580
10255,1199,2026-02-20,Login,iOS,593
10256,1199,2026-03-17,View_Statement,iOS,26
10257,1302,2026-04-10,Login,Web,143
10258,1175,2026-03-18,Deposit,Android,581
10259,1453,2026-04-09,Login,iOS,321
10260,1270,2025-12-30,Login,Android,542
10261,1429,2026-03-01,Deposit,iOS,203
10262,1180,2025-10-16,Deposit,iOS,285
10263,1218,2026-04-29,Login,iOS,104
10264,1118,2025-10-31,Login,Android,173
10265,1306,2025-10-27,Withdrawal,Android,327
10266,1321,2026-05-03,Login,Android,545
10267,1333,2025-07-05,Withdrawal,iOS,195
10268,1320,2026-04-10,View_Statement,Web,58
10269,1023,2026-04-23,Deposit,Android,218
10270,1125,2026-03-15,Login,iOS,235
10271,1084,2025-11-19,View_Portfolio,iOS,190
10272,1199,2026-04-12,Deposit,Web,399
10273,1326,2026-05-03,View_Statement,iOS,186
10274,1187,2025-09-21,Withdrawal,Web,505
10275,1329,2026-04-13,Deposit,iOS,122
10276,1092,2026-03-21,Deposit,Web,130
10277,1330,2025-08-15,Login,iOS,58
10278,1182,2026-04-27,Login,Web,177
10279,1227,2026-02-08,Deposit,Web,227
10280,1199,2026-02-03,Deposit,Android,442
10281,1473,2026-04-30,Deposit,Android,189
10282,1478,2026-04-06,Withdrawal,iOS,503
10283,1235,2026-01-05,Login,Android,405
10284,1410,2025-10-03,Login,Android,502
10285,1044,2026-02-08,Login,iOS,329
10286,1076,2025-12-29,View_Portfolio,Android,384
10287,1141,2026-04-25,Login,Web,98
10288,1182,2026-04-14,Login,iOS,385
10289,1119,2025-12-27,Login,iOS,556
10290,1040,2026-04-19,Deposit,iOS,358
10291,1260,2026-02-15,Deposit,Web,443
10292,1437,2026-04-24,Login,Web,243
10293,1244,2025-10-09,Deposit,Android,153
10294,1129,2025-09-04,Withdrawal,Android,76
10295,1006,2025-07-24,View_Portfolio,Web,417
10296,1311,2026-01-18,Login,iOS,105
10297,1066,2026-02-15,Withdrawal,Android,574
10298,1374,2026-04-16,Login,iOS,418
10299,1494,2026-02-14,Withdrawal,Web,416
10300,1219,2026-03-15,Withdrawal,iOS,64
10301,1146,2026-05-04,Deposit,Android,16
10302,1234,2026-05-01,Login,iOS,270
10303,1029,2026-04-18,View_Portfolio,Web,589
10304,1309,2026-04-08,Login,Web,15
10305,1161,2026-04-08,View_Portfolio,iOS,517
10306,1131,2025-12-11,View_Portfolio,Android,261
10307,1148,2026-05-02,Withdrawal,iOS,407
10308,1388,2025-08-24,View_Portfolio,iOS,534
10309,1082,2026-04-30,Login,iOS,265
10310,1392,2025-08-17,View_Statement,Web,80
10311,1470,2025-11-24,View_Portfolio,iOS,414
10312,1361,2026-04-26,Deposit,iOS,404
10313,1342,2025-11-12,Withdrawal,Android,15
10314,1083,2025-09-03,Withdrawal,Web,429
10315,1412,2026-02-17,View_Portfolio,iOS,596
10316,1450,2025-09-01,Login,iOS,576
10317,1073,2025-07-09,Login,Android,43
10318,1355,2026-01-05,View_Portfolio,iOS,487
10319,1214,2026-01-13,View_Portfolio,iOS,570
10320,1026,2025-12-05,Deposit,iOS,102
10321,1290,2025-11-20,Login,iOS,350
10322,1071,2025-08-20,View_Statement,iOS,163
10323,1350,2026-04-01,Deposit,Android,126
10324,1177,2026-04-13,View_Portfolio,iOS,232
10325,1089,2026-04-17,Deposit,Web,316
10326,1177,2026-04-04,Login,Web,514
10327,1457,2025-12-29,Deposit,iOS,596
10328,1027,2025-12-18,View_Portfolio,iOS,361
10329,1449,2026-04-02,View_Statement,iOS,328
10330,1289,2026-03-08,Login,iOS,69
10331,1328,2026-04-09,View_Portfolio,iOS,427
10332,1305,2026-05-01,Deposit,iOS,323
10333,1063,2025-12-23,Login,iOS,205
10334,1416,2026-03-14,View_Portfolio,iOS,575
10335,1488,2026-01-07,Login,Android,465
10336,1019,2025-11-15,View_Portfolio,iOS,123
10337,1484,2026-01-30,Login,iOS,453
10338,1434,2026-01-22,Withdrawal,iOS,203
10339,1493,2025-12-25,Login,iOS,31
10340,1278,2025-11-19,Login,Android,13
10341,1487,2026-04-06,Login,iOS,51
10342,1346,2026-04-04,Deposit,iOS,482
10343,1067,2026-04-20,Login,Web,573
10344,1238,2026-01-23,Login,Android,565
10345,1137,2026-04-26,Login,Android,263
10346,1163,2026-04-16,Deposit,iOS,597
10347,1327,2026-01-17,View_Portfolio,Android,425
10348,1335,2025-10-17,View_Statement,Web,79
10349,1388,2025-12-29,Deposit,iOS,116
10350,1293,2026-01-12,Deposit,Web,266
10351,1028,2026-03-17,View_Statement,iOS,495
10352,1256,2025-12-22,View_Statement,iOS,239
10353,1393,2025-06-03,Login,Android,541
10354,1291,2026-05-02,Deposit,iOS,123
10355,1112,2025-09-20,View_Portfolio,iOS,334
10356,1240,2025-11-30,View_Portfolio,Android,558
10357,1243,2026-03-18,Withdrawal,Android,369
10358,1153,2025-10-21,Deposit,iOS,188
10359,1265,2026-02-27,Deposit,iOS,11
10360,1445,2025-12-05,View_Portfolio,iOS,599
10361,1052,2026-02-20,Login,Web,410
10362,1481,2025-12-14,Deposit,Android,571
10363,1401,2025-09-18,Deposit,Web,154
10364,1460,2026-04-03,View_Portfolio,Web,424
10365,1265,2026-04-12,Login,iOS,65
10366,1054,2026-02-22,Deposit,Web,326
10367,1133,2026-03-27,Login,Android,425
10368,1191,2025-11-29,View_Portfolio,Android,346
10369,1124,2026-02-21,View_Portfolio,iOS,353
10370,1431,2026-01-21,View_Portfolio,Android,246
10371,1218,2026-04-08,Login,Android,497
10372,1365,2026-01-30,Deposit,Android,334
10373,1403,2026-04-07,Login,iOS,509
10374,1483,2026-03-16,Withdrawal,Android,520
10375,1322,2025-09-26,Login,iOS,509
10376,1301,2025-11-19,View_Portfolio,Android,50
10377,1071,2025-07-23,Login,Android,394
10378,1457,2026-01-06,Deposit,Android,435
10379,1214,2026-04-09,Login,iOS,544
10380,1362,2025-11-18,Deposit,Android,278
10381,1033,2026-03-19,Deposit,iOS,326
10382,1374,2026-03-19,Deposit,iOS,337
10383,1336,2025-12-07,Login,iOS,423
10384,1171,2025-12-28,Login,Android,183
10385,1344,2026-03-03,Withdrawal,iOS,95
10386,1456,2026-05-02,View_Portfolio,iOS,308
10387,1350,2026-04-12,Withdrawal,Android,24
10388,1410,2025-08-01,View_Portfolio,Android,551
10389,1301,2025-12-06,View_Statement,iOS,453
10390,1496,2026-03-08,Deposit,iOS,122
10391,1291,2026-05-03,Withdrawal,iOS,34
10392,1237,2025-11-15,Login,Web,523
10393,1337,2026-03-25,View_Statement,Android,74
10394,1437,2026-04-29,Deposit,Web,181
10395,1102,2025-11-18,View_Portfolio,Android,163
10396,1010,2026-04-29,Login,Web,401
10397,1041,2026-01-26,Deposit,iOS,92
10398,1370,2025-09-08,Withdrawal,Android,168
10399,1126,2026-03-15,Login,Android,344
10400,1273,2026-03-26,Login,iOS,571
10401,1383,2026-02-01,Withdrawal,iOS,387
10402,1327,2025-10-25,Login,iOS,486
10403,1450,2025-09-24,Deposit,Android,403
10404,1011,2025-08-06,Deposit,iOS,249
10405,1319,2025-09-27,Login,Android,55
10406,1498,2025-12-02,Login,Android,94
10407,1195,2026-04-06,View_Statement,Android,222
10408,1430,2026-04-13,Login,Web,244
10409,1020,2026-03-29,Login,Android,278
10410,1397,2026-05-02,Login,iOS,444
10411,1471,2026-03-18,Login,iOS,345
10412,1273,2026-03-19,Deposit,iOS,92
10413,1477,2025-07-05,Login,iOS,195
10414,1235,2026-01-07,Deposit,iOS,71
10415,1487,2026-05-04,Withdrawal,iOS,288
10416,1416,2025-09-09,Deposit,Android,401
10417,1227,2026-02-20,Deposit,Android,224
10418,1227,2026-03-05,View_Portfolio,iOS,404
10419,1354,2026-04-05,View_Portfolio,iOS,54
10420,1341,2026-01-07,Deposit,iOS,96
10421,1272,2026-04-29,Login,Android,566
10422,1279,2026-04-30,Deposit,iOS,134
10423,1395,2026-04-07,Deposit,Android,254
10424,1124,2026-04-26,Login,Web,564
10425,1398,2026-05-01,Login,Android,134
10426,1195,2026-03-16,View_Statement,Android,440
10427,1071,2025-10-27,Withdrawal,iOS,493
10428,1232,2026-02-17,Login,Android,235
10429,1173,2026-04-06,Deposit,Android,185
10430,1499,2026-04-19,Login,Android,84
10431,1203,2026-04-26,Login,Android,529
10432,1033,2026-02-18,Login,Android,17
10433,1211,2026-04-11,Deposit,Android,514
10434,1301,2025-11-12,View_Statement,iOS,61
10435,1182,2026-05-04,View_Portfolio,iOS,90
10436,1241,2025-12-27,Login,iOS,479
10437,1489,2026-05-03,Login,iOS,529
10438,1051,2025-08-04,Deposit,iOS,327
10439,1371,2025-11-29,Login,Android,78
10440,1380,2026-03-01,View_Portfolio,Web,356
10441,1343,2026-04-22,Login,Web,96
10442,1407,2026-04-26,Login,Android,133
10443,1029,2026-04-16,Deposit,iOS,295
10444,1006,2025-08-22,Login,Web,145
10445,1423,2025-07-29,Deposit,Android,497
10446,1133,2026-02-07,View_Statement,iOS,331
10447,1096,2025-09-25,Withdrawal,Android,206
10448,1424,2025-11-03,View_Portfolio,iOS,428
10449,1346,2026-01-31,Deposit,Web,88
10450,1462,2025-08-07,Login,iOS,115
10451,1082,2025-12-02,Login,Android,588
10452,1277,2026-03-17,Withdrawal,Android,395
10453,1315,2025-12-03,Deposit,iOS,384
10454,1217,2025-10-13,Deposit,Android,200
10455,1404,2025-12-17,Login,Android,144
10456,1280,2026-02-01,Withdrawal,iOS,285
10457,1131,2025-11-26,Withdrawal,Android,197
10458,1086,2026-02-02,Login,iOS,273
10459,1328,2026-03-23,View_Portfolio,Android,376
10460,1366,2026-04-28,View_Portfolio,Android,99
10461,1313,2026-05-04,Login,Android,67
10462,1366,2026-04-12,Deposit,iOS,118
10463,1093,2025-10-17,View_Portfolio,iOS,63
10464,1071,2026-01-10,Deposit,Android,265
10465,1326,2026-05-01,View_Portfolio,iOS,389
10466,1326,2026-04-30,Login,iOS,40
10467,1332,2026-01-24,Login,Android,13
10468,1191,2025-09-11,Login,Android,422
10469,1214,2025-11-14,View_Statement,iOS,309
10470,1047,2026-04-23,Login,Android,103
10471,1218,2026-04-25,View_Portfolio,iOS,392
10472,1089,2026-02-07,Login,Android,543
10473,1275,2025-11-28,Login,iOS,512
10474,1484,2025-12-25,Login,Android,105
10475,1227,2026-02-14,Deposit,Android,551
10476,1397,2026-03-19,Login,iOS,14
10477,1217,2025-11-16,View_Statement,Android,203
10478,1240,2025-11-22,View_Portfolio,iOS,207
10479,1301,2025-11-29,Login,Android,428
10480,1416,2026-01-29,Withdrawal,Web,595
10481,1414,2026-04-04,Deposit,iOS,345
10482,1341,2026-03-22,View_Statement,Android,57
10483,1382,2026-04-09,Login,iOS,479
10484,1170,2026-03-16,Deposit,iOS,599
10485,1365,2025-08-12,Login,Android,497
10486,1232,2026-02-27,Withdrawal,iOS,57
10487,1108,2026-03-23,Login,iOS,138
10488,1328,2026-03-18,Deposit,Android,390
10489,1233,2025-10-25,View_Statement,iOS,537
10490,1170,2025-11-08,Deposit,Android,541
10491,1135,2026-04-04,Deposit,Android,425
10492,1131,2025-12-08,Deposit,Web,395
10493,1037,2026-04-22,Deposit,Android,68
10494,1259,2025-10-28,Deposit,iOS,452
10495,1402,2026-01-28,Deposit,Android,479
10496,1499,2026-02-24,View_Statement,iOS,270
10497,1124,2026-02-14,Login,iOS,203
10498,1426,2026-03-02,Login,Android,250
10499,1393,2026-03-06,Login,iOS,176
10500,1441,2025-12-30,Deposit,Android,53
10501,1408,2025-11-15,Login,Android,178
10502,1263,2025-11-10,View_Statement,Web,583
10503,1353,2026-03-01,Deposit,Web,84
10504,1217,2025-09-11,View_Portfolio,iOS,60
10505,1170,2025-10-26,Login,iOS,472
10506,1098,2026-04-15,Login,iOS,405
10507,1358,2026-04-30,Login,Android,314
10508,1186,2026-02-25,Deposit,iOS,340
10509,1213,2026-05-03,Login,Web,378
10510,1358,2026-04-22,View_Portfolio,iOS,485
10511,1312,2026-04-18,View_Portfolio,iOS,287
10512,1232,2026-02-12,Withdrawal,Web,303
10513,1442,2025-08-23,View_Portfolio,Web,546
10514,1402,2025-12-12,Deposit,iOS,262
10515,1167,2025-09-22,Deposit,iOS,112
10516,1306,2025-08-01,Deposit,Android,556
10517,1161,2026-02-04,Login,iOS,594
10518,1284,2026-05-01,Deposit,iOS,175
10519,1184,2026-03-28,Deposit,Android,455
10520,1025,2026-04-25,View_Portfolio,Android,525
10521,1142,2026-02-18,Login,iOS,422
10522,1183,2026-04-03,Login,iOS,144
10523,1084,2025-09-13,Deposit,iOS,467
10524,1231,2026-04-11,View_Portfolio,Android,202
10525,1468,2026-04-04,View_Statement,Android,371
10526,1391,2026-05-01,Login,Android,349
10527,1388,2025-12-28,Withdrawal,Web,464
10528,1223,2026-02-12,Deposit,Android,553
10529,1158,2026-04-30,Login,iOS,293
10530,1318,2025-11-27,Withdrawal,Android,229
10531,1185,2026-04-29,Login,Android,71
10532,1421,2026-02-04,View_Portfolio,Android,11
10533,1183,2026-04-22,Withdrawal,Android,262
10534,1085,2026-03-15,Withdrawal,iOS,335
10535,1065,2026-03-13,Login,iOS,529
10536,1052,2026-03-16,View_Statement,Android,149
10537,1003,2026-04-17,View_Portfolio,iOS,230
10538,1077,2025-06-19,View_Statement,iOS,165
10539,1135,2026-04-01,Login,iOS,180
10540,1326,2026-04-29,Deposit,Web,378
10541,1070,2026-04-26,Login,iOS,21
10542,1162,2025-11-16,Login,Android,40
10543,1096,2026-01-16,Login,Web,400
10544,1016,2026-02-26,Deposit,Web,166
10545,1230,2026-01-06,Login,Android,212
10546,1392,2025-07-06,Deposit,Android,286
10547,1405,2026-04-05,Deposit,iOS,65
10548,1377,2026-03-25,View_Statement,Web,544
10549,1267,2025-09-13,View_Portfolio,iOS,83
10550,1306,2026-03-06,Withdrawal,iOS,398
10551,1343,2026-04-02,View_Portfolio,iOS,261
10552,1006,2025-10-29,Login,iOS,327
10553,1110,2026-04-24,Login,Android,561
10554,1143,2025-11-29,Deposit,iOS,262
10555,1395,2026-04-26,Withdrawal,iOS,208
10556,1155,2026-03-08,View_Portfolio,iOS,485
10557,1207,2025-06-02,Deposit,Android,411
10558,1429,2026-03-07,View_Statement,Android,483
10559,1166,2026-01-02,View_Portfolio,iOS,107
10560,1260,2026-01-05,Login,iOS,240
10561,1462,2025-05-13,Deposit,iOS,238
10562,1173,2026-04-23,View_Statement,iOS,344
10563,1394,2026-03-11,Deposit,Web,89
10564,1121,2025-12-09,Login,iOS,514
10565,1438,2026-04-22,Login,Android,288
10566,1413,2025-12-08,Deposit,iOS,477
10567,1140,2026-01-25,Withdrawal,iOS,147
10568,1440,2025-12-23,Login,Android,187
10569,1168,2025-05-07,View_Portfolio,iOS,113
10570,1084,2025-10-14,View_Statement,Android,239
10571,1421,2026-05-01,View_Portfolio,iOS,444
10572,1194,2026-01-27,View_Statement,Android,316
10573,1276,2026-01-11,Login,Android,458
10574,1268,2026-01-17,Deposit,Android,347
10575,1038,2026-01-30,Login,iOS,570
10576,1414,2025-06-15,View_Portfolio,Web,416
10577,1303,2026-05-02,View_Statement,Android,520
10578,1338,2026-02-05,Login,Android,312
10579,1242,2026-01-24,Deposit,iOS,179
10580,1330,2026-02-10,Login,iOS,590
10581,1199,2026-02-08,Login,Android,596
10582,1298,2025-08-01,Deposit,Android,308
10583,1005,2025-12-30,View_Portfolio,Android,504
10584,1432,2026-04-28,Login,iOS,151
10585,1477,2025-07-14,Login,iOS,35
10586,1371,2025-12-15,Login,iOS,389
10587,1383,2025-10-06,Login,iOS,321
10588,1355,2025-11-21,Deposit,iOS,372
10589,1103,2026-04-23,Login,Web,166
10590,1435,2026-03-29,Deposit,iOS,219
10591,1396,2026-01-26,Withdrawal,iOS,215
10592,1138,2026-03-09,Deposit,Android,137
10593,1293,2025-11-29,View_Statement,Android,255
10594,1381,2025-08-18,View_Portfolio,Android,270
10595,1066,2025-12-23,Login,Android,58
10596,1067,2026-01-09,Login,iOS,113
10597,1270,2026-02-20,View_Portfolio,Android,582
10598,1047,2026-04-17,Login,iOS,186
10599,1404,2025-09-07,Login,iOS,314
10600,1365,2025-09-22,View_Portfolio,Web,107
10601,1369,2025-11-13,Login,Android,78
10602,1180,2025-07-27,Deposit,Android,77
10603,1068,2026-01-09,Withdrawal,iOS,154
10604,1115,2026-04-25,View_Portfolio,iOS,138
10605,1026,2026-02-21,View_Portfolio,Android,70
10606,1047,2026-04-24,Deposit,iOS,275
10607,1207,2025-06-26,View_Portfolio,Android,443
10608,1073,2025-07-21,Login,iOS,554
10609,1259,2025-11-15,Login,Android,435
10610,1386,2026-04-04,Login,Android,225
10611,1487,2026-04-09,Login,Android,508
10612,1425,2025-06-27,Withdrawal,iOS,193
10613,1030,2025-08-11,Login,iOS,372
10614,1421,2026-01-19,Deposit,Android,101
10615,1465,2026-04-07,Deposit,iOS,191
10616,1003,2026-04-27,Login,Android,203
10617,1009,2026-04-25,Withdrawal,iOS,452
10618,1008,2026-04-29,Withdrawal,Web,182
10619,1009,2026-01-12,Withdrawal,Android,268
10620,1376,2025-11-14,View_Portfolio,Android,464
10621,1401,2026-01-10,Login,iOS,98
10622,1152,2026-02-26,View_Statement,iOS,578
10623,1456,2026-02-25,Login,iOS,589
10624,1142,2025-09-05,Deposit,iOS,139
10625,1438,2026-05-04,View_Statement,iOS,15
10626,1336,2025-12-09,Login,iOS,130
10627,1274,2026-01-30,Login,iOS,299
10628,1497,2026-03-16,Deposit,iOS,134
10629,1472,2026-02-01,View_Portfolio,Android,384
10630,1423,2025-10-02,Login,iOS,580
10631,1372,2025-07-03,View_Portfolio,Web,31
10632,1431,2025-12-27,Login,iOS,445
10633,1027,2025-10-12,View_Portfolio,iOS,230
10634,1348,2026-02-26,Login,iOS,250
10635,1071,2026-03-21,Deposit,Android,535
10636,1482,2026-04-30,Login,iOS,506
10637,1219,2026-03-16,Login,iOS,152
10638,1290,2026-02-09,Login,iOS,61
10639,1256,2026-02-04,Deposit,Android,494
10640,1103,2026-01-28,View_Portfolio,iOS,386
10641,1147,2026-03-14,View_Portfolio,iOS,357
10642,1390,2025-09-10,Deposit,Web,110
10643,1158,2026-04-01,Login,iOS,355
10644,1348,2026-03-11,View_Portfolio,iOS,312
10645,1140,2026-01-12,View_Portfolio,iOS,209
10646,1143,2025-10-22,Deposit,iOS,311
10647,1109,2026-04-06,Withdrawal,iOS,543
10648,1423,2025-11-06,Login,iOS,92
10649,1359,2026-02-26,Login,Android,297
10650,1320,2026-04-18,Login,iOS,407
10651,1064,2025-10-24,Withdrawal,Web,33
10652,1271,2026-05-03,View_Portfolio,iOS,283
10653,1186,2026-03-10,View_Portfolio,Web,512
10654,1356,2026-03-28,Login,iOS,391
10655,1323,2026-04-08,Deposit,Android,333
10656,1001,2026-04-25,Login,Android,422
10657,1007,2025-10-15,Withdrawal,Android,140
10658,1393,2025-10-25,Login,Web,90
10659,1001,2026-05-02,Deposit,iOS,204
10660,1261,2026-04-19,Withdrawal,iOS,518
10661,1047,2026-04-13,View_Portfolio,Android,228
10662,1356,2025-06-21,Login,iOS,495
10663,1266,2026-02-24,Login,Android,470
10664,1002,2026-03-16,Login,iOS,135
10665,1023,2026-05-03,Deposit,Android,95
10666,1359,2026-04-10,Login,Web,182
10667,1477,2025-07-11,Login,iOS,48
10668,1440,2026-02-09,View_Statement,iOS,439
10669,1403,2026-01-27,Login,Android,103
10670,1422,2026-01-14,Deposit,Android,574
10671,1303,2026-04-21,Login,iOS,373
10672,1084,2025-10-27,Deposit,iOS,229
10673,1204,2026-04-01,Login,Android,77
10674,1459,2026-04-12,Deposit,iOS,270
10675,1227,2026-03-20,Deposit,Android,409
10676,1436,2026-01-23,View_Statement,Android,99
10677,1252,2026-01-22,Login,iOS,157
10678,1305,2026-03-21,Deposit,Android,141
10679,1455,2026-04-18,Login,iOS,105
10680,1151,2026-04-06,Deposit,iOS,380
10681,1247,2025-07-19,Login,iOS,118
10682,1306,2026-01-12,Withdrawal,iOS,575
10683,1017,2026-04-18,Login,Android,449
10684,1304,2025-05-25,Deposit,Android,382
10685,1377,2026-05-02,Deposit,iOS,229
10686,1002,2025-07-06,Deposit,Web,206
10687,1197,2026-01-15,Login,iOS,535
10688,1446,2026-04-16,Login,Android,54
10689,1341,2026-03-23,Deposit,iOS,495
10690,1269,2026-05-02,Login,Android,266
10691,1061,2026-04-14,Login,Android,261
10692,1267,2026-01-31,View_Portfolio,iOS,199
10693,1472,2026-01-02,View_Portfolio,Web,368
10694,1097,2026-05-03,Withdrawal,Android,290
10695,1283,2026-03-23,Deposit,Android,551
10696,1247,2025-08-24,View_Portfolio,iOS,385
10697,1035,2026-03-29,Login,Web,579
10698,1274,2026-04-09,Deposit,iOS,232
10699,1469,2026-04-11,Login,iOS,482
10700,1068,2026-04-08,View_Portfolio,Android,247
10701,1189,2026-04-10,Deposit,iOS,227
10702,1041,2025-11-12,View_Portfolio,iOS,73
10703,1096,2026-04-06,View_Portfolio,Android,196
10704,1171,2026-01-20,Deposit,iOS,571
10705,1433,2026-04-20,Deposit,iOS,415
10706,1395,2026-05-04,Login,Android,153
10707,1067,2026-04-04,Deposit,iOS,257
10708,1435,2026-03-06,Withdrawal,Android,346
10709,1308,2026-04-28,Login,Web,154
10710,1119,2025-12-02,View_Statement,Android,139
10711,1341,2025-12-27,View_Statement,Android,128
10712,1171,2026-04-16,Login,iOS,429
10713,1186,2026-04-21,Withdrawal,iOS,288
10714,1462,2026-02-14,Login,iOS,357
10715,1070,2026-04-03,Withdrawal,iOS,483
10716,1499,2025-09-10,Deposit,iOS,116
10717,1245,2026-02-22,View_Portfolio,Android,572
10718,1413,2025-11-11,Login,iOS,341
10719,1159,2026-04-24,View_Portfolio,Android,346
10720,1495,2026-04-28,View_Portfolio,Android,485
10721,1284,2026-04-25,Withdrawal,iOS,404
10722,1107,2025-12-27,Deposit,Web,502
10723,1434,2025-10-26,Deposit,Android,419
10724,1036,2025-09-17,Withdrawal,Android,422
10725,1348,2026-02-19,View_Statement,Android,419
10726,1403,2026-01-31,Login,Android,288
10727,1195,2026-01-25,Login,iOS,381
10728,1268,2026-04-07,View_Portfolio,iOS,518
10729,1484,2026-03-07,Deposit,Android,243
10730,1472,2026-03-18,Withdrawal,iOS,454
10731,1076,2026-04-10,Login,Android,241
10732,1280,2026-03-25,Withdrawal,Web,42
10733,1321,2026-04-24,Withdrawal,iOS,448
10734,1348,2026-03-24,Deposit,iOS,17
10735,1080,2025-07-30,View_Portfolio,iOS,479
10736,1405,2026-04-05,View_Portfolio,Android,359
10737,1478,2026-03-03,View_Portfolio,iOS,130
10738,1098,2026-05-04,Login,iOS,197
10739,1282,2026-04-16,Withdrawal,iOS,587
10740,1118,2025-09-26,Deposit,iOS,32
10741,1419,2026-04-01,Login,Android,201
10742,1223,2025-11-22,View_Portfolio,Android,421
10743,1252,2026-01-17,Deposit,Android,428
10744,1080,2025-11-11,Deposit,Web,146
10745,1314,2026-01-25,View_Portfolio,Android,559
10746,1170,2026-02-06,Deposit,Web,92
10747,1413,2026-04-16,View_Portfolio,Web,325
10748,1157,2026-04-05,Login,iOS,272
10749,1393,2026-02-10,View_Portfolio,iOS,199
10750,1334,2025-09-09,Login,Android,126
10751,1377,2026-01-16,Login,iOS,547
10752,1328,2026-04-27,Login,Android,87
10753,1002,2026-01-25,Login,Android,489
10754,1203,2026-04-19,Withdrawal,iOS,167
10755,1258,2025-11-19,Withdrawal,Android,595
10756,1251,2026-04-30,Login,iOS,523
10757,1367,2026-03-11,Login,iOS,293
10758,1146,2026-04-30,Login,Android,550
10759,1325,2026-03-02,Deposit,iOS,53
10760,1378,2026-05-04,Login,Android,513
10761,1441,2025-12-05,Login,Android,245
10762,1455,2026-04-19,View_Portfolio,iOS,104
10763,1407,2026-04-27,View_Portfolio,iOS,44
10764,1275,2026-03-19,Login,Android,594
10765,1019,2025-10-31,Login,iOS,505
10766,1442,2026-01-08,Withdrawal,Android,190
10767,1368,2026-04-28,View_Portfolio,Web,16
10768,1467,2026-01-31,Login,iOS,485
10769,1433,2026-04-11,View_Statement,iOS,508
10770,1429,2026-03-20,Login,Android,562
10771,1252,2026-03-09,Deposit,Android,228
10772,1488,2026-01-23,Login,iOS,515
10773,1284,2026-04-16,View_Statement,iOS,231
10774,1331,2025-09-18,Login,Android,161
10775,1050,2025-11-27,Deposit,Android,295
10776,1395,2026-04-26,Login,iOS,394
10777,1311,2026-04-13,Login,Android,289
10778,1137,2026-04-29,Withdrawal,iOS,218
10779,1398,2026-04-23,View_Statement,Android,104
10780,1226,2026-01-11,View_Statement,Android,554
10781,1221,2025-11-19,View_Portfolio,Web,125
10782,1113,2026-04-19,View_Portfolio,Web,69
10783,1149,2026-02-22,View_Statement,Android,92
10784,1048,2026-04-26,Login,iOS,343
10785,1058,2025-11-17,Login,Android,394
10786,1197,2026-02-26,Login,Android,253
10787,1225,2025-05-21,Deposit,iOS,128
10788,1137,2026-04-17,View_Statement,iOS,112
10789,1195,2025-06-05,Deposit,Web,281
10790,1206,2025-09-23,Deposit,iOS,451
10791,1018,2026-04-22,View_Portfolio,iOS,246
10792,1268,2026-01-15,View_Statement,Web,556
10793,1215,2026-02-25,Withdrawal,iOS,365
10794,1206,2025-09-19,View_Portfolio,iOS,380
10795,1124,2026-04-13,Login,Web,311
10796,1016,2026-01-01,Deposit,iOS,80
10797,1165,2025-08-21,Login,iOS,85
10798,1148,2026-03-23,Login,Android,183
10799,1276,2026-02-16,Login,Web,474
10800,1399,2026-04-23,View_Portfolio,iOS,245
10801,1233,2025-05-12,Deposit,iOS,269
10802,1025,2026-04-03,Deposit,Android,336
10803,1401,2026-01-14,Login,iOS,45
10804,1268,2026-04-10,View_Statement,iOS,371
10805,1365,2026-03-11,Deposit,iOS,449
10806,1426,2026-01-01,Login,Web,32
10807,1295,2026-03-31,Login,iOS,229
10808,1440,2026-03-25,View_Statement,iOS,37
10809,1437,2026-04-22,View_Statement,iOS,554
10810,1071,2026-01-31,Deposit,Android,560
10811,1200,2026-03-24,Deposit,iOS,543
10812,1472,2025-12-23,View_Statement,iOS,198
10813,1047,2026-04-12,Withdrawal,Web,461
10814,1025,2026-03-26,View_Statement,iOS,513
10815,1213,2026-05-04,Deposit,iOS,217
10816,1434,2026-02-07,View_Statement,iOS,251
10817,1374,2026-04-13,Deposit,iOS,70
10818,1033,2026-04-18,Deposit,Android,234
10819,1458,2026-04-27,Login,iOS,487
10820,1214,2026-04-07,Deposit,Android,206
10821,1211,2026-04-10,View_Portfolio,Android,176
10822,1029,2026-04-18,Deposit,iOS,491
10823,1259,2025-10-03,Deposit,Web,178
10824,1039,2025-12-15,Login,iOS,386
10825,1260,2025-12-24,View_Statement,Android,206
10826,1165,2025-09-26,Deposit,iOS,580
10827,1095,2026-04-22,Login,iOS,187
10828,1390,2025-12-19,Login,iOS,192
10829,1220,2026-03-20,View_Portfolio,iOS,397
10830,1394,2026-05-04,Deposit,Web,212
10831,1268,2026-01-30,Login,iOS,508
10832,1494,2026-05-03,Login,Web,164
10833,1118,2025-11-30,View_Statement,Web,490
10834,1066,2025-11-27,View_Statement,iOS,534
10835,1387,2025-11-09,Login,iOS,489
10836,1193,2026-04-24,Login,Android,576
10837,1320,2026-04-26,Login,Android,497
10838,1035,2026-01-09,View_Portfolio,iOS,216
10839,1408,2025-11-09,Login,iOS,88
10840,1175,2026-04-23,Login,iOS,224
10841,1112,2025-12-29,Login,Web,438
10842,1308,2026-04-19,View_Statement,iOS,323
10843,1290,2026-04-16,Withdrawal,Android,329
10844,1340,2026-02-16,Deposit,iOS,171
10845,1080,2025-08-28,View_Portfolio,Android,86
10846,1478,2026-02-20,Withdrawal,Web,486
10847,1111,2026-02-07,Withdrawal,iOS,338
10848,1487,2026-04-15,Login,iOS,78
10849,1409,2025-10-30,Deposit,Android,477
10850,1453,2026-03-29,View_Portfolio,Web,481
10851,1413,2026-05-04,Deposit,Android,157
10852,1485,2026-03-19,Login,Android,294
10853,1092,2026-04-16,Login,Android,226
10854,1448,2026-01-25,View_Statement,iOS,558
10855,1437,2026-04-26,Withdrawal,Android,588
10856,1186,2026-02-25,Withdrawal,iOS,136
10857,1041,2025-10-17,Withdrawal,iOS,573
10858,1087,2025-12-23,Login,Android,584
10859,1224,2026-03-08,Login,Web,363
10860,1494,2026-02-27,Deposit,Web,400
10861,1051,2025-12-13,Deposit,iOS,576
10862,1126,2026-02-10,View_Portfolio,Android,18
10863,1146,2026-05-03,Login,Android,529
10864,1041,2025-12-03,Login,Android,220
10865,1355,2025-11-26,Login,iOS,110
10866,1445,2025-09-13,Login,iOS,465
10867,1363,2025-12-07,Login,iOS,56
10868,1024,2026-03-06,Login,Android,289
10869,1303,2026-04-16,Login,iOS,331
10870,1284,2026-04-21,Login,Android,38
10871,1036,2026-04-07,Login,iOS,405
10872,1277,2026-02-26,Deposit,iOS,58
10873,1184,2026-03-09,Deposit,iOS,330
10874,1325,2025-11-29,Login,iOS,86
10875,1154,2026-05-02,Deposit,Android,112
10876,1498,2025-11-01,View_Portfolio,iOS,17
10877,1182,2026-04-28,Login,iOS,531
10878,1471,2026-02-28,View_Statement,Android,595
10879,1300,2026-04-26,Login,Web,539
10880,1417,2025-12-13,Login,Android,19
10881,1154,2025-11-18,Login,Web,587
10882,1377,2026-01-20,Login,Web,18
10883,1150,2025-10-30,Deposit,Web,559
10884,1404,2025-10-01,Login,Web,400
10885,1002,2026-01-28,View_Portfolio,Android,125
10886,1297,2025-12-29,Withdrawal,Web,49
10887,1054,2026-03-30,Deposit,iOS,366
10888,1441,2025-09-04,Deposit,iOS,127
10889,1402,2025-11-19,Deposit,Web,80
10890,1389,2026-04-09,Login,iOS,486
10891,1246,2026-04-14,Login,Web,447
10892,1480,2026-04-21,Login,iOS,158
10893,1046,2026-04-19,Login,iOS,243
10894,1075,2025-09-20,Login,Android,78
10895,1149,2026-04-27,Deposit,iOS,177
10896,1406,2025-12-21,Deposit,Android,446
10897,1003,2026-04-16,Login,iOS,440
10898,1009,2026-04-16,Login,Web,249
10899,1002,2025-10-31,Login,Android,575
10900,1238,2026-02-06,Login,iOS,42
10901,1028,2026-04-02,Deposit,iOS,506
10902,1290,2026-02-10,Login,Android,220
10903,1181,2026-03-18,Login,Web,78
10904,1315,2025-07-08,Login,Android,63
10905,1266,2026-01-18,Login,iOS,283
10906,1083,2026-04-16,Login,Web,371
10907,1349,2026-04-07,Login,Web,124
10908,1253,2026-04-05,Deposit,Android,268
10909,1258,2025-09-12,Login,Android,145
10910,1048,2025-12-06,View_Portfolio,iOS,28
10911,1134,2026-03-30,Withdrawal,iOS,569
10912,1300,2026-04-22,Login,Web,231
10913,1438,2026-04-11,Login,iOS,193
10914,1199,2026-04-21,Login,iOS,335
10915,1292,2026-05-03,Login,Android,326
10916,1136,2026-04-18,Login,iOS,185
10917,1083,2025-11-05,Deposit,Web,40
10918,1266,2026-04-15,Login,iOS,179
10919,1417,2026-03-04,View_Portfolio,Android,222
10920,1485,2026-03-01,View_Statement,Android,561
10921,1358,2026-04-26,Withdrawal,Web,448
10922,1219,2026-03-31,View_Portfolio,iOS,344
10923,1349,2026-04-25,Login,iOS,286
10924,1019,2026-04-14,Withdrawal,Android,308
10925,1018,2025-10-15,Login,Android,471
10926,1371,2025-12-12,View_Statement,iOS,323
10927,1179,2025-11-05,Withdrawal,iOS,175
10928,1023,2026-04-21,Login,iOS,137
10929,1385,2026-02-24,View_Portfolio,iOS,536
10930,1315,2025-07-18,Login,Android,46
10931,1244,2026-02-25,Login,Android,103
10932,1107,2026-04-01,View_Portfolio,Android,108
10933,1131,2026-04-17,Login,iOS,172
10934,1010,2026-04-29,Withdrawal,Web,51
10935,1379,2025-12-29,Login,Android,61
10936,1199,2026-05-04,Login,iOS,549
10937,1305,2025-12-05,Withdrawal,iOS,242
10938,1312,2026-05-01,View_Statement,Android,403
10939,1090,2026-04-11,Login,Android,212
10940,1144,2026-01-15,Login,Android,11
10941,1295,2026-01-07,Deposit,Android,395
10942,1109,2026-02-23,Deposit,iOS,503
10943,1352,2026-04-02,Deposit,iOS,90
10944,1204,2026-04-21,View_Portfolio,iOS,497
10945,1044,2026-03-29,View_Portfolio,Web,470
10946,1008,2026-04-20,Deposit,Android,331
10947,1392,2025-07-01,Login,Web,194
10948,1301,2025-12-24,Login,iOS,61
10949,1395,2026-04-18,Deposit,Android,420
10950,1353,2026-02-18,View_Statement,Android,430
10951,1153,2026-01-31,Deposit,iOS,234
10952,1017,2026-04-14,Deposit,Android,38
10953,1479,2026-04-25,Withdrawal,Android,589
10954,1339,2025-12-03,Login,Web,377
10955,1237,2025-12-16,Login,iOS,487
10956,1439,2025-10-15,Login,Android,431
10957,1335,2025-10-31,View_Statement,Web,130
10958,1056,2025-06-01,View_Portfolio,Android,441
10959,1044,2026-04-19,Withdrawal,iOS,514
10960,1309,2026-05-04,Login,iOS,130
10961,1241,2026-04-21,Deposit,Web,194
10962,1419,2026-04-03,Login,iOS,480
10963,1039,2026-02-25,Withdrawal,Web,276
10964,1130,2026-02-01,Deposit,iOS,556
10965,1098,2026-04-14,Login,Web,475
10966,1281,2025-10-22,Login,Android,373
10967,1422,2026-02-10,Deposit,Web,318
10968,1452,2025-08-20,Withdrawal,iOS,515
10969,1080,2025-09-01,Login,Android,460
10970,1288,2025-12-19,View_Portfolio,iOS,296
10971,1335,2025-09-29,View_Portfolio,iOS,408
10972,1234,2026-04-26,Withdrawal,Android,236
10973,1334,2025-09-19,Withdrawal,iOS,271
10974,1169,2026-04-11,Login,Android,230
10975,1079,2026-03-12,View_Statement,iOS,160
10976,1071,2025-10-20,Login,Android,36
10977,1263,2025-10-18,Login,Android,524
10978,1200,2025-11-12,Deposit,iOS,412
10979,1211,2026-04-04,Login,iOS,420
10980,1018,2025-10-04,View_Statement,iOS,451
10981,1273,2026-04-11,Deposit,iOS,508
10982,1210,2025-08-19,Login,iOS,370
10983,1467,2025-06-11,View_Statement,Android,438
10984,1117,2026-03-24,Deposit,Android,279
10985,1104,2025-12-10,Deposit,Android,186
10986,1077,2025-09-27,Login,Android,65
10987,1315,2025-08-09,View_Portfolio,Android,147
10988,1011,2025-07-13,Login,iOS,175
10989,1381,2025-10-03,Login,Android,165
10990,1051,2026-04-08,Deposit,iOS,534
10991,1007,2025-10-12,View_Statement,iOS,514
10992,1411,2025-11-22,Login,iOS,485
10993,1443,2025-11-29,Login,Android,246
10994,1037,2026-04-16,Withdrawal,iOS,264
10995,1261,2026-03-22,View_Portfolio,iOS,462
10996,1062,2026-04-04,Deposit,iOS,284
10997,1200,2026-02-16,View_Portfolio,iOS,235
10998,1330,2025-12-17,Login,Android,392
10999,1485,2026-03-24,Login,Android,201
11000,1090,2025-11-04,Deposit,iOS,360
11001,1079,2026-04-02,Login,iOS,418
11002,1055,2026-03-23,Login,Android,202
11003,1400,2026-03-04,Login,Web,223
11004,1221,2025-11-02,Login,Android,431
11005,1092,2026-04-19,Withdrawal,Android,249
11006,1074,2026-04-22,Withdrawal,Android,114
11007,1056,2026-01-17,Deposit,iOS,371
11008,1232,2026-02-04,Login,Web,410
11009,1179,2026-03-14,Deposit,iOS,173
11010,1452,2026-01-22,View_Statement,Android,549
11011,1430,2026-04-29,Deposit,Web,126
11012,1061,2026-02-01,Withdrawal,iOS,402
11013,1360,2026-04-11,Login,iOS,148
11014,1117,2026-04-19,Login,Android,56
11015,1078,2025-07-28,Login,Android,445
11016,1236,2026-03-03,Deposit,Web,478
11017,1033,2026-02-16,Withdrawal,Android,468
11018,1055,2026-02-04,View_Portfolio,iOS,14
11019,1243,2026-04-10,Withdrawal,iOS,89
11020,1274,2026-03-08,View_Statement,Android,85
11021,1396,2025-12-04,Login,Android,213
11022,1074,2025-11-05,View_Portfolio,iOS,588
11023,1021,2025-07-08,Withdrawal,Android,190
11024,1353,2026-03-18,Login,Web,79
11025,1462,2026-02-16,Withdrawal,Android,59
11026,1201,2026-04-16,Deposit,iOS,425
11027,1154,2025-10-23,Login,iOS,222
11028,1254,2025-06-29,Login,iOS,193
11029,1207,2025-09-22,Deposit,Android,203
11030,1149,2026-03-02,Login,Android,121
11031,1406,2026-01-05,Login,iOS,484
11032,1183,2026-04-20,View_Portfolio,Android,96
11033,1302,2026-03-24,Deposit,Android,274
11034,1297,2025-11-21,Login,iOS,557
11035,1491,2026-04-06,Deposit,iOS,278
11036,1261,2026-04-30,View_Portfolio,Android,499
11037,1044,2026-03-02,Login,Android,312
11038,1144,2026-01-04,Login,Android,500
11039,1244,2026-01-22,View_Portfolio,Android,598
11040,1419,2026-03-26,Login,iOS,126
11041,1005,2026-03-22,Withdrawal,Web,527
11042,1062,2026-04-02,Deposit,Android,34
11043,1346,2025-09-18,Deposit,iOS,221
11044,1026,2025-10-23,View_Portfolio,Web,338
11045,1317,2025-11-18,View_Statement,Web,546
11046,1435,2026-02-18,View_Portfolio,iOS,594
11047,1325,2025-09-23,Login,Web,306
11048,1184,2026-04-16,Login,iOS,65
11049,1306,2025-06-26,Deposit,iOS,476
11050,1381,2025-06-03,Withdrawal,iOS,53
11051,1036,2025-10-09,Deposit,iOS,375
11052,1408,2025-11-19,View_Statement,Android,527
11053,1463,2026-03-01,Login,Android,424
11054,1030,2025-10-17,Login,Web,508
11055,1069,2026-02-02,Login,iOS,361
11056,1232,2025-12-20,Withdrawal,Android,210
11057,1176,2025-12-25,Deposit,Android,130
11058,1278,2025-10-18,Login,iOS,569
11059,1033,2026-04-17,View_Portfolio,Android,355
11060,1069,2026-03-04,Login,Android,15
11061,1352,2025-10-30,Login,Android,46
11062,1255,2026-04-04,Login,Web,500
11063,1050,2026-04-12,View_Statement,Web,235
11064,1496,2026-03-10,View_Statement,Android,380
11065,1023,2026-04-24,Login,iOS,158
11066,1254,2025-07-31,Login,Web,243
11067,1394,2026-02-09,Deposit,Android,573
11068,1164,2025-11-30,Withdrawal,Android,100
11069,1370,2025-08-08,Deposit,iOS,76
11070,1273,2026-04-17,Deposit,Web,43
11071,1181,2026-01-22,Withdrawal,Android,188
11072,1347,2026-01-03,View_Statement,Android,158
11073,1250,2026-05-04,Withdrawal,iOS,468
11074,1237,2025-08-04,Login,Android,421
11075,1392,2025-08-25,Withdrawal,iOS,13
11076,1232,2026-03-16,Login,iOS,313
11077,1428,2026-04-16,Deposit,iOS,350
11078,1445,2026-04-23,Deposit,iOS,238
11079,1122,2026-05-01,View_Portfolio,iOS,58
11080,1242,2026-04-11,Login,Android,116
11081,1134,2026-04-21,View_Portfolio,Android,205
11082,1071,2025-08-09,Withdrawal,iOS,315
11083,1346,2026-03-14,Login,Android,193
11084,1465,2026-05-02,Login,iOS,274
11085,1421,2026-01-21,Login,Web,369
11086,1310,2025-09-01,View_Portfolio,iOS,129
11087,1279,2026-03-09,Login,iOS,38
11088,1219,2026-04-26,Login,Android,528
11089,1185,2026-04-23,Login,iOS,411
11090,1307,2026-03-06,Deposit,iOS,459
11091,1488,2026-02-24,Deposit,Android,564
11092,1314,2026-03-28,Login,Android,550
11093,1403,2026-01-15,View_Statement,iOS,410
11094,1411,2026-04-17,View_Portfolio,Android,168
11095,1217,2025-09-30,Login,iOS,463
11096,1488,2025-09-15,Deposit,iOS,504
11097,1281,2025-08-29,Deposit,iOS,420
11098,1405,2025-06-10,View_Portfolio,Web,413
11099,1379,2025-11-14,Deposit,iOS,311
11100,1281,2025-07-07,Deposit,iOS,590
11101,1125,2026-04-10,Deposit,iOS,78
11102,1179,2025-12-07,View_Portfolio,Android,458
11103,1327,2026-03-01,Deposit,Android,413
11104,1035,2025-12-08,View_Portfolio,Android,572
11105,1070,2026-03-04,Login,iOS,344
11106,1360,2026-02-03,View_Statement,Android,263
11107,1178,2026-04-17,View_Portfolio,iOS,340
11108,1399,2025-10-15,View_Portfolio,iOS,553
11109,1408,2025-11-09,Login,Android,293
11110,1049,2026-01-28,Login,Android,154
11111,1068,2025-10-21,View_Statement,Android,203
11112,1007,2025-09-02,View_Statement,Android,100
11113,1094,2026-04-15,Login,iOS,274
11114,1384,2026-04-16,Deposit,Web,573
11115,1081,2025-12-23,Login,iOS,348
11116,1438,2026-04-06,Login,iOS,173
11117,1250,2026-05-03,Login,Web,578
11118,1038,2026-03-31,Login,Android,384
11119,1350,2026-04-09,Deposit,iOS,486
11120,1045,2025-10-22,Login,Android,532
11121,1359,2026-03-20,View_Statement,Web,41
11122,1137,2026-04-24,Deposit,iOS,134
11123,1311,2025-09-29,Login,iOS,481
11124,1467,2025-08-28,View_Statement,iOS,73
11125,1308,2026-05-04,Deposit,iOS,292
11126,1461,2025-12-10,Login,Android,105
11127,1367,2026-04-01,Deposit,iOS,118
11128,1305,2025-07-05,Deposit,iOS,373
11129,1229,2026-03-26,View_Portfolio,iOS,132
11130,1183,2026-03-06,Withdrawal,iOS,388
11131,1467,2025-06-29,Login,iOS,132
11132,1326,2026-04-30,Deposit,iOS,185
11133,1204,2026-03-20,Deposit,Android,364
11134,1463,2026-04-29,Deposit,iOS,126
11135,1111,2025-10-13,Login,iOS,299
11136,1387,2026-01-24,View_Statement,iOS,563
11137,1068,2025-10-06,Withdrawal,Web,358
11138,1357,2026-02-13,Deposit,iOS,155
11139,1038,2026-02-09,Deposit,iOS,207
11140,1198,2026-02-03,Login,iOS,228
11141,1305,2025-09-10,Deposit,Web,176
11142,1092,2026-04-04,Withdrawal,iOS,320
11143,1264,2026-01-24,Deposit,Android,396
11144,1243,2026-03-12,Deposit,iOS,285
11145,1116,2026-03-23,Deposit,iOS,130
11146,1095,2026-03-15,View_Portfolio,iOS,75
11147,1213,2026-05-04,View_Portfolio,Android,142
11148,1246,2026-04-20,View_Portfolio,Android,243
11149,1173,2026-04-30,Login,Android,62
11150,1285,2026-03-12,Deposit,Web,214
11151,1079,2025-12-24,View_Portfolio,iOS,590
11152,1433,2026-04-18,Deposit,iOS,76
11153,1280,2026-01-06,View_Portfolio,Android,319
11154,1149,2026-03-22,View_Portfolio,iOS,244
11155,1369,2025-06-24,Login,Web,28
11156,1279,2026-04-19,Login,Web,588
11157,1351,2026-03-13,Deposit,iOS,146
11158,1226,2025-09-09,Login,Android,192
11159,1412,2026-03-20,View_Statement,iOS,260
11160,1416,2025-09-16,Login,iOS,32
11161,1406,2026-03-14,Login,Android,340
11162,1446,2026-02-25,View_Statement,iOS,530
11163,1323,2025-06-25,Login,iOS,51
11164,1118,2025-11-06,Deposit,iOS,592
11165,1073,2025-07-17,Login,iOS,30
11166,1006,2025-09-16,View_Portfolio,iOS,121
11167,1321,2026-04-10,Login,Android,388
11168,1022,2026-04-26,Login,Android,531
11169,1179,2026-04-07,View_Statement,Android,199
11170,1196,2026-02-18,Login,iOS,109
11171,1109,2026-04-03,Withdrawal,iOS,588
11172,1372,2025-07-08,Login,iOS,364
11173,1185,2026-05-02,Login,Web,502
11174,1456,2026-01-22,View_Portfolio,iOS,21
11175,1055,2026-02-07,Login,iOS,52
11176,1229,2026-04-08,Login,iOS,11
11177,1426,2026-03-02,View_Portfolio,iOS,341
11178,1436,2026-04-22,Deposit,Android,575
11179,1445,2025-11-07,Withdrawal,iOS,166
11180,1019,2025-10-31,Login,Android,81
11181,1364,2026-04-13,Withdrawal,Web,280
11182,1385,2026-02-24,Login,Web,35
11183,1425,2025-08-21,View_Portfolio,iOS,441
11184,1447,2026-03-10,Deposit,iOS,178
11185,1216,2026-02-10,Withdrawal,Android,257
11186,1048,2026-03-09,Login,Web,77
11187,1465,2026-04-28,Login,Android,149
11188,1160,2025-10-19,View_Portfolio,iOS,443
11189,1434,2026-03-04,View_Statement,iOS,510
11190,1398,2026-04-09,Login,iOS,212
11191,1273,2025-12-28,View_Portfolio,iOS,62
11192,1096,2026-01-13,Login,iOS,187
11193,1481,2026-03-21,Deposit,Android,551
11194,1030,2025-10-01,View_Statement,Android,490
11195,1121,2025-12-15,View_Statement,iOS,424
11196,1367,2026-04-20,Login,iOS,318
11197,1435,2026-04-21,Login,iOS,219
11198,1354,2026-04-22,Login,iOS,364
11199,1476,2026-03-12,Deposit,Web,193
11200,1190,2026-04-14,Login,Android,170
11201,1152,2026-04-24,Login,iOS,168
11202,1376,2026-04-09,Login,Android,461
11203,1255,2025-11-01,Login,iOS,288
11204,1191,2025-09-05,View_Statement,Android,110
11205,1142,2025-06-06,Deposit,iOS,182
11206,1246,2026-04-20,Login,iOS,118
11207,1034,2026-04-15,Deposit,iOS,369
11208,1187,2025-11-27,View_Statement,iOS,382
11209,1367,2026-04-16,Deposit,iOS,239
11210,1449,2025-10-16,Deposit,Android,19
11211,1086,2025-11-10,View_Statement,iOS,509
11212,1161,2026-01-23,Deposit,Android,231
11213,1364,2025-09-13,Withdrawal,Android,131
11214,1118,2025-11-08,Deposit,Android,293
11215,1111,2025-12-12,View_Statement,iOS,89
11216,1058,2025-11-26,Deposit,iOS,525
11217,1018,2025-11-09,View_Portfolio,Web,126
11218,1367,2026-04-12,Deposit,Android,205
11219,1359,2026-02-25,Withdrawal,Android,544
11220,1140,2025-08-19,Login,iOS,369
11221,1458,2026-04-29,View_Statement,iOS,261
11222,1194,2026-01-05,Deposit,Android,443
11223,1130,2026-03-03,Login,iOS,86
11224,1454,2026-02-16,Login,Android,545
11225,1212,2026-03-21,Withdrawal,Android,437
11226,1486,2026-04-02,Login,Android,586
11227,1284,2026-03-15,Withdrawal,Android,310
11228,1120,2025-10-03,Login,Android,507
11229,1379,2025-08-20,Deposit,Android,374
11230,1042,2025-10-15,Login,Android,514
11231,1003,2026-04-05,Login,iOS,193
11232,1432,2026-02-19,Deposit,Android,188
11233,1229,2026-03-05,Withdrawal,Android,295
11234,1229,2026-03-26,Login,iOS,526
11235,1490,2026-04-14,Login,Android,247
11236,1473,2026-03-29,Login,iOS,430
11237,1343,2026-01-10,View_Portfolio,iOS,158
11238,1141,2026-03-11,Deposit,Android,235
11239,1057,2026-02-04,Deposit,Web,136
11240,1216,2025-12-09,View_Statement,iOS,591
11241,1131,2026-03-25,Withdrawal,Android,53
11242,1114,2026-04-03,View_Statement,Android,349
11243,1191,2025-08-26,Deposit,Web,458
11244,1243,2026-04-29,Login,Android,424
11245,1294,2026-04-20,Withdrawal,iOS,262
11246,1315,2026-04-07,Login,Web,76
11247,1028,2026-04-16,Login,Android,345
11248,1026,2026-01-03,Deposit,iOS,471
11249,1084,2025-08-26,Login,Android,588
11250,1347,2026-04-18,Login,iOS,530
11251,1321,2026-02-16,Login,Android,498
11252,1330,2025-10-08,View_Portfolio,Android,75
11253,1202,2025-07-27,Login,iOS,308
11254,1061,2026-01-07,Login,Android,453
11255,1185,2026-04-25,View_Portfolio,iOS,332
11256,1246,2026-04-09,Login,iOS,342
11257,1001,2026-04-10,View_Statement,Android,40
11258,1416,2025-08-25,Login,Web,177
11259,1243,2026-02-14,View_Portfolio,iOS,114
11260,1032,2025-11-15,Login,Android,31
11261,1235,2025-07-19,Login,Android,134
11262,1411,2025-11-21,View_Portfolio,Android,428
11263,1397,2026-05-01,View_Statement,Android,109
11264,1017,2026-02-26,Withdrawal,Web,336
11265,1412,2026-01-01,View_Portfolio,iOS,443
11266,1089,2026-03-04,Login,Web,49
11267,1052,2026-01-26,View_Portfolio,Android,377
11268,1370,2025-09-26,Deposit,Android,532
11269,1164,2026-01-03,Deposit,iOS,50
11270,1303,2026-04-24,Deposit,iOS,13
11271,1450,2025-09-29,Login,iOS,482
11272,1416,2026-02-22,Withdrawal,Android,12
11273,1032,2025-12-21,Login,iOS,385
11274,1198,2026-04-18,Deposit,Android,206
11275,1351,2026-04-17,Login,Android,171
11276,1379,2026-04-22,Withdrawal,Android,597
11277,1439,2025-07-28,Login,Android,574
11278,1201,2026-04-30,Login,iOS,303
11279,1107,2025-11-30,Login,Android,472
11280,1500,2026-03-14,Login,iOS,350
11281,1384,2025-12-23,Login,Web,13
11282,1336,2025-11-29,Login,Android,387
11283,1345,2026-04-02,Login,Android,595
11284,1296,2025-11-02,Login,iOS,312
11285,1028,2026-02-18,View_Statement,iOS,420
11286,1337,2026-02-18,Login,Android,116
11287,1287,2026-05-04,Withdrawal,iOS,293
11288,1119,2026-02-04,Deposit,Android,595
11289,1343,2026-02-19,Deposit,iOS,398
11290,1031,2026-04-27,Login,Android,413
11291,1154,2026-02-16,Login,Android,103
11292,1260,2025-12-10,View_Portfolio,Android,554
11293,1487,2026-04-24,Deposit,Android,201
11294,1107,2026-01-16,Deposit,Android,462
11295,1251,2026-04-11,Deposit,Android,198
11296,1363,2026-01-09,Deposit,iOS,67
11297,1107,2025-10-06,View_Portfolio,iOS,252
11298,1442,2026-01-10,Withdrawal,Android,88
11299,1117,2026-03-24,Login,Android,315
11300,1245,2026-02-17,View_Portfolio,Android,289
11301,1079,2026-01-28,Deposit,Web,21
11302,1229,2026-02-17,Deposit,Android,294
11303,1486,2026-04-26,View_Portfolio,iOS,271
11304,1023,2026-05-03,Deposit,Web,120
11305,1197,2026-04-05,View_Portfolio,iOS,410
11306,1361,2026-03-05,Deposit,iOS,322
11307,1188,2026-03-14,Deposit,iOS,41
11308,1427,2026-03-11,View_Portfolio,iOS,98
11309,1217,2026-03-09,Login,Web,390
11310,1478,2026-04-24,Deposit,iOS,556
11311,1247,2025-09-05,Login,iOS,548
11312,1154,2026-02-22,Login,iOS,172
11313,1195,2025-09-03,Deposit,Android,27
11314,1116,2026-03-05,Login,iOS,359
11315,1196,2026-03-03,Login,iOS,537
11316,1055,2026-02-02,View_Statement,iOS,326
11317,1175,2026-04-11,Login,iOS,386
11318,1466,2026-03-06,Deposit,iOS,239
11319,1443,2026-02-02,Deposit,Web,391
11320,1485,2026-05-02,Login,Android,138
11321,1459,2026-04-21,Withdrawal,iOS,82
11322,1459,2026-05-04,Deposit,Android,493
11323,1484,2026-04-01,Login,iOS,501
11324,1144,2026-02-18,Login,Android,438
11325,1314,2026-01-21,Login,iOS,323
11326,1363,2026-03-21,View_Portfolio,iOS,541
11327,1217,2026-02-15,Login,Android,502
11328,1257,2026-03-15,Login,Android,181
11329,1127,2026-02-06,Login,Android,311
11330,1474,2026-04-30,View_Portfolio,iOS,391
11331,1173,2026-03-28,Withdrawal,Web,369
11332,1094,2026-04-25,View_Portfolio,iOS,514
11333,1499,2026-01-04,View_Statement,iOS,373
11334,1390,2025-10-21,View_Statement,Android,281
11335,1219,2026-05-02,Deposit,iOS,432
11336,1052,2026-04-13,Deposit,iOS,362
11337,1019,2025-12-07,View_Portfolio,Android,550
11338,1358,2026-04-24,Login,iOS,305
11339,1237,2025-12-11,Login,Android,336
11340,1171,2025-11-20,Login,Android,118
11341,1275,2026-01-29,Withdrawal,Android,320
11342,1295,2026-02-15,Login,iOS,35
11343,1364,2026-03-31,View_Portfolio,Web,404
11344,1160,2026-03-19,View_Portfolio,iOS,255
11345,1240,2025-12-11,Login,Web,290
11346,1065,2026-04-23,Login,iOS,179
11347,1217,2026-04-13,Login,iOS,185
11348,1047,2026-04-20,Login,Android,523
11349,1397,2026-03-14,Deposit,Web,266
11350,1074,2026-02-28,Deposit,Android,143
11351,1466,2025-11-19,View_Portfolio,iOS,512
11352,1164,2026-01-02,Login,iOS,49
11353,1470,2025-08-03,Withdrawal,iOS,301
11354,1198,2025-12-27,Deposit,iOS,266
11355,1411,2025-12-20,Withdrawal,Android,506
11356,1328,2026-04-19,Login,Web,536
11357,1408,2025-11-04,Deposit,Android,202
11358,1148,2026-01-07,Login,Android,34
11359,1086,2026-03-15,Login,Android,599
11360,1009,2026-01-01,Login,Android,352
11361,1253,2026-04-20,Deposit,Android,455
11362,1232,2025-12-24,Login,Android,80
11363,1376,2026-02-15,View_Portfolio,Android,276
11364,1498,2025-12-14,View_Statement,Android,345
11365,1423,2025-09-18,Deposit,Web,303
11366,1467,2025-09-04,Login,Web,402
11367,1247,2025-08-13,Withdrawal,Android,13
11368,1370,2025-07-02,Login,iOS,577
11369,1001,2026-04-30,Withdrawal,Android,113
11370,1267,2026-01-14,Deposit,iOS,160
11371,1105,2026-04-28,Login,Android,383
11372,1234,2026-05-03,Login,Android,13
11373,1458,2026-05-03,Deposit,Android,433
11374,1257,2026-03-04,Withdrawal,Web,105
11375,1475,2026-01-22,Login,Web,189
11376,1081,2026-04-21,Login,Android,239
11377,1123,2025-11-25,Login,Web,363
11378,1492,2026-03-16,Deposit,Android,581
11379,1172,2025-06-11,Deposit,iOS,296
11380,1307,2026-01-17,View_Statement,iOS,425
11381,1273,2026-01-15,Withdrawal,iOS,45
11382,1359,2026-02-01,View_Portfolio,Android,438
11383,1247,2026-04-30,Login,Android,556
11384,1363,2026-05-04,Login,Android,453
11385,1376,2026-02-18,Deposit,Android,536
11386,1194,2026-04-19,Login,iOS,65
11387,1112,2025-09-26,View_Portfolio,Web,366
11388,1023,2026-04-24,View_Portfolio,iOS,252
11389,1425,2025-07-05,Login,Web,32
11390,1382,2026-04-05,View_Portfolio,Web,244
11391,1315,2025-10-13,Login,Android,336
11392,1202,2025-06-05,Login,iOS,159
11393,1106,2026-03-23,Login,iOS,557
11394,1094,2026-04-14,Deposit,Android,176
11395,1483,2026-03-05,View_Portfolio,iOS,101
11396,1025,2026-04-27,Login,iOS,374
11397,1145,2025-11-01,View_Portfolio,Android,47
11398,1366,2026-03-05,Login,Android,429
11399,1019,2025-11-21,View_Statement,iOS,158
11400,1210,2026-01-21,View_Portfolio,Android,287
11401,1082,2025-12-31,Withdrawal,Android,416
11402,1046,2026-03-16,Deposit,Android,263
11403,1035,2025-10-08,Login,iOS,272
11404,1202,2025-07-20,Login,Web,542
11405,1023,2026-04-24,Deposit,Android,181
11406,1365,2025-10-01,Deposit,iOS,144
11407,1470,2026-01-09,Withdrawal,Android,590
11408,1300,2026-05-02,Login,iOS,156
11409,1265,2026-01-03,Deposit,Android,18
11410,1416,2026-03-04,Withdrawal,iOS,394
11411,1346,2025-08-23,Login,Android,573
11412,1349,2026-04-11,View_Portfolio,Android,244
11413,1187,2025-08-05,Deposit,iOS,348
11414,1298,2026-01-06,Login,iOS,280
11415,1190,2026-03-21,Login,Web,200
11416,1403,2026-01-18,Login,iOS,415
11417,1240,2025-11-07,Login,iOS,582
11418,1349,2026-04-16,Deposit,iOS,199
11419,1373,2025-09-12,View_Statement,iOS,534
11420,1127,2025-07-08,View_Portfolio,iOS,509
11421,1291,2026-04-30,Login,iOS,471
11422,1460,2026-04-21,View_Portfolio,Android,243
11423,1392,2025-08-28,View_Statement,Android,375
11424,1473,2026-04-08,Login,iOS,426
11425,1475,2026-02-23,View_Statement,Android,394
11426,1111,2026-03-12,View_Statement,iOS,212
11427,1043,2025-12-24,View_Portfolio,iOS,535
11428,1301,2025-10-11,Login,iOS,558
11429,1134,2026-04-28,Deposit,iOS,510
11430,1013,2025-09-28,Login,Web,535
11431,1011,2025-07-16,View_Statement,Web,121
11432,1102,2026-03-20,Login,Android,159
11433,1454,2025-09-21,View_Portfolio,iOS,296
11434,1197,2026-01-27,Login,Android,339
11435,1391,2026-03-08,Login,Web,161
11436,1055,2026-04-08,View_Statement,iOS,366
11437,1183,2026-03-09,View_Portfolio,iOS,43
11438,1019,2025-12-11,Login,Android,385
11439,1363,2026-01-03,View_Statement,Android,480
11440,1262,2025-10-16,View_Portfolio,iOS,312
11441,1473,2026-04-15,View_Statement,Web,514
11442,1009,2026-02-19,Deposit,Android,562
11443,1148,2026-02-18,View_Statement,iOS,353
11444,1025,2026-04-14,View_Portfolio,iOS,43
11445,1306,2025-10-05,View_Statement,Web,56
11446,1072,2026-02-17,Login,Android,541
11447,1434,2026-01-27,Deposit,iOS,281
11448,1485,2026-04-01,View_Portfolio,iOS,443
11449,1422,2026-03-22,Deposit,Android,402
11450,1322,2026-04-15,View_Portfolio,Android,373
11451,1057,2026-03-31,View_Statement,iOS,396
11452,1022,2026-05-04,View_Portfolio,iOS,467
11453,1312,2026-04-15,Login,iOS,522
11454,1036,2025-07-23,Login,Web,448
11455,1179,2025-12-30,Login,Web,272
11456,1068,2025-10-14,Withdrawal,Android,232
11457,1496,2025-09-02,Login,iOS,242
11458,1001,2026-04-17,Login,iOS,515
11459,1048,2026-01-09,Login,Android,537
11460,1417,2025-12-30,View_Portfolio,Android,287
11461,1152,2026-03-19,Login,Android,271
11462,1433,2026-04-16,Login,iOS,126
11463,1197,2026-02-01,Deposit,Android,10
11464,1058,2025-12-27,Login,Web,11
11465,1048,2026-01-25,Login,iOS,469
11466,1441,2025-12-11,Login,Android,79
11467,1448,2026-04-22,Deposit,Android,203
11468,1355,2026-02-05,Login,iOS,46
11469,1234,2026-04-29,View_Statement,Android,26
11470,1498,2026-01-13,Login,iOS,15
11471,1437,2026-04-23,View_Statement,Android,394
11472,1188,2026-03-01,View_Portfolio,Android,221
11473,1382,2026-04-17,View_Portfolio,Android,553
11474,1114,2026-04-12,Login,iOS,154
11475,1090,2026-02-25,Withdrawal,iOS,412
11476,1369,2025-09-09,View_Portfolio,Web,512
11477,1427,2026-03-12,Deposit,Web,58
11478,1169,2026-03-14,Deposit,iOS,150
11479,1363,2026-02-24,Login,iOS,522
11480,1410,2025-09-18,Deposit,iOS,559
11481,1443,2025-12-23,Login,iOS,47
11482,1361,2026-03-21,View_Statement,Android,557
11483,1177,2026-03-14,Withdrawal,iOS,211
11484,1500,2026-01-15,Login,iOS,313
11485,1192,2026-02-19,Deposit,Android,177
11486,1133,2026-03-13,Deposit,Android,192
11487,1172,2025-05-10,Login,Web,413
11488,1018,2025-08-29,Withdrawal,Android,262
11489,1251,2026-04-21,Login,Web,11
11490,1441,2025-12-13,Deposit,Android,521
11491,1473,2026-02-28,Deposit,iOS,485
11492,1112,2025-12-22,Login,Android,358
11493,1489,2026-05-04,Login,Android,510
11494,1040,2026-04-13,View_Portfolio,iOS,99
11495,1102,2026-01-01,Login,iOS,103
11496,1369,2025-11-25,Withdrawal,Android,326
11497,1174,2026-01-07,View_Portfolio,iOS,451
11498,1314,2026-02-24,Login,Android,322
11499,1341,2026-02-22,Login,Web,74
11500,1408,2025-11-07,View_Portfolio,iOS,421
11501,1412,2025-10-13,Deposit,Android,534
11502,1302,2026-03-28,View_Portfolio,Web,582
11503,1196,2026-03-31,Login,iOS,478
11504,1072,2026-01-14,View_Portfolio,iOS,561
11505,1182,2026-04-28,Login,iOS,404
11506,1241,2025-12-21,View_Portfolio,iOS,206
11507,1289,2026-02-20,View_Portfolio,Android,22
11508,1323,2026-01-03,Deposit,Android,213
11509,1113,2026-04-08,Deposit,Android,554
11510,1340,2025-12-13,Login,iOS,103
11511,1163,2026-04-24,Login,iOS,460
11512,1039,2026-02-14,Deposit,Android,569
11513,1235,2025-09-09,Withdrawal,Android,488
11514,1431,2026-02-03,View_Statement,iOS,340
11515,1071,2026-01-20,View_Portfolio,iOS,302
11516,1219,2026-02-21,Deposit,Android,246
11517,1005,2026-04-19,Withdrawal,iOS,432
11518,1241,2026-05-03,Login,Android,380
11519,1165,2025-10-05,Deposit,iOS,219
11520,1001,2026-04-12,Deposit,iOS,445
11521,1470,2026-03-02,View_Statement,iOS,532
11522,1381,2025-06-05,Login,Android,243
11523,1184,2026-03-12,Login,Android,206
11524,1391,2026-03-25,Login,iOS,33
11525,1369,2025-12-09,Withdrawal,iOS,75
11526,1448,2026-05-04,Login,iOS,235
11527,1008,2026-05-01,View_Portfolio,iOS,371
11528,1108,2026-04-10,Deposit,iOS,523
11529,1382,2026-04-21,Login,iOS,253
11530,1382,2026-04-14,View_Portfolio,iOS,267
11531,1478,2026-04-21,Deposit,Android,372
11532,1448,2026-04-08,Withdrawal,Web,125
11533,1185,2026-05-02,Withdrawal,iOS,116
11534,1284,2026-03-06,Withdrawal,iOS,580
11535,1154,2026-01-04,View_Portfolio,iOS,170
11536,1034,2026-04-18,View_Portfolio,iOS,191
11537,1497,2025-12-09,Withdrawal,Web,296
11538,1352,2025-12-06,View_Statement,iOS,540
11539,1022,2026-02-20,Login,iOS,290
11540,1380,2026-04-29,View_Statement,Android,428
11541,1148,2026-02-15,Login,Android,574
11542,1398,2026-04-23,Login,Android,558
11543,1151,2026-02-06,View_Portfolio,Web,564
11544,1067,2026-02-10,Deposit,iOS,396
11545,1403,2025-10-01,Deposit,iOS,568
11546,1078,2025-09-14,Login,iOS,67
11547,1232,2026-04-07,Login,Android,243
11548,1039,2025-12-12,Login,Android,140
11549,1165,2025-08-08,Login,Android,592
11550,1099,2026-01-16,Deposit,iOS,342
11551,1129,2025-09-03,Withdrawal,iOS,264
11552,1019,2026-04-11,Withdrawal,Android,322
11553,1271,2026-04-21,Login,Android,33
11554,1473,2026-04-02,View_Statement,Android,160
11555,1001,2026-04-04,Login,iOS,181
11556,1287,2026-04-30,Login,Web,132
11557,1485,2026-03-02,View_Statement,iOS,283
11558,1180,2025-07-21,Deposit,Android,264
11559,1427,2026-01-20,View_Statement,Android,177
11560,1256,2026-01-03,Login,Web,93
11561,1174,2026-02-08,View_Portfolio,iOS,335
11562,1342,2026-03-13,Login,iOS,251
11563,1050,2025-12-22,View_Portfolio,iOS,591
11564,1020,2026-04-17,Login,Android,379
11565,1105,2026-03-14,Login,iOS,282
11566,1190,2026-04-07,Login,iOS,457
11567,1239,2025-12-12,Deposit,Web,132
11568,1043,2025-12-16,Login,Web,262
11569,1005,2026-04-09,View_Statement,iOS,34
11570,1463,2025-10-23,View_Portfolio,iOS,565
11571,1248,2026-04-16,View_Portfolio,iOS,487
11572,1066,2026-01-13,View_Portfolio,Android,500
11573,1396,2026-05-03,View_Portfolio,Android,561
11574,1251,2026-04-29,View_Portfolio,iOS,521
11575,1128,2025-09-29,View_Statement,iOS,53
11576,1185,2026-04-28,View_Statement,iOS,441
11577,1188,2025-11-14,Login,iOS,450
11578,1183,2026-03-01,Login,Web,307
11579,1071,2026-02-04,Deposit,iOS,148
11580,1066,2026-04-04,Login,Android,293
11581,1456,2026-04-30,Login,Web,181
11582,1329,2025-09-07,View_Portfolio,Android,541
11583,1250,2026-05-03,Deposit,iOS,137
11584,1155,2026-03-24,Withdrawal,iOS,395
11585,1412,2025-11-15,View_Statement,Web,554
11586,1421,2026-01-05,Withdrawal,iOS,403
11587,1079,2026-04-10,Deposit,Web,92
11588,1019,2026-03-24,Login,iOS,418
11589,1478,2026-04-26,Login,iOS,356
11590,1435,2026-03-20,Login,Android,556
11591,1269,2026-05-03,Login,Android,244
11592,1045,2026-02-03,Login,iOS,555
11593,1262,2025-09-09,View_Portfolio,iOS,145
11594,1222,2026-04-17,Withdrawal,Web,98
11595,1129,2025-08-19,Deposit,iOS,226
11596,1106,2026-04-17,View_Statement,iOS,566
11597,1251,2026-04-28,Login,iOS,256
11598,1121,2025-12-07,Deposit,Android,517
11599,1230,2026-03-22,Login,Web,151
11600,1281,2025-07-26,View_Portfolio,iOS,189
11601,1227,2026-03-09,Deposit,iOS,244
11602,1410,2025-10-18,Login,iOS,569
11603,1397,2026-04-17,Login,Android,251
11604,1275,2026-05-01,View_Portfolio,Android,252
11605,1138,2026-01-30,Login,iOS,248
11606,1173,2026-04-10,View_Statement,iOS,189
11607,1327,2026-04-08,Login,iOS,301
11608,1271,2026-04-10,Login,iOS,60
11609,1215,2026-04-16,Login,iOS,425
11610,1228,2025-12-16,Deposit,Web,493
11611,1107,2026-02-24,Deposit,iOS,436
11612,1159,2026-05-03,Deposit,Android,493
11613,1382,2026-04-30,Deposit,iOS,14
11614,1136,2026-04-28,Deposit,Web,405
11615,1251,2026-04-10,Login,iOS,476
11616,1030,2025-09-09,Login,iOS,241
11617,1098,2026-04-10,Deposit,iOS,172
11618,1097,2026-04-25,Deposit,Android,393
11619,1257,2026-02-15,Login,iOS,595
11620,1272,2026-05-04,View_Portfolio,Web,549
11621,1370,2025-08-25,Withdrawal,Android,362
11622,1011,2025-08-16,Login,Android,436
11623,1411,2026-04-21,Deposit,iOS,108
11624,1342,2025-10-07,View_Statement,iOS,538
11625,1168,2025-06-09,Login,iOS,212
11626,1211,2026-04-12,View_Portfolio,iOS,173
11627,1172,2025-06-02,Deposit,iOS,558
11628,1326,2026-04-27,Deposit,Web,155
11629,1120,2026-03-18,Withdrawal,Android,296
11630,1185,2026-04-23,Deposit,Android,74
11631,1432,2025-12-19,Login,iOS,168
11632,1424,2025-10-15,View_Statement,iOS,125
11633,1039,2026-03-01,Withdrawal,iOS,49
11634,1468,2026-04-23,Deposit,Android,292
11635,1387,2026-04-27,Deposit,iOS,509
11636,1439,2026-03-30,Deposit,Android,369
11637,1257,2025-12-19,View_Portfolio,Android,24
11638,1279,2026-03-22,Login,Android,156
11639,1230,2026-02-04,View_Portfolio,iOS,77
11640,1451,2025-08-27,Login,iOS,152
11641,1446,2026-03-07,Deposit,Android,238
11642,1115,2026-01-11,Login,Web,512
11643,1418,2025-11-09,Withdrawal,Web,444
11644,1401,2025-09-12,Login,Android,22
11645,1304,2026-04-27,Deposit,Web,68
11646,1091,2026-02-02,View_Portfolio,iOS,463
11647,1309,2025-12-14,Deposit,iOS,578
11648,1061,2026-04-08,Login,iOS,359
11649,1103,2026-04-29,Login,Android,109
11650,1215,2026-04-06,Deposit,iOS,296
11651,1102,2026-03-08,Login,iOS,278
11652,1395,2026-04-17,Login,Android,358
11653,1143,2025-11-25,Deposit,iOS,506
11654,1090,2025-12-03,Login,Android,65
11655,1118,2025-12-03,Login,iOS,311
11656,1139,2026-04-28,Deposit,Web,509
11657,1391,2026-03-05,Login,Web,469
11658,1303,2026-04-27,Login,Web,198
11659,1240,2026-02-01,Deposit,Android,371
11660,1136,2026-04-26,Login,Android,205
11661,1005,2025-12-29,Login,iOS,538
11662,1209,2026-03-12,Withdrawal,Android,157
11663,1087,2025-09-30,Deposit,Android,102
11664,1450,2025-06-25,Login,iOS,482
11665,1347,2026-02-06,Deposit,Android,415
11666,1319,2025-07-17,View_Statement,iOS,467
11667,1277,2026-04-10,View_Statement,iOS,218
11668,1455,2026-04-16,Deposit,iOS,567
11669,1375,2026-05-04,Login,Android,377
11670,1121,2026-03-24,Deposit,Web,451
11671,1245,2026-01-31,Login,Android,221
11672,1358,2026-04-30,Deposit,iOS,523
11673,1090,2025-09-05,View_Statement,Web,573
11674,1478,2026-04-07,Deposit,iOS,294
11675,1140,2025-07-01,Deposit,iOS,15
11676,1112,2025-11-19,Login,Web,157
11677,1395,2026-05-04,Login,Android,476
11678,1438,2026-03-27,View_Statement,Android,31
11679,1465,2026-04-22,Login,iOS,444
11680,1394,2026-02-06,Login,iOS,23
11681,1375,2026-04-23,Deposit,iOS,386
11682,1240,2025-11-30,Withdrawal,Android,527
11683,1272,2026-04-27,Login,iOS,286
11684,1143,2025-10-28,Deposit,iOS,415
11685,1442,2025-09-18,Login,iOS,191
11686,1207,2025-09-28,Deposit,Android,375
11687,1119,2026-04-03,Login,iOS,310
11688,1084,2025-11-14,Deposit,Web,513
11689,1388,2025-09-09,Login,iOS,319
11690,1480,2026-01-03,View_Portfolio,Android,194
11691,1251,2026-04-22,Deposit,Android,594
11692,1278,2026-04-26,View_Statement,Android,89
11693,1163,2026-04-25,Deposit,iOS,212
11694,1142,2025-08-30,Login,Android,57
11695,1350,2026-04-26,Deposit,iOS,478
11696,1031,2026-04-09,Withdrawal,Android,307
11697,1458,2026-05-03,Login,iOS,288
11698,1326,2026-05-04,Deposit,iOS,191
11699,1091,2026-03-11,Login,iOS,583
11700,1128,2025-09-14,View_Portfolio,Web,488
11701,1267,2025-12-28,View_Statement,iOS,441
11702,1036,2026-01-01,Login,iOS,401
11703,1458,2026-04-23,View_Portfolio,Android,59
11704,1336,2025-12-28,Login,Android,402
11705,1280,2026-03-14,Login,iOS,334
11706,1213,2026-05-01,Deposit,iOS,438
11707,1424,2025-09-23,Login,iOS,162
11708,1233,2025-06-02,Deposit,iOS,360
11709,1228,2026-04-24,Deposit,iOS,578
11710,1369,2025-10-31,Login,Web,163
11711,1298,2025-11-30,Login,iOS,349
11712,1237,2025-05-26,Login,iOS,15
11713,1471,2026-03-08,View_Statement,Web,490
11714,1021,2025-08-14,Deposit,Web,580
11715,1096,2026-02-13,View_Portfolio,iOS,477
11716,1465,2026-04-22,Deposit,Android,325
11717,1051,2026-03-21,Login,Android,20
11718,1337,2026-03-04,Deposit,iOS,568
11719,1311,2025-09-17,Deposit,Android,275
11720,1469,2026-04-29,Deposit,Web,476
11721,1380,2026-04-22,Login,iOS,420
11722,1388,2025-11-19,Withdrawal,iOS,491
11723,1062,2026-03-05,Deposit,Android,385
11724,1343,2026-02-16,Login,Android,157
11725,1153,2025-11-26,View_Portfolio,Android,55
11726,1224,2026-03-14,Deposit,iOS,78
11727,1454,2026-02-15,Deposit,Android,595
11728,1142,2025-06-23,Withdrawal,Web,72
11729,1041,2026-01-25,Login,iOS,169
11730,1486,2026-01-12,View_Statement,iOS,177
11731,1490,2026-03-04,Login,Android,101
11732,1441,2025-10-21,Login,iOS,287
11733,1166,2025-07-27,View_Portfolio,Web,331
11734,1190,2026-04-25,Login,iOS,300
11735,1297,2025-10-22,View_Portfolio,Android,36
11736,1045,2025-12-15,Login,Android,456
11737,1208,2026-03-01,Deposit,Android,386
11738,1382,2026-05-04,Login,Android,38
11739,1096,2026-04-14,Withdrawal,Android,172
11740,1400,2026-04-04,Login,iOS,46
11741,1275,2026-01-14,View_Portfolio,Android,520
11742,1293,2025-11-04,Login,iOS,13
11743,1235,2025-10-21,Deposit,iOS,378
11744,1341,2026-02-12,Login,Android,257
11745,1207,2025-06-23,View_Statement,iOS,531
11746,1445,2025-08-25,View_Portfolio,Android,551
11747,1026,2026-01-08,Deposit,iOS,596
11748,1350,2026-04-17,View_Statement,iOS,400
11749,1360,2026-03-27,View_Statement,iOS,127
11750,1207,2025-09-05,Deposit,iOS,561
11751,1448,2026-03-09,Login,Web,10
11752,1491,2026-04-09,Deposit,Android,310
11753,1381,2025-08-04,Login,iOS,391
11754,1141,2026-05-02,Deposit,Android,306
11755,1347,2025-06-28,View_Statement,Web,333
11756,1087,2025-12-03,Login,iOS,523
11757,1418,2025-11-04,View_Portfolio,iOS,282
11758,1379,2025-09-02,View_Statement,iOS,497
11759,1098,2026-04-18,View_Portfolio,iOS,402
11760,1023,2026-04-29,Deposit,Android,309
11761,1250,2026-05-04,Deposit,Android,449
11762,1364,2025-09-17,View_Portfolio,iOS,88
11763,1250,2026-05-04,Login,Web,440
11764,1148,2025-09-05,Withdrawal,Android,197
11765,1054,2026-03-13,Deposit,Web,554
11766,1457,2026-01-05,Login,Android,11
11767,1442,2026-03-25,View_Portfolio,Android,69
11768,1315,2025-06-27,Login,iOS,413
11769,1404,2025-10-22,View_Portfolio,iOS,131
11770,1495,2025-09-30,Withdrawal,iOS,91
11771,1039,2026-03-10,Deposit,Web,301
11772,1334,2025-10-26,Deposit,iOS,127
11773,1497,2026-03-20,Login,Android,588
11774,1218,2026-04-14,Deposit,iOS,154
11775,1347,2025-08-15,Withdrawal,Web,390
11776,1482,2026-04-20,Login,Android,594
11777,1477,2025-08-01,Login,Android,170
11778,1416,2025-08-15,View_Portfolio,Android,66
11779,1425,2025-08-01,Deposit,Android,235
11780,1237,2025-11-08,Deposit,Android,191
11781,1325,2025-07-24,Login,iOS,425
11782,1324,2026-04-23,Deposit,iOS,324
11783,1343,2026-02-26,View_Portfolio,iOS,529
11784,1277,2026-03-18,Deposit,iOS,379
11785,1225,2025-08-26,Login,Web,585
11786,1489,2026-05-01,Login,Android,14
11787,1408,2025-11-30,Deposit,Web,179
11788,1144,2026-03-20,Withdrawal,iOS,371
11789,1288,2025-12-22,Login,iOS,189
11790,1211,2026-04-23,Deposit,iOS,190
11791,1154,2026-04-03,Deposit,Android,22
11792,1259,2026-01-22,Login,Android,221
11793,1227,2026-01-06,Login,Android,124
11794,1487,2026-04-26,Deposit,iOS,45
11795,1082,2025-12-25,Withdrawal,iOS,548
11796,1377,2026-04-30,Deposit,Android,238
11797,1372,2025-07-29,Withdrawal,Android,106
11798,1391,2026-03-09,Deposit,iOS,100
11799,1480,2025-12-19,View_Portfolio,iOS,226
11800,1088,2026-04-01,View_Portfolio,iOS,129
11801,1400,2026-03-01,View_Portfolio,iOS,142
11802,1309,2025-11-24,Deposit,Android,60
11803,1472,2026-03-17,View_Statement,Android,587
11804,1004,2026-04-16,Login,iOS,49
11805,1173,2026-03-25,Login,Android,292
11806,1032,2026-03-03,View_Portfolio,iOS,516
11807,1234,2026-04-26,View_Portfolio,Android,496
11808,1226,2025-05-07,View_Portfolio,iOS,218
11809,1339,2025-07-20,View_Portfolio,Web,191
11810,1206,2025-10-01,Deposit,Android,387
11811,1102,2026-04-30,View_Statement,iOS,212
11812,1058,2025-12-28,Login,Android,530
11813,1269,2026-05-02,View_Statement,Android,276
11814,1150,2025-10-30,Deposit,iOS,79
11815,1252,2026-03-18,Login,iOS,39
11816,1479,2026-04-14,Withdrawal,iOS,232
11817,1044,2026-04-16,Login,Android,480
11818,1428,2026-03-14,Login,iOS,342
11819,1030,2025-08-29,Login,Android,127
11820,1407,2026-04-25,Login,Android,430
11821,1012,2026-03-09,View_Portfolio,Android,469
11822,1491,2026-04-07,Deposit,Android,341
11823,1014,2025-10-14,View_Statement,Android,260
11824,1292,2026-05-03,Deposit,iOS,493
11825,1045,2025-11-12,View_Portfolio,iOS,382
11826,1200,2026-04-25,View_Statement,Android,218
11827,1024,2026-02-15,Login,Android,150
11828,1251,2026-04-06,Login,iOS,581
11829,1119,2025-12-02,Login,iOS,295
11830,1387,2025-11-27,View_Portfolio,Android,129
11831,1078,2025-09-01,View_Portfolio,Android,293
11832,1435,2026-02-22,Login,iOS,160
11833,1242,2026-04-19,Login,iOS,314
11834,1203,2026-04-23,View_Portfolio,Android,423
11835,1237,2025-12-27,Deposit,Android,210
11836,1439,2026-04-19,Login,iOS,377
11837,1294,2026-05-03,View_Portfolio,iOS,35
11838,1348,2026-02-25,View_Statement,iOS,389
11839,1087,2026-04-29,Login,iOS,346
11840,1210,2025-12-20,Login,Web,589
11841,1276,2025-06-27,View_Portfolio,Android,599
11842,1097,2026-05-03,Deposit,Web,267
11843,1002,2025-11-20,View_Statement,Android,591
11844,1487,2026-04-10,View_Statement,iOS,513
11845,1229,2026-03-14,Login,Android,466
11846,1410,2025-10-08,Withdrawal,iOS,407
11847,1243,2026-04-24,Withdrawal,Android,340
11848,1258,2026-03-03,Login,iOS,354
11849,1451,2025-10-22,Login,iOS,481
11850,1468,2026-02-19,Deposit,iOS,476
11851,1458,2026-05-01,Deposit,Android,74
11852,1042,2026-01-07,Deposit,iOS,370
11853,1213,2026-04-30,Login,iOS,385
11854,1296,2025-08-18,Deposit,Android,575
11855,1393,2025-07-09,Login,Android,409
11856,1386,2025-12-17,View_Portfolio,iOS,363
11857,1412,2025-10-22,Login,iOS,314
11858,1003,2026-03-27,View_Portfolio,Android,428
11859,1016,2025-12-28,Login,iOS,542
11860,1388,2025-09-14,Deposit,Android,593
11861,1279,2026-02-04,Login,Android,166
11862,1478,2026-04-27,View_Portfolio,Android,247
11863,1102,2026-03-14,View_Portfolio,Web,574
11864,1077,2025-09-18,View_Portfolio,Android,380
11865,1390,2026-04-01,Deposit,iOS,525
11866,1202,2025-06-23,Login,iOS,100
11867,1055,2026-02-27,Deposit,iOS,302
11868,1209,2026-03-06,View_Statement,Android,119
11869,1392,2026-02-08,Deposit,Web,387
11870,1329,2025-10-10,View_Statement,iOS,472
11871,1354,2026-04-10,Login,Web,409
11872,1081,2026-03-05,View_Portfolio,Web,469
11873,1244,2026-03-10,Withdrawal,Web,482
11874,1235,2025-10-09,View_Portfolio,Android,37
11875,1114,2026-04-16,Withdrawal,iOS,69
11876,1470,2025-11-19,Deposit,iOS,382
11877,1448,2026-04-13,Withdrawal,Android,254
11878,1067,2026-03-13,View_Statement,Android,432
11879,1297,2025-07-18,Deposit,iOS,590
11880,1040,2026-05-02,View_Statement,Android,251
11881,1221,2026-03-18,Login,iOS,38
11882,1103,2026-05-01,Login,Android,538
11883,1411,2026-01-30,Deposit,Web,109
11884,1295,2026-03-27,View_Portfolio,iOS,20
11885,1053,2026-04-02,Login,Android,432
11886,1296,2025-07-08,Withdrawal,Android,467
11887,1052,2026-04-26,Deposit,iOS,276
11888,1037,2026-03-26,Login,iOS,420
11889,1067,2026-01-06,Login,Android,192
11890,1403,2025-10-24,Login,iOS,114
11891,1162,2026-01-20,Deposit,Web,527
11892,1206,2025-09-16,Deposit,Web,423
11893,1341,2025-12-11,Login,iOS,27
11894,1322,2026-01-20,View_Statement,iOS,304
11895,1394,2026-03-14,View_Portfolio,Android,343
11896,1052,2026-04-19,Deposit,Android,315
11897,1426,2025-09-05,Deposit,iOS,190
11898,1444,2025-12-13,Login,iOS,237
11899,1209,2026-03-01,Deposit,Android,557
11900,1002,2025-12-12,View_Statement,Android,18
11901,1475,2026-02-23,View_Portfolio,iOS,110
11902,1129,2025-08-26,Login,Android,212
11903,1178,2026-04-23,Login,Web,441
11904,1164,2026-03-26,View_Statement,iOS,261
11905,1353,2025-10-24,Login,iOS,357
11906,1022,2026-03-27,Deposit,Web,381
11907,1369,2025-06-21,Login,iOS,552
11908,1227,2026-01-19,View_Portfolio,iOS,234
11909,1482,2025-12-31,Login,Android,152
11910,1082,2025-11-23,Deposit,iOS,203
11911,1164,2025-12-24,Login,Android,368
11912,1377,2026-04-17,Login,iOS,264
11913,1003,2026-04-29,Deposit,Android,548
11914,1172,2025-05-31,Login,iOS,153
11915,1118,2025-07-16,Login,Web,588
11916,1144,2026-04-07,Login,Android,456
11917,1252,2026-04-09,Login,Android,548
11918,1395,2026-04-29,View_Statement,iOS,428
11919,1266,2025-12-07,Deposit,Web,161
11920,1435,2026-04-13,View_Portfolio,iOS,592
11921,1170,2026-04-05,Login,iOS,92
11922,1213,2026-05-03,Login,iOS,176
11923,1281,2026-02-04,Withdrawal,Web,521
11924,1227,2026-04-05,Login,Android,529
11925,1376,2025-12-27,Deposit,Web,75
11926,1262,2026-03-07,Login,iOS,177
11927,1366,2026-04-21,Withdrawal,Android,567
11928,1255,2026-04-18,View_Portfolio,Android,531
11929,1428,2026-04-29,View_Statement,Android,482
11930,1008,2026-04-27,Deposit,Android,473
11931,1418,2025-08-16,Deposit,Android,361
11932,1041,2025-10-11,Login,Web,480
11933,1366,2026-05-01,View_Portfolio,Android,172
11934,1257,2026-01-23,View_Statement,Web,330
11935,1131,2025-12-17,Deposit,Android,93
11936,1052,2026-03-13,View_Portfolio,Web,217
11937,1102,2025-12-31,View_Portfolio,Android,494
11938,1219,2026-02-11,View_Portfolio,Android,556
11939,1244,2026-03-19,View_Portfolio,iOS,558
11940,1333,2025-07-10,Login,Android,586
11941,1427,2026-03-27,View_Portfolio,iOS,320
11942,1303,2026-04-28,Login,iOS,30
11943,1370,2025-08-18,Withdrawal,Android,23
11944,1339,2025-10-15,Login,Android,155
11945,1275,2026-04-12,View_Statement,Android,556
11946,1070,2026-03-23,View_Portfolio,Android,458
11947,1047,2026-04-14,Withdrawal,Android,255
11948,1117,2026-04-18,Login,Android,248
11949,1078,2025-10-26,View_Portfolio,Android,537
11950,1005,2026-02-25,View_Portfolio,Android,582
11951,1254,2026-02-01,Withdrawal,iOS,375
11952,1320,2026-04-06,View_Statement,iOS,513
11953,1107,2025-08-11,Login,Android,367
11954,1244,2025-10-27,Withdrawal,iOS,542
11955,1173,2026-03-24,Deposit,Web,35
11956,1448,2026-01-21,Login,Android,184
11957,1429,2026-04-04,Withdrawal,Android,509
11958,1036,2025-08-19,View_Portfolio,iOS,368
11959,1393,2026-03-18,Login,Android,27
11960,1407,2026-05-04,View_Portfolio,Android,434
11961,1416,2025-12-22,Login,iOS,225
11962,1477,2025-08-05,Deposit,Android,245
11963,1173,2026-04-03,View_Portfolio,Android,285
11964,1412,2026-02-16,Login,iOS,474
11965,1488,2025-12-27,Deposit,iOS,478
11966,1180,2025-07-20,Deposit,iOS,251
11967,1267,2025-10-30,Deposit,iOS,123
11968,1255,2026-02-26,Deposit,iOS,75
11969,1403,2026-01-12,Login,iOS,238
11970,1320,2026-04-20,Login,Android,308
11971,1321,2026-04-21,View_Portfolio,Web,591
11972,1073,2025-07-23,Login,iOS,428
11973,1057,2026-02-08,Login,iOS,241
11974,1066,2026-02-10,Login,iOS,491
11975,1132,2026-02-17,Login,iOS,449
11976,1413,2026-03-05,Login,iOS,361
11977,1260,2026-03-13,Login,iOS,275
11978,1124,2026-02-18,Login,iOS,335
11979,1385,2026-01-20,Login,iOS,470
11980,1092,2026-03-25,Login,Android,335
11981,1274,2026-01-31,Login,iOS,554
11982,1494,2026-03-27,Deposit,iOS,495
11983,1141,2026-04-10,Withdrawal,Web,520
11984,1232,2026-01-26,Deposit,Android,228
11985,1070,2026-03-28,Deposit,iOS,154
11986,1433,2026-04-24,Deposit,iOS,23
11987,1491,2026-03-31,Deposit,iOS,421
11988,1175,2026-04-17,View_Statement,Web,81
11989,1359,2026-02-23,Deposit,Web,306
11990,1086,2026-02-10,Login,iOS,202
11991,1253,2026-04-19,Deposit,iOS,63
11992,1030,2025-09-28,Deposit,Web,210
11993,1155,2026-02-08,Deposit,iOS,397
11994,1200,2026-03-17,Deposit,iOS,334
11995,1363,2026-02-27,Withdrawal,iOS,250
11996,1156,2026-03-04,Login,Android,579
11997,1245,2026-01-30,Deposit,iOS,50
11998,1386,2025-08-14,View_Portfolio,iOS,515
11999,1020,2026-04-15,Deposit,Android,562
12000,1203,2026-04-24,Login,Android,495
12001,1206,2025-10-09,Cancel_Account,iOS,70
12002,1335,2025-11-29,Cancel_Account,iOS,114
12003,1225,2026-01-09,Cancel_Account,iOS,37
12004,1207,2025-10-01,Cancel_Account,iOS,45
12005,1373,2025-11-21,Cancel_Account,Android,119
12006,1371,2025-12-08,Cancel_Account,iOS,63
12007,1441,2025-11-23,Cancel_Account,iOS,39
12008,1425,2025-08-31,Cancel_Account,iOS,31
12009,1129,2025-09-09,Cancel_Account,Web,115
12010,1191,2025-12-22,Cancel_Account,iOS,118
12011,1333,2025-07-27,Cancel_Account,Android,110
12012,1101,2025-07-31,Cancel_Account,iOS,43
12013,1370,2025-10-04,Cancel_Account,Web,55
12014,1084,2025-11-17,Cancel_Account,Web,103
12015,1058,2026-01-22,Cancel_Account,iOS,73
