Transaction_ID,User_ID,Transaction_Date,Amount_USD,Transaction_Type,Product,Round_Up
1,1287,2026-04-29,157.77,Recurring Deposit,Invest,0.0
2,1259,2025-12-25,182.93,One-Time Deposit,Banking,0.0
3,1398,2026-04-13,14.6,Recurring Deposit,Banking,0.0
4,1330,2026-03-04,1.82,Round-Up,Banking,0.18
5,1423,2025-10-05,1.22,Round-Up,Invest,0.78
6,1203,2026-04-20,2.32,Round-Up,Invest,0.68
7,1043,2026-01-07,127.67,One-Time Deposit,Banking,0.0
8,1163,2026-04-30,-179.89,Withdrawal,Invest,0.0
9,1031,2026-05-03,18.04,Recurring Deposit,Invest,0.0
10,1316,2026-03-12,1.14,Round-Up,Banking,0.86
11,1204,2026-04-03,0.67,Round-Up,Invest,0.33
12,1059,2026-03-10,1.83,Round-Up,Banking,0.17
13,1215,2026-04-24,1.88,Round-Up,Invest,0.12
14,1151,2026-04-20,209.15,One-Time Deposit,Invest,0.0
15,1388,2025-08-28,-28.17,Withdrawal,Banking,0.0
16,1257,2025-12-07,-103.94,Withdrawal,Banking,0.0
17,1357,2026-01-27,53.87,Recurring Deposit,Invest,0.0
18,1256,2026-03-30,219.63,Recurring Deposit,Invest,0.0
19,1221,2026-05-01,177.71,One-Time Deposit,Invest,0.0
20,1478,2026-02-26,2.93,Round-Up,Banking,0.07
21,1152,2026-04-03,7.33,One-Time Deposit,Invest,0.0
22,1411,2025-12-20,76.36,One-Time Deposit,Invest,0.0
23,1007,2025-10-30,40.1,Recurring Deposit,Banking,0.0
24,1084,2025-11-11,2.23,Round-Up,Banking,0.77
25,1173,2026-04-27,2.14,Round-Up,Banking,0.86
26,1438,2026-04-11,0.89,Round-Up,Banking,0.11
27,1446,2026-02-16,-238.25,Withdrawal,Banking,0.0
28,1179,2025-11-02,1.89,Round-Up,Invest,0.11
29,1147,2025-12-09,6.39,Recurring Deposit,Banking,0.0
30,1125,2026-04-22,92.95,Recurring Deposit,Banking,0.0
31,1058,2026-01-06,2.5,Round-Up,Banking,0.5
32,1031,2026-05-04,127.3,One-Time Deposit,Invest,0.0
33,1103,2026-05-04,152.82,Recurring Deposit,Invest,0.0
34,1024,2026-03-18,240.34,One-Time Deposit,Invest,0.0
35,1431,2026-02-08,-221.87,Withdrawal,Invest,0.0
36,1371,2025-12-08,2.5,Round-Up,Banking,0.5
37,1364,2026-03-30,1.48,Round-Up,Banking,0.52
38,1344,2025-08-03,209.11,Recurring Deposit,Invest,0.0
39,1036,2025-11-22,206.96,Recurring Deposit,Banking,0.0
40,1326,2026-04-28,-72.47,Withdrawal,Invest,0.0
41,1043,2026-01-10,183.99,Recurring Deposit,Invest,0.0
42,1149,2026-04-06,-169.65,Withdrawal,Invest,0.0
43,1150,2025-11-30,121.01,Recurring Deposit,Invest,0.0
44,1246,2026-04-25,54.36,Recurring Deposit,Banking,0.0
45,1277,2026-03-31,222.72,One-Time Deposit,Invest,0.0
46,1059,2026-03-05,2.36,Round-Up,Banking,0.64
47,1067,2026-01-13,-46.4,Withdrawal,Banking,0.0
48,1004,2026-03-30,2.52,Round-Up,Banking,0.48
49,1252,2026-03-06,186.65,One-Time Deposit,Banking,0.0
50,1242,2026-04-05,1.8,Round-Up,Banking,0.2
51,1447,2026-01-26,59.6,One-Time Deposit,Banking,0.0
52,1218,2026-04-22,247.24,One-Time Deposit,Banking,0.0
53,1306,2025-12-07,2.83,Round-Up,Invest,0.17
54,1448,2026-03-19,152.17,Recurring Deposit,Invest,0.0
55,1146,2026-05-04,1.59,Round-Up,Banking,0.41
56,1353,2025-12-27,107.64,One-Time Deposit,Banking,0.0
57,1119,2025-07-19,1.62,Round-Up,Invest,0.38
58,1362,2025-05-22,1.84,Round-Up,Banking,0.16
59,1027,2026-01-04,2.99,Round-Up,Invest,0.01
60,1440,2026-03-03,126.77,Recurring Deposit,Banking,0.0
61,1428,2026-04-14,2.9,Round-Up,Banking,0.1
62,1469,2026-03-17,-6.8,Withdrawal,Invest,0.0
63,1410,2025-08-08,2.97,Round-Up,Banking,0.03
64,1179,2025-08-28,1.37,Round-Up,Invest,0.63
65,1070,2026-03-19,2.56,Round-Up,Invest,0.44
66,1175,2026-04-10,0.66,Round-Up,Invest,0.34
67,1119,2025-10-14,13.75,Recurring Deposit,Invest,0.0
68,1261,2026-03-31,171.65,Recurring Deposit,Invest,0.0
69,1068,2026-04-09,15.85,One-Time Deposit,Banking,0.0
70,1005,2026-02-02,2.05,Round-Up,Banking,0.95
71,1354,2026-04-19,2.4,Round-Up,Banking,0.6
72,1015,2026-02-04,28.46,One-Time Deposit,Invest,0.0
73,1245,2026-02-04,-144.17,Withdrawal,Invest,0.0
74,1044,2026-03-31,1.86,Round-Up,Invest,0.14
75,1058,2026-01-17,166.6,Recurring Deposit,Banking,0.0
76,1152,2026-05-01,0.35,Round-Up,Invest,0.65
77,1179,2025-10-01,0.33,Round-Up,Invest,0.67
78,1186,2026-04-29,248.15,One-Time Deposit,Invest,0.0
79,1437,2026-04-27,0.43,Round-Up,Invest,0.57
80,1103,2026-02-14,119.0,Recurring Deposit,Invest,0.0
81,1473,2026-03-29,1.08,Round-Up,Banking,0.92
82,1390,2026-04-29,146.7,Recurring Deposit,Invest,0.0
83,1079,2026-02-18,2.12,Round-Up,Invest,0.88
84,1458,2026-04-25,-211.55,Withdrawal,Banking,0.0
85,1262,2026-01-10,1.55,Round-Up,Banking,0.45
86,1322,2025-09-25,46.85,Recurring Deposit,Banking,0.0
87,1271,2026-03-14,30.01,Recurring Deposit,Banking,0.0
88,1131,2025-10-22,-24.09,Withdrawal,Invest,0.0
89,1477,2025-07-01,11.29,One-Time Deposit,Banking,0.0
90,1342,2025-10-22,18.48,Recurring Deposit,Banking,0.0
91,1231,2025-07-28,2.23,Round-Up,Invest,0.77
92,1307,2026-02-20,1.09,Round-Up,Banking,0.91
93,1190,2026-03-21,2.54,Round-Up,Banking,0.46
94,1341,2026-01-30,0.99,Round-Up,Banking,0.01
95,1213,2026-05-04,-60.4,Withdrawal,Banking,0.0
96,1352,2025-12-31,0.14,Round-Up,Banking,0.86
97,1091,2026-01-24,107.51,One-Time Deposit,Invest,0.0
98,1339,2025-08-31,81.06,One-Time Deposit,Invest,0.0
99,1191,2025-09-14,83.06,One-Time Deposit,Invest,0.0
100,1461,2025-10-05,114.09,Recurring Deposit,Banking,0.0
101,1198,2025-10-03,1.39,Round-Up,Invest,0.61
102,1378,2026-05-02,156.04,One-Time Deposit,Banking,0.0
103,1378,2026-05-01,2.1,Round-Up,Invest,0.9
104,1043,2025-11-15,-131.84,Withdrawal,Invest,0.0
105,1499,2025-08-10,120.78,Recurring Deposit,Banking,0.0
106,1491,2026-04-15,-57.29,Withdrawal,Invest,0.0
107,1303,2026-04-19,2.14,Round-Up,Banking,0.86
108,1253,2026-03-30,1.61,Round-Up,Invest,0.39
109,1294,2026-04-24,0.06,Round-Up,Invest,0.94
110,1178,2026-04-28,0.76,Round-Up,Invest,0.24
111,1149,2026-02-24,2.77,Round-Up,Invest,0.23
112,1094,2026-04-30,229.82,Recurring Deposit,Banking,0.0
113,1349,2026-04-21,2.4,Round-Up,Invest,0.6
114,1361,2026-02-25,46.11,One-Time Deposit,Banking,0.0
115,1347,2026-03-24,69.15,Recurring Deposit,Invest,0.0
116,1341,2026-04-23,203.85,Recurring Deposit,Invest,0.0
117,1325,2025-07-03,0.87,Round-Up,Banking,0.13
118,1103,2026-02-16,0.1,Round-Up,Invest,0.9
119,1247,2026-02-25,179.1,One-Time Deposit,Banking,0.0
120,1348,2026-03-14,0.66,Round-Up,Invest,0.34
121,1440,2026-01-12,242.82,One-Time Deposit,Banking,0.0
122,1121,2025-11-17,2.54,Round-Up,Invest,0.46
123,1031,2026-04-16,119.16,Recurring Deposit,Invest,0.0
124,1398,2026-04-19,137.99,Recurring Deposit,Banking,0.0
125,1449,2026-01-04,203.09,One-Time Deposit,Banking,0.0
126,1429,2026-03-23,1.51,Round-Up,Banking,0.49
127,1363,2026-02-02,2.67,Round-Up,Invest,0.33
128,1200,2026-03-09,243.0,Recurring Deposit,Banking,0.0
129,1216,2025-07-15,156.51,One-Time Deposit,Invest,0.0
130,1036,2025-09-24,2.75,Round-Up,Banking,0.25
131,1304,2026-01-25,1.17,Round-Up,Banking,0.83
132,1298,2026-01-01,1.52,Round-Up,Invest,0.48
133,1428,2026-04-01,8.39,Recurring Deposit,Banking,0.0
134,1217,2026-01-08,1.99,Round-Up,Banking,0.01
135,1319,2025-06-05,187.01,One-Time Deposit,Banking,0.0
136,1442,2025-11-26,127.27,One-Time Deposit,Banking,0.0
137,1249,2025-12-20,196.01,One-Time Deposit,Banking,0.0
138,1494,2026-02-01,115.47,Recurring Deposit,Invest,0.0
139,1373,2025-08-24,245.91,Recurring Deposit,Banking,0.0
140,1207,2025-07-13,76.76,One-Time Deposit,Banking,0.0
141,1291,2026-04-10,2.27,Round-Up,Banking,0.73
142,1182,2026-04-20,0.16,Round-Up,Invest,0.84
143,1359,2026-01-08,137.72,One-Time Deposit,Banking,0.0
144,1373,2025-09-01,90.53,One-Time Deposit,Banking,0.0
145,1292,2026-05-02,64.36,Recurring Deposit,Invest,0.0
146,1474,2026-05-01,2.32,Round-Up,Banking,0.68
147,1133,2026-03-17,97.4,One-Time Deposit,Invest,0.0
148,1191,2025-11-15,0.68,Round-Up,Invest,0.32
149,1158,2026-04-25,195.87,Recurring Deposit,Banking,0.0
150,1129,2025-08-29,1.76,Round-Up,Invest,0.24
151,1003,2026-03-21,96.95,Recurring Deposit,Banking,0.0
152,1477,2025-08-15,0.06,Round-Up,Banking,0.94
153,1467,2025-11-16,0.73,Round-Up,Invest,0.27
154,1204,2026-04-14,218.35,Recurring Deposit,Invest,0.0
155,1273,2026-02-19,1.0,Round-Up,Invest,0.0
156,1429,2026-03-06,89.22,Recurring Deposit,Banking,0.0
157,1168,2025-07-04,27.48,One-Time Deposit,Invest,0.0
158,1084,2025-09-25,46.06,One-Time Deposit,Banking,0.0
159,1165,2025-10-15,1.02,Round-Up,Banking,0.98
160,1343,2026-02-27,143.24,One-Time Deposit,Invest,0.0
161,1186,2026-03-16,165.91,One-Time Deposit,Invest,0.0
162,1313,2026-05-04,86.19,One-Time Deposit,Banking,0.0
163,1048,2026-03-01,168.54,Recurring Deposit,Banking,0.0
164,1225,2025-07-13,2.25,Round-Up,Invest,0.75
165,1141,2026-02-07,1.72,Round-Up,Banking,0.28
166,1169,2026-03-10,0.94,Round-Up,Invest,0.06
167,1058,2025-09-05,2.24,Round-Up,Banking,0.76
168,1109,2026-01-19,0.63,Round-Up,Invest,0.37
169,1100,2025-11-11,218.32,Recurring Deposit,Invest,0.0
170,1475,2026-02-14,90.82,Recurring Deposit,Banking,0.0
171,1377,2026-01-10,2.47,Round-Up,Banking,0.53
172,1275,2026-04-16,-151.67,Withdrawal,Invest,0.0
173,1110,2026-04-21,133.48,One-Time Deposit,Invest,0.0
174,1093,2025-12-20,-181.16,Withdrawal,Banking,0.0
175,1157,2026-04-11,14.9,Recurring Deposit,Invest,0.0
176,1359,2026-05-02,143.06,Recurring Deposit,Invest,0.0
177,1032,2025-11-06,1.96,Round-Up,Invest,0.04
178,1281,2025-09-30,0.44,Round-Up,Banking,0.56
179,1207,2025-10-01,2.81,Round-Up,Banking,0.19
180,1455,2026-05-02,43.57,Recurring Deposit,Banking,0.0
181,1405,2026-02-22,1.31,Round-Up,Banking,0.69
182,1210,2025-10-06,177.24,Recurring Deposit,Banking,0.0
183,1419,2026-03-25,2.33,Round-Up,Banking,0.67
184,1443,2026-02-17,27.3,Recurring Deposit,Banking,0.0
185,1185,2026-05-04,2.9,Round-Up,Banking,0.1
186,1147,2026-02-25,0.35,Round-Up,Banking,0.65
187,1353,2026-02-01,1.75,Round-Up,Banking,0.25
188,1124,2026-02-21,2.08,Round-Up,Invest,0.92
189,1427,2026-03-31,2.67,Round-Up,Banking,0.33
190,1449,2025-08-21,248.44,Recurring Deposit,Banking,0.0
191,1408,2025-11-12,2.93,Round-Up,Invest,0.07
192,1249,2025-11-19,1.54,Round-Up,Banking,0.46
193,1114,2026-04-02,208.31,Recurring Deposit,Banking,0.0
194,1133,2026-02-03,1.29,Round-Up,Invest,0.71
195,1059,2026-02-14,-110.02,Withdrawal,Banking,0.0
196,1194,2026-03-13,-219.15,Withdrawal,Invest,0.0
197,1405,2025-09-07,2.46,Round-Up,Banking,0.54
198,1281,2025-12-05,2.96,Round-Up,Banking,0.04
199,1397,2026-03-14,0.78,Round-Up,Banking,0.22
200,1393,2025-11-02,19.7,Recurring Deposit,Invest,0.0
201,1285,2026-04-02,157.08,One-Time Deposit,Invest,0.0
202,1057,2026-01-08,147.44,One-Time Deposit,Invest,0.0
203,1375,2026-04-12,55.01,Recurring Deposit,Invest,0.0
204,1078,2025-08-01,0.76,Round-Up,Banking,0.24
205,1157,2026-03-28,14.13,Recurring Deposit,Invest,0.0
206,1335,2025-11-29,202.53,Recurring Deposit,Banking,0.0
207,1268,2026-02-05,11.53,One-Time Deposit,Invest,0.0
208,1358,2026-05-01,165.92,Recurring Deposit,Banking,0.0
209,1238,2026-01-12,24.3,Recurring Deposit,Banking,0.0
210,1141,2026-04-04,0.68,Round-Up,Banking,0.32
211,1107,2026-02-12,0.33,Round-Up,Invest,0.67
212,1070,2026-04-06,73.7,One-Time Deposit,Invest,0.0
213,1293,2026-01-12,0.84,Round-Up,Banking,0.16
214,1157,2026-04-11,-229.24,Withdrawal,Invest,0.0
215,1258,2025-09-09,2.7,Round-Up,Banking,0.3
216,1164,2026-04-16,203.71,Recurring Deposit,Banking,0.0
217,1124,2026-04-18,20.99,One-Time Deposit,Invest,0.0
218,1372,2025-08-08,2.12,Round-Up,Invest,0.88
219,1049,2025-10-15,-34.23,Withdrawal,Banking,0.0
220,1061,2026-02-07,248.56,Recurring Deposit,Invest,0.0
221,1122,2026-05-03,49.15,One-Time Deposit,Banking,0.0
222,1118,2025-06-25,2.67,Round-Up,Banking,0.33
223,1468,2026-01-31,1.61,Round-Up,Invest,0.39
224,1074,2026-02-19,0.84,Round-Up,Invest,0.16
225,1364,2026-01-24,2.64,Round-Up,Banking,0.36
226,1458,2026-05-02,195.88,One-Time Deposit,Banking,0.0
227,1490,2026-03-08,-101.2,Withdrawal,Banking,0.0
228,1213,2026-05-03,44.64,One-Time Deposit,Banking,0.0
229,1131,2025-11-07,111.27,Recurring Deposit,Invest,0.0
230,1319,2025-06-16,194.11,Recurring Deposit,Banking,0.0
231,1116,2026-02-17,196.29,One-Time Deposit,Invest,0.0
232,1203,2026-05-01,61.48,Recurring Deposit,Invest,0.0
233,1417,2026-03-05,47.87,One-Time Deposit,Banking,0.0
234,1248,2026-03-13,230.54,Recurring Deposit,Invest,0.0
235,1047,2026-04-14,1.7,Round-Up,Invest,0.3
236,1045,2026-03-03,1.94,Round-Up,Banking,0.06
237,1419,2026-04-05,16.37,Recurring Deposit,Banking,0.0
238,1097,2026-05-02,210.29,One-Time Deposit,Banking,0.0
239,1488,2025-11-09,226.83,Recurring Deposit,Banking,0.0
240,1226,2025-08-09,-77.87,Withdrawal,Banking,0.0
241,1312,2026-04-09,2.06,Round-Up,Invest,0.94
242,1101,2025-06-24,122.77,One-Time Deposit,Invest,0.0
243,1037,2026-04-21,0.18,Round-Up,Banking,0.82
244,1343,2026-02-16,107.2,One-Time Deposit,Invest,0.0
245,1084,2025-09-12,167.92,Recurring Deposit,Banking,0.0
246,1255,2026-04-15,1.16,Round-Up,Invest,0.84
247,1395,2026-04-17,92.45,One-Time Deposit,Invest,0.0
248,1159,2026-04-29,196.73,Recurring Deposit,Banking,0.0
249,1218,2026-04-27,2.93,Round-Up,Banking,0.07
250,1272,2026-04-30,84.94,Recurring Deposit,Banking,0.0
251,1152,2026-02-25,167.75,One-Time Deposit,Invest,0.0
252,1007,2025-10-27,-192.5,Withdrawal,Banking,0.0
253,1425,2025-07-29,1.74,Round-Up,Invest,0.26
254,1234,2026-04-29,0.19,Round-Up,Invest,0.81
255,1309,2025-11-17,5.06,One-Time Deposit,Banking,0.0
256,1402,2026-03-26,2.24,Round-Up,Invest,0.76
257,1071,2026-01-09,-206.55,Withdrawal,Invest,0.0
258,1440,2026-02-21,0.71,Round-Up,Banking,0.29
259,1341,2026-04-19,23.76,Recurring Deposit,Banking,0.0
260,1237,2025-12-31,148.38,One-Time Deposit,Invest,0.0
261,1154,2025-11-16,1.32,Round-Up,Invest,0.68
262,1159,2026-04-27,0.08,Round-Up,Banking,0.92
263,1428,2026-03-14,53.51,One-Time Deposit,Banking,0.0
264,1258,2026-01-31,148.97,One-Time Deposit,Banking,0.0
265,1249,2025-07-28,0.28,Round-Up,Banking,0.72
266,1233,2025-12-02,-16.97,Withdrawal,Invest,0.0
267,1385,2026-04-02,2.73,Round-Up,Banking,0.27
268,1434,2026-02-20,0.32,Round-Up,Banking,0.68
269,1294,2026-04-21,152.58,One-Time Deposit,Invest,0.0
270,1433,2026-04-30,0.9,Round-Up,Invest,0.1
271,1252,2026-01-15,-159.69,Withdrawal,Banking,0.0
272,1092,2026-04-24,0.03,Round-Up,Banking,0.97
273,1104,2025-09-27,1.23,Round-Up,Invest,0.77
274,1117,2026-04-06,1.89,Round-Up,Banking,0.11
275,1404,2026-03-05,9.33,One-Time Deposit,Banking,0.0
276,1445,2025-09-08,160.51,One-Time Deposit,Invest,0.0
277,1458,2026-04-24,168.02,Recurring Deposit,Banking,0.0
278,1108,2026-04-22,1.06,Round-Up,Banking,0.94
279,1107,2026-01-29,2.21,Round-Up,Banking,0.79
280,1068,2026-01-30,135.85,Recurring Deposit,Banking,0.0
281,1421,2026-03-13,0.29,Round-Up,Banking,0.71
282,1381,2025-08-04,118.43,Recurring Deposit,Invest,0.0
283,1388,2025-10-08,1.4,Round-Up,Banking,0.6
284,1418,2025-11-09,109.52,Recurring Deposit,Banking,0.0
285,1307,2025-11-19,1.63,Round-Up,Banking,0.37
286,1020,2026-04-24,13.66,One-Time Deposit,Banking,0.0
287,1081,2026-03-01,2.01,Round-Up,Banking,0.99
288,1317,2026-01-08,1.94,Round-Up,Banking,0.06
289,1358,2026-04-25,1.74,Round-Up,Banking,0.26
290,1139,2026-05-03,0.35,Round-Up,Invest,0.65
291,1188,2025-11-24,1.44,Round-Up,Banking,0.56
292,1124,2026-03-24,188.09,One-Time Deposit,Invest,0.0
293,1290,2025-11-06,46.64,One-Time Deposit,Invest,0.0
294,1139,2026-04-24,65.39,Recurring Deposit,Invest,0.0
295,1243,2026-02-09,110.58,Recurring Deposit,Banking,0.0
296,1388,2026-02-11,86.2,One-Time Deposit,Banking,0.0
297,1050,2026-04-24,1.32,Round-Up,Banking,0.68
298,1230,2026-02-24,87.77,One-Time Deposit,Invest,0.0
299,1284,2026-04-14,2.34,Round-Up,Banking,0.66
300,1429,2026-04-29,216.41,Recurring Deposit,Banking,0.0
301,1421,2026-03-16,0.76,Round-Up,Banking,0.24
302,1203,2026-04-20,1.4,Round-Up,Invest,0.6
303,1468,2026-03-23,216.88,Recurring Deposit,Invest,0.0
304,1287,2026-04-27,3.0,Round-Up,Invest,0.0
305,1482,2026-01-28,163.33,Recurring Deposit,Invest,0.0
306,1061,2026-02-09,141.51,Recurring Deposit,Invest,0.0
307,1147,2026-04-24,1.48,Round-Up,Banking,0.52
308,1292,2026-05-04,1.07,Round-Up,Invest,0.93
309,1280,2026-02-14,32.21,One-Time Deposit,Invest,0.0
310,1142,2025-07-04,203.35,One-Time Deposit,Banking,0.0
311,1429,2026-05-03,2.98,Round-Up,Banking,0.02
312,1102,2026-04-07,205.97,Recurring Deposit,Banking,0.0
313,1281,2025-06-24,51.66,One-Time Deposit,Banking,0.0
314,1331,2026-04-10,2.05,Round-Up,Invest,0.95
315,1143,2026-03-29,0.15,Round-Up,Banking,0.85
316,1087,2025-11-30,129.48,Recurring Deposit,Banking,0.0
317,1106,2026-03-30,1.07,Round-Up,Invest,0.93
318,1356,2025-10-19,99.42,Recurring Deposit,Invest,0.0
319,1374,2026-03-06,1.49,Round-Up,Invest,0.51
320,1238,2026-01-17,69.87,One-Time Deposit,Banking,0.0
321,1076,2026-04-09,178.06,Recurring Deposit,Invest,0.0
322,1421,2025-11-16,214.43,Recurring Deposit,Banking,0.0
323,1458,2026-04-25,2.77,Round-Up,Banking,0.23
324,1071,2025-11-02,1.5,Round-Up,Invest,0.5
325,1354,2026-04-20,13.83,Recurring Deposit,Banking,0.0
326,1414,2026-04-06,0.66,Round-Up,Invest,0.34
327,1304,2025-09-19,2.29,Round-Up,Banking,0.71
328,1048,2026-01-17,-185.22,Withdrawal,Banking,0.0
329,1223,2026-02-07,2.71,Round-Up,Banking,0.29
330,1044,2026-03-16,0.11,Round-Up,Invest,0.89
331,1197,2026-02-07,1.35,Round-Up,Invest,0.65
332,1299,2026-03-02,45.88,One-Time Deposit,Invest,0.0
333,1080,2025-07-25,66.18,Recurring Deposit,Invest,0.0
334,1178,2026-04-16,1.24,Round-Up,Invest,0.76
335,1124,2026-03-15,2.83,Round-Up,Invest,0.17
336,1051,2025-11-11,1.31,Round-Up,Banking,0.69
337,1272,2026-05-04,43.1,Recurring Deposit,Banking,0.0
338,1002,2025-10-18,0.18,Round-Up,Banking,0.82
339,1442,2026-01-04,-23.89,Withdrawal,Banking,0.0
340,1276,2025-12-24,1.75,Round-Up,Banking,0.25
341,1475,2026-01-15,-31.15,Withdrawal,Banking,0.0
342,1282,2026-04-14,2.91,Round-Up,Invest,0.09
343,1261,2026-03-15,175.76,Recurring Deposit,Invest,0.0
344,1359,2026-04-29,2.69,Round-Up,Invest,0.31
345,1411,2025-10-30,2.08,Round-Up,Invest,0.92
346,1032,2026-01-05,62.09,Recurring Deposit,Invest,0.0
347,1147,2025-12-14,203.69,Recurring Deposit,Banking,0.0
348,1256,2026-05-04,1.29,Round-Up,Invest,0.71
349,1042,2025-12-18,176.14,Recurring Deposit,Banking,0.0
350,1488,2025-12-24,115.93,One-Time Deposit,Banking,0.0
351,1256,2025-11-09,63.24,Recurring Deposit,Banking,0.0
352,1108,2026-04-23,1.91,Round-Up,Banking,0.09
353,1432,2025-12-28,143.58,One-Time Deposit,Banking,0.0
354,1147,2026-04-19,37.09,One-Time Deposit,Banking,0.0
355,1301,2025-10-21,0.58,Round-Up,Invest,0.42
356,1011,2025-07-17,85.69,Recurring Deposit,Banking,0.0
357,1236,2026-01-08,0.52,Round-Up,Invest,0.48
358,1067,2026-02-27,0.08,Round-Up,Banking,0.92
359,1290,2025-11-27,220.83,One-Time Deposit,Invest,0.0
360,1064,2025-08-31,53.79,Recurring Deposit,Banking,0.0
361,1161,2026-03-28,1.45,Round-Up,Invest,0.55
362,1415,2025-11-26,1.51,Round-Up,Banking,0.49
363,1341,2026-02-25,-56.08,Withdrawal,Banking,0.0
364,1247,2025-10-20,2.06,Round-Up,Banking,0.94
365,1466,2025-12-09,176.45,Recurring Deposit,Invest,0.0
366,1383,2026-01-12,165.22,Recurring Deposit,Invest,0.0
367,1416,2025-09-23,2.64,Round-Up,Banking,0.36
368,1412,2025-11-11,-178.14,Withdrawal,Invest,0.0
369,1146,2026-05-04,241.38,Recurring Deposit,Banking,0.0
370,1022,2026-04-30,89.89,One-Time Deposit,Banking,0.0
371,1077,2025-10-10,220.25,One-Time Deposit,Invest,0.0
372,1197,2026-02-13,10.34,Recurring Deposit,Invest,0.0
373,1101,2025-07-14,75.61,One-Time Deposit,Banking,0.0
374,1274,2026-03-07,16.92,Recurring Deposit,Banking,0.0
375,1335,2025-09-14,1.13,Round-Up,Banking,0.87
376,1339,2025-08-26,1.99,Round-Up,Invest,0.01
377,1196,2026-03-29,1.96,Round-Up,Invest,0.04
378,1034,2026-04-23,2.58,Round-Up,Banking,0.42
379,1469,2026-03-05,0.43,Round-Up,Invest,0.57
380,1373,2025-08-18,180.12,Recurring Deposit,Invest,0.0
381,1387,2025-12-06,216.2,Recurring Deposit,Invest,0.0
382,1376,2026-02-08,166.97,Recurring Deposit,Invest,0.0
383,1266,2025-12-07,12.48,One-Time Deposit,Banking,0.0
384,1031,2026-04-08,215.19,Recurring Deposit,Invest,0.0
385,1292,2026-05-04,184.45,One-Time Deposit,Banking,0.0
386,1151,2026-02-03,97.72,Recurring Deposit,Invest,0.0
387,1213,2026-05-03,0.19,Round-Up,Banking,0.81
388,1213,2026-05-01,-122.56,Withdrawal,Banking,0.0
389,1156,2025-10-24,217.44,Recurring Deposit,Invest,0.0
390,1458,2026-04-24,1.17,Round-Up,Banking,0.83
391,1462,2026-01-25,29.74,One-Time Deposit,Banking,0.0
392,1211,2026-04-30,216.84,One-Time Deposit,Invest,0.0
393,1251,2026-04-29,0.62,Round-Up,Banking,0.38
394,1500,2026-01-29,228.19,One-Time Deposit,Invest,0.0
395,1054,2026-04-08,0.25,Round-Up,Invest,0.75
396,1432,2025-12-27,2.28,Round-Up,Banking,0.72
397,1413,2025-10-26,-37.41,Withdrawal,Banking,0.0
398,1143,2026-04-05,226.05,One-Time Deposit,Banking,0.0
399,1277,2026-02-05,188.71,Recurring Deposit,Invest,0.0
400,1460,2026-03-09,231.42,Recurring Deposit,Invest,0.0
401,1240,2025-11-15,0.44,Round-Up,Banking,0.56
402,1302,2026-02-20,50.25,One-Time Deposit,Banking,0.0
403,1466,2025-10-16,80.53,Recurring Deposit,Invest,0.0
404,1127,2025-12-25,-124.28,Withdrawal,Invest,0.0
405,1080,2025-09-05,0.24,Round-Up,Invest,0.76
406,1459,2026-04-29,231.98,Recurring Deposit,Banking,0.0
407,1186,2026-04-20,-99.07,Withdrawal,Invest,0.0
408,1455,2026-04-20,177.25,Recurring Deposit,Banking,0.0
409,1449,2025-09-12,-240.45,Withdrawal,Banking,0.0
410,1164,2025-11-24,1.26,Round-Up,Banking,0.74
411,1499,2025-12-31,-216.36,Withdrawal,Banking,0.0
412,1155,2026-02-25,108.07,Recurring Deposit,Invest,0.0
413,1329,2026-01-01,2.69,Round-Up,Invest,0.31
414,1295,2026-02-23,-76.92,Withdrawal,Invest,0.0
415,1371,2025-10-16,86.83,One-Time Deposit,Banking,0.0
416,1212,2026-03-10,11.65,One-Time Deposit,Invest,0.0
417,1262,2025-09-26,242.99,One-Time Deposit,Banking,0.0
418,1330,2026-04-08,0.62,Round-Up,Banking,0.38
419,1076,2026-04-04,28.01,One-Time Deposit,Invest,0.0
420,1402,2025-11-22,249.88,Recurring Deposit,Invest,0.0
421,1315,2026-03-22,0.02,Round-Up,Banking,0.98
422,1313,2026-04-29,2.8,Round-Up,Banking,0.2
423,1002,2026-04-02,1.67,Round-Up,Banking,0.33
424,1061,2026-03-01,2.78,Round-Up,Invest,0.22
425,1041,2025-12-13,169.06,Recurring Deposit,Invest,0.0
426,1268,2025-12-28,31.08,Recurring Deposit,Invest,0.0
427,1041,2025-11-19,-124.78,Withdrawal,Invest,0.0
428,1463,2025-12-30,113.46,One-Time Deposit,Banking,0.0
429,1088,2026-04-11,1.7,Round-Up,Banking,0.3
430,1068,2025-10-21,-78.57,Withdrawal,Banking,0.0
431,1429,2026-03-07,241.94,Recurring Deposit,Banking,0.0
432,1007,2025-10-17,75.72,One-Time Deposit,Banking,0.0
433,1323,2026-04-29,57.29,Recurring Deposit,Banking,0.0
434,1035,2026-01-25,-136.37,Withdrawal,Banking,0.0
435,1373,2025-08-12,169.38,Recurring Deposit,Invest,0.0
436,1256,2025-12-18,1.52,Round-Up,Banking,0.48
437,1247,2025-05-25,189.79,Recurring Deposit,Banking,0.0
438,1070,2026-04-28,0.61,Round-Up,Invest,0.39
439,1491,2026-04-02,1.23,Round-Up,Invest,0.77
440,1149,2026-04-04,1.23,Round-Up,Invest,0.77
441,1129,2025-08-25,0.96,Round-Up,Invest,0.04
442,1068,2026-01-07,0.45,Round-Up,Invest,0.55
443,1171,2026-03-07,0.02,Round-Up,Invest,0.98
444,1112,2026-02-20,102.18,Recurring Deposit,Banking,0.0
445,1303,2026-04-19,23.19,Recurring Deposit,Banking,0.0
446,1404,2025-07-14,-188.39,Withdrawal,Banking,0.0
447,1339,2025-08-20,2.99,Round-Up,Invest,0.01
448,1403,2026-04-09,50.5,One-Time Deposit,Invest,0.0
449,1262,2026-03-26,-107.15,Withdrawal,Banking,0.0
450,1064,2026-01-18,0.36,Round-Up,Banking,0.64
451,1129,2025-09-01,104.59,Recurring Deposit,Invest,0.0
452,1120,2026-02-18,118.53,Recurring Deposit,Banking,0.0
453,1426,2025-08-09,2.53,Round-Up,Banking,0.47
454,1427,2026-04-22,95.47,Recurring Deposit,Invest,0.0
455,1238,2026-01-21,139.2,Recurring Deposit,Banking,0.0
456,1220,2026-04-01,0.16,Round-Up,Invest,0.84
457,1114,2026-04-03,0.57,Round-Up,Banking,0.43
458,1232,2025-12-12,0.21,Round-Up,Invest,0.79
459,1159,2026-04-25,0.57,Round-Up,Banking,0.43
460,1036,2026-02-16,182.14,One-Time Deposit,Banking,0.0
461,1206,2025-09-17,142.33,One-Time Deposit,Invest,0.0
462,1392,2025-12-19,0.51,Round-Up,Banking,0.49
463,1474,2026-04-07,-113.64,Withdrawal,Banking,0.0
464,1390,2025-11-16,1.03,Round-Up,Invest,0.97
465,1435,2026-03-03,1.41,Round-Up,Invest,0.59
466,1049,2025-12-07,1.29,Round-Up,Banking,0.71
467,1026,2026-03-07,99.55,One-Time Deposit,Banking,0.0
468,1277,2026-03-02,2.81,Round-Up,Invest,0.19
469,1293,2026-02-02,0.33,Round-Up,Banking,0.67
470,1380,2026-02-21,0.31,Round-Up,Banking,0.69
471,1281,2026-01-04,151.72,Recurring Deposit,Banking,0.0
472,1495,2026-04-12,-242.01,Withdrawal,Banking,0.0
473,1196,2026-03-31,2.3,Round-Up,Invest,0.7
474,1265,2026-01-08,0.65,Round-Up,Invest,0.35
475,1252,2026-01-05,129.27,One-Time Deposit,Banking,0.0
476,1441,2025-10-05,18.82,Recurring Deposit,Invest,0.0
477,1321,2026-02-02,1.91,Round-Up,Banking,0.09
478,1013,2025-08-25,-194.84,Withdrawal,Invest,0.0
479,1129,2025-08-29,35.21,One-Time Deposit,Invest,0.0
480,1126,2026-03-19,68.13,One-Time Deposit,Invest,0.0
481,1248,2026-02-20,236.29,One-Time Deposit,Invest,0.0
482,1334,2025-10-23,-206.84,Withdrawal,Banking,0.0
483,1102,2025-12-04,196.55,Recurring Deposit,Banking,0.0
484,1289,2026-01-18,0.42,Round-Up,Invest,0.58
485,1011,2025-08-10,0.67,Round-Up,Banking,0.33
486,1203,2026-04-26,34.54,One-Time Deposit,Invest,0.0
487,1114,2026-04-14,0.8,Round-Up,Banking,0.2
488,1274,2026-03-10,113.84,Recurring Deposit,Banking,0.0
489,1433,2026-04-15,81.23,Recurring Deposit,Invest,0.0
490,1411,2026-03-26,209.34,Recurring Deposit,Invest,0.0
491,1017,2026-04-02,-118.71,Withdrawal,Banking,0.0
492,1437,2026-04-30,2.77,Round-Up,Invest,0.23
493,1180,2025-07-08,72.37,Recurring Deposit,Banking,0.0
494,1223,2026-01-19,61.01,Recurring Deposit,Banking,0.0
495,1341,2026-02-01,1.03,Round-Up,Banking,0.97
496,1001,2026-04-04,163.62,Recurring Deposit,Invest,0.0
497,1272,2026-05-04,0.87,Round-Up,Banking,0.13
498,1320,2026-03-21,129.13,Recurring Deposit,Banking,0.0
499,1234,2026-05-04,164.28,One-Time Deposit,Banking,0.0
500,1090,2025-12-01,2.94,Round-Up,Banking,0.06
501,1291,2026-04-14,140.82,Recurring Deposit,Banking,0.0
502,1489,2026-05-02,234.88,One-Time Deposit,Invest,0.0
503,1264,2026-04-10,1.16,Round-Up,Invest,0.84
504,1233,2026-01-29,1.62,Round-Up,Invest,0.38
505,1032,2026-03-23,1.15,Round-Up,Invest,0.85
506,1387,2026-02-27,233.49,One-Time Deposit,Invest,0.0
507,1399,2026-02-23,104.1,Recurring Deposit,Banking,0.0
508,1209,2026-03-15,-215.6,Withdrawal,Invest,0.0
509,1221,2025-09-26,227.75,One-Time Deposit,Invest,0.0
510,1186,2026-03-26,226.51,Recurring Deposit,Invest,0.0
511,1066,2025-08-08,2.53,Round-Up,Invest,0.47
512,1215,2026-05-03,104.62,Recurring Deposit,Invest,0.0
513,1215,2026-04-26,0.11,Round-Up,Invest,0.89
514,1117,2026-03-20,0.75,Round-Up,Banking,0.25
515,1276,2026-01-19,192.99,One-Time Deposit,Banking,0.0
516,1200,2026-04-18,2.49,Round-Up,Invest,0.51
517,1065,2026-02-25,122.18,Recurring Deposit,Banking,0.0
518,1294,2026-04-25,143.52,Recurring Deposit,Invest,0.0
519,1220,2026-04-30,1.34,Round-Up,Invest,0.66
520,1058,2025-07-21,2.95,Round-Up,Banking,0.05
521,1407,2026-04-30,167.07,Recurring Deposit,Banking,0.0
522,1413,2025-10-27,197.64,Recurring Deposit,Banking,0.0
523,1130,2026-04-25,1.92,Round-Up,Invest,0.08
524,1429,2026-05-03,1.14,Round-Up,Banking,0.86
525,1295,2026-04-28,69.6,Recurring Deposit,Invest,0.0
526,1195,2025-11-08,56.42,One-Time Deposit,Invest,0.0
527,1286,2026-03-03,1.86,Round-Up,Banking,0.14
528,1084,2025-11-11,0.83,Round-Up,Banking,0.17
529,1132,2026-01-29,169.52,Recurring Deposit,Banking,0.0
530,1414,2026-03-05,119.49,Recurring Deposit,Invest,0.0
531,1439,2025-07-10,-97.29,Withdrawal,Banking,0.0
532,1034,2026-04-20,141.14,Recurring Deposit,Banking,0.0
533,1067,2026-01-27,-34.54,Withdrawal,Banking,0.0
534,1334,2025-07-18,2.05,Round-Up,Invest,0.95
535,1075,2025-08-30,116.57,Recurring Deposit,Invest,0.0
536,1055,2026-03-16,0.39,Round-Up,Banking,0.61
537,1103,2026-02-23,160.5,Recurring Deposit,Invest,0.0
538,1200,2026-03-04,239.54,One-Time Deposit,Banking,0.0
539,1331,2025-07-22,2.67,Round-Up,Invest,0.33
540,1296,2025-09-29,221.51,Recurring Deposit,Invest,0.0
541,1029,2026-04-08,141.29,Recurring Deposit,Invest,0.0
542,1467,2026-01-14,1.57,Round-Up,Invest,0.43
543,1164,2025-11-08,22.11,One-Time Deposit,Banking,0.0
544,1440,2026-03-04,0.34,Round-Up,Banking,0.66
545,1310,2026-02-07,0.81,Round-Up,Banking,0.19
546,1260,2026-02-05,101.95,Recurring Deposit,Banking,0.0
547,1252,2026-01-30,0.81,Round-Up,Banking,0.19
548,1126,2026-01-12,-138.08,Withdrawal,Invest,0.0
549,1123,2026-04-11,0.6,Round-Up,Invest,0.4
550,1149,2026-02-23,243.22,Recurring Deposit,Invest,0.0
551,1397,2026-04-27,41.17,Recurring Deposit,Banking,0.0
552,1318,2025-10-12,1.93,Round-Up,Banking,0.07
553,1253,2026-05-01,1.37,Round-Up,Invest,0.63
554,1341,2026-04-05,79.84,Recurring Deposit,Banking,0.0
555,1447,2026-05-04,70.42,Recurring Deposit,Banking,0.0
556,1330,2025-11-04,2.41,Round-Up,Banking,0.59
557,1495,2026-02-10,245.19,One-Time Deposit,Banking,0.0
558,1148,2025-10-29,0.07,Round-Up,Banking,0.93
559,1216,2025-11-03,1.16,Round-Up,Invest,0.84
560,1417,2026-02-26,113.42,One-Time Deposit,Banking,0.0
561,1489,2026-05-04,2.38,Round-Up,Invest,0.62
562,1427,2026-05-02,118.4,Recurring Deposit,Invest,0.0
563,1412,2026-03-16,128.21,Recurring Deposit,Invest,0.0
564,1204,2026-03-18,-54.85,Withdrawal,Invest,0.0
565,1247,2025-10-13,226.42,Recurring Deposit,Banking,0.0
566,1133,2026-04-03,-189.86,Withdrawal,Invest,0.0
567,1252,2026-01-31,171.84,One-Time Deposit,Banking,0.0
568,1275,2025-11-26,237.73,One-Time Deposit,Invest,0.0
569,1084,2025-09-24,-74.68,Withdrawal,Banking,0.0
570,1313,2026-04-27,24.88,One-Time Deposit,Banking,0.0
571,1408,2025-11-11,1.63,Round-Up,Invest,0.37
572,1090,2025-10-03,249.61,Recurring Deposit,Banking,0.0
573,1490,2026-03-01,-146.72,Withdrawal,Banking,0.0
574,1080,2025-07-07,19.41,Recurring Deposit,Invest,0.0
575,1236,2026-05-03,196.21,One-Time Deposit,Banking,0.0
576,1211,2026-04-16,23.07,Recurring Deposit,Invest,0.0
577,1013,2025-11-22,-137.3,Withdrawal,Invest,0.0
578,1181,2026-03-21,2.44,Round-Up,Banking,0.56
579,1054,2026-03-04,229.18,Recurring Deposit,Invest,0.0
580,1265,2026-04-27,0.58,Round-Up,Invest,0.42
581,1175,2026-04-22,225.12,One-Time Deposit,Invest,0.0
582,1149,2026-02-28,78.27,One-Time Deposit,Invest,0.0
583,1346,2025-11-29,2.96,Round-Up,Invest,0.04
584,1094,2026-05-02,1.63,Round-Up,Banking,0.37
585,1023,2026-05-04,54.32,One-Time Deposit,Banking,0.0
586,1054,2026-03-23,2.05,Round-Up,Banking,0.95
587,1471,2026-03-08,2.94,Round-Up,Invest,0.06
588,1248,2026-02-01,194.67,Recurring Deposit,Invest,0.0
589,1118,2025-12-12,0.98,Round-Up,Banking,0.02
590,1225,2025-07-11,112.12,One-Time Deposit,Invest,0.0
591,1073,2025-07-26,-176.24,Withdrawal,Invest,0.0
592,1447,2026-02-21,0.08,Round-Up,Banking,0.92
593,1069,2026-02-24,1.02,Round-Up,Invest,0.98
594,1141,2026-03-19,177.75,One-Time Deposit,Banking,0.0
595,1247,2025-08-07,128.28,Recurring Deposit,Banking,0.0
596,1089,2026-01-09,-7.77,Withdrawal,Banking,0.0
597,1276,2025-07-30,-155.1,Withdrawal,Banking,0.0
598,1214,2025-11-07,230.37,Recurring Deposit,Invest,0.0
599,1500,2026-03-31,2.96,Round-Up,Invest,0.04
600,1446,2026-02-08,1.27,Round-Up,Banking,0.73
601,1497,2025-11-28,2.85,Round-Up,Banking,0.15
602,1376,2026-04-26,0.12,Round-Up,Banking,0.88
603,1258,2026-03-23,10.54,Recurring Deposit,Banking,0.0
604,1135,2026-05-01,118.73,Recurring Deposit,Banking,0.0
605,1025,2026-05-04,0.76,Round-Up,Banking,0.24
606,1149,2026-03-06,44.38,Recurring Deposit,Invest,0.0
607,1299,2026-02-23,0.4,Round-Up,Invest,0.6
608,1396,2026-03-29,2.62,Round-Up,Banking,0.38
609,1438,2026-04-21,86.38,Recurring Deposit,Banking,0.0
610,1378,2026-05-01,1.88,Round-Up,Banking,0.12
611,1073,2025-07-24,0.48,Round-Up,Invest,0.52
612,1293,2025-11-21,0.63,Round-Up,Banking,0.37
613,1494,2026-01-30,2.98,Round-Up,Banking,0.02
614,1254,2025-12-05,158.0,Recurring Deposit,Invest,0.0
615,1070,2026-04-06,-38.81,Withdrawal,Invest,0.0
616,1333,2025-07-21,0.89,Round-Up,Banking,0.11
617,1315,2025-07-11,0.5,Round-Up,Banking,0.5
618,1489,2026-05-04,84.55,Recurring Deposit,Invest,0.0
619,1043,2025-11-26,-23.12,Withdrawal,Banking,0.0
620,1344,2025-06-21,0.53,Round-Up,Banking,0.47
621,1357,2026-02-23,2.2,Round-Up,Invest,0.8
622,1036,2026-04-21,20.02,Recurring Deposit,Banking,0.0
623,1492,2026-04-20,111.02,One-Time Deposit,Invest,0.0
624,1448,2026-04-14,1.0,Round-Up,Invest,0.0
625,1235,2025-11-04,37.83,One-Time Deposit,Invest,0.0
626,1317,2026-02-06,2.18,Round-Up,Banking,0.82
627,1471,2026-02-19,101.46,One-Time Deposit,Invest,0.0
628,1238,2026-01-20,235.25,One-Time Deposit,Banking,0.0
629,1267,2025-11-07,101.98,Recurring Deposit,Invest,0.0
630,1206,2025-09-21,126.59,One-Time Deposit,Invest,0.0
631,1326,2026-05-02,2.79,Round-Up,Banking,0.21
632,1004,2026-03-12,2.05,Round-Up,Banking,0.95
633,1304,2025-06-19,225.34,Recurring Deposit,Banking,0.0
634,1024,2026-02-11,1.62,Round-Up,Invest,0.38
635,1344,2026-01-09,1.89,Round-Up,Banking,0.11
636,1296,2025-07-16,2.98,Round-Up,Banking,0.02
637,1310,2026-01-28,153.2,Recurring Deposit,Banking,0.0
638,1390,2025-12-16,249.86,One-Time Deposit,Invest,0.0
639,1306,2025-11-14,0.2,Round-Up,Invest,0.8
640,1237,2025-11-05,2.86,Round-Up,Banking,0.14
641,1472,2026-04-10,196.2,Recurring Deposit,Banking,0.0
642,1246,2026-04-16,12.89,One-Time Deposit,Banking,0.0
643,1073,2025-07-21,174.0,Recurring Deposit,Invest,0.0
644,1400,2026-02-06,24.69,Recurring Deposit,Banking,0.0
645,1290,2025-08-11,-62.95,Withdrawal,Invest,0.0
646,1317,2026-04-11,0.45,Round-Up,Banking,0.55
647,1063,2026-02-20,-227.3,Withdrawal,Banking,0.0
648,1074,2026-01-27,2.57,Round-Up,Invest,0.43
649,1360,2026-04-19,0.12,Round-Up,Invest,0.88
650,1026,2026-04-07,148.97,Recurring Deposit,Banking,0.0
651,1003,2026-04-20,0.38,Round-Up,Banking,0.62
652,1403,2026-03-24,1.22,Round-Up,Banking,0.78
653,1457,2026-01-16,2.99,Round-Up,Banking,0.01
654,1181,2026-03-21,188.32,One-Time Deposit,Banking,0.0
655,1006,2025-09-18,0.44,Round-Up,Invest,0.56
656,1104,2026-03-03,94.23,Recurring Deposit,Invest,0.0
657,1464,2026-02-09,47.04,Recurring Deposit,Invest,0.0
658,1267,2026-04-01,150.4,Recurring Deposit,Invest,0.0
659,1439,2026-03-26,2.26,Round-Up,Banking,0.74
660,1153,2025-09-01,-81.54,Withdrawal,Banking,0.0
661,1298,2025-12-16,2.31,Round-Up,Banking,0.69
662,1106,2026-02-17,1.49,Round-Up,Invest,0.51
663,1148,2025-10-08,2.97,Round-Up,Banking,0.03
664,1139,2026-04-27,247.33,One-Time Deposit,Invest,0.0
665,1356,2025-08-01,0.71,Round-Up,Invest,0.29
666,1163,2026-04-30,1.2,Round-Up,Invest,0.8
667,1228,2026-03-24,1.35,Round-Up,Banking,0.65
668,1289,2026-03-09,2.76,Round-Up,Invest,0.24
669,1148,2025-06-27,104.45,One-Time Deposit,Banking,0.0
670,1464,2026-02-22,230.61,Recurring Deposit,Invest,0.0
671,1174,2026-03-16,24.74,Recurring Deposit,Banking,0.0
672,1488,2026-04-13,1.26,Round-Up,Banking,0.74
673,1418,2026-01-25,2.9,Round-Up,Banking,0.1
674,1236,2026-02-04,-203.76,Withdrawal,Banking,0.0
675,1432,2026-03-06,1.91,Round-Up,Banking,0.09
676,1412,2026-01-27,14.62,Recurring Deposit,Invest,0.0
677,1009,2026-04-07,2.31,Round-Up,Banking,0.69
678,1369,2025-06-02,-25.27,Withdrawal,Invest,0.0
679,1247,2026-02-10,0.72,Round-Up,Banking,0.28
680,1231,2025-12-06,2.62,Round-Up,Invest,0.38
681,1217,2026-04-25,24.54,Recurring Deposit,Banking,0.0
682,1025,2026-03-27,140.7,One-Time Deposit,Banking,0.0
683,1162,2026-02-01,2.99,Round-Up,Invest,0.01
684,1122,2026-05-03,246.65,One-Time Deposit,Banking,0.0
685,1405,2025-07-10,182.46,Recurring Deposit,Banking,0.0
686,1400,2026-04-22,2.85,Round-Up,Banking,0.15
687,1209,2026-03-12,0.46,Round-Up,Invest,0.54
688,1041,2025-10-19,177.91,One-Time Deposit,Invest,0.0
689,1119,2025-09-13,1.75,Round-Up,Invest,0.25
690,1236,2026-03-30,214.29,Recurring Deposit,Invest,0.0
691,1375,2026-04-03,2.52,Round-Up,Invest,0.48
692,1422,2025-12-17,2.29,Round-Up,Invest,0.71
693,1413,2025-11-09,2.17,Round-Up,Banking,0.83
694,1156,2026-02-12,238.7,One-Time Deposit,Invest,0.0
695,1297,2025-05-24,0.79,Round-Up,Banking,0.21
696,1012,2026-04-04,2.21,Round-Up,Banking,0.79
697,1100,2026-03-02,1.66,Round-Up,Banking,0.34
698,1012,2026-04-27,-226.21,Withdrawal,Banking,0.0
699,1154,2026-03-15,0.49,Round-Up,Invest,0.51
700,1035,2025-11-04,225.09,Recurring Deposit,Banking,0.0
701,1216,2026-01-12,1.79,Round-Up,Invest,0.21
702,1495,2025-05-21,2.48,Round-Up,Banking,0.52
703,1234,2026-04-26,10.98,One-Time Deposit,Invest,0.0
704,1496,2025-08-29,37.4,One-Time Deposit,Invest,0.0
705,1062,2026-04-01,-37.89,Withdrawal,Invest,0.0
706,1375,2026-04-27,-10.77,Withdrawal,Invest,0.0
707,1076,2026-03-24,33.59,Recurring Deposit,Invest,0.0
708,1233,2025-10-18,230.34,One-Time Deposit,Invest,0.0
709,1160,2025-11-22,167.63,One-Time Deposit,Banking,0.0
710,1245,2026-02-26,2.94,Round-Up,Invest,0.06
711,1331,2025-11-10,-199.37,Withdrawal,Invest,0.0
712,1192,2025-12-19,124.65,One-Time Deposit,Banking,0.0
713,1059,2026-02-18,39.82,One-Time Deposit,Banking,0.0
714,1091,2026-02-12,1.19,Round-Up,Invest,0.81
715,1081,2026-03-18,0.09,Round-Up,Banking,0.91
716,1065,2026-03-01,-176.22,Withdrawal,Banking,0.0
717,1433,2026-04-11,2.84,Round-Up,Invest,0.16
718,1329,2026-01-20,0.05,Round-Up,Invest,0.95
719,1267,2026-01-26,1.64,Round-Up,Invest,0.36
720,1133,2026-02-07,43.41,Recurring Deposit,Invest,0.0
721,1251,2026-05-03,0.87,Round-Up,Banking,0.13
722,1339,2025-08-25,22.2,Recurring Deposit,Invest,0.0
723,1445,2025-11-27,2.58,Round-Up,Invest,0.42
724,1267,2026-04-18,229.43,Recurring Deposit,Invest,0.0
725,1268,2026-02-18,236.7,Recurring Deposit,Invest,0.0
726,1058,2025-11-29,2.07,Round-Up,Banking,0.93
727,1498,2025-12-08,40.28,One-Time Deposit,Banking,0.0
728,1370,2025-07-23,1.53,Round-Up,Banking,0.47
729,1043,2026-01-11,1.92,Round-Up,Banking,0.08
730,1291,2026-04-20,123.88,Recurring Deposit,Banking,0.0
731,1292,2026-05-04,1.46,Round-Up,Banking,0.54
732,1022,2026-03-04,2.54,Round-Up,Banking,0.46
733,1014,2025-09-28,1.94,Round-Up,Invest,0.06
734,1219,2025-10-22,2.41,Round-Up,Invest,0.59
735,1400,2026-02-23,230.71,Recurring Deposit,Banking,0.0
736,1358,2026-04-24,0.58,Round-Up,Banking,0.42
737,1272,2026-05-03,-181.77,Withdrawal,Banking,0.0
738,1025,2026-04-04,-87.38,Withdrawal,Banking,0.0
739,1099,2026-02-24,1.75,Round-Up,Banking,0.25
740,1208,2025-12-31,2.04,Round-Up,Banking,0.96
741,1135,2026-04-29,135.63,Recurring Deposit,Banking,0.0
742,1326,2026-05-03,0.1,Round-Up,Banking,0.9
743,1109,2026-04-06,0.28,Round-Up,Banking,0.72
744,1197,2026-04-17,0.24,Round-Up,Invest,0.76
745,1003,2026-04-23,184.93,One-Time Deposit,Banking,0.0
746,1283,2026-04-04,45.35,Recurring Deposit,Banking,0.0
747,1474,2026-04-03,2.53,Round-Up,Banking,0.47
748,1165,2025-07-31,2.21,Round-Up,Banking,0.79
749,1250,2026-05-04,-7.94,Withdrawal,Banking,0.0
750,1066,2025-12-23,19.42,Recurring Deposit,Invest,0.0
751,1327,2026-03-21,163.33,One-Time Deposit,Banking,0.0
752,1236,2026-03-03,99.01,Recurring Deposit,Banking,0.0
753,1491,2026-04-02,2.56,Round-Up,Invest,0.44
754,1387,2025-11-16,15.88,Recurring Deposit,Invest,0.0
755,1064,2026-02-10,2.1,Round-Up,Banking,0.9
756,1480,2026-02-03,1.03,Round-Up,Invest,0.97
757,1330,2025-09-26,183.25,Recurring Deposit,Banking,0.0
758,1232,2026-02-17,2.87,Round-Up,Invest,0.13
759,1010,2026-04-20,-235.68,Withdrawal,Banking,0.0
760,1123,2026-02-17,2.32,Round-Up,Invest,0.68
761,1129,2025-08-24,-182.78,Withdrawal,Invest,0.0
762,1412,2026-03-22,-74.25,Withdrawal,Invest,0.0
763,1111,2025-11-25,2.23,Round-Up,Banking,0.77
764,1173,2026-04-08,40.15,Recurring Deposit,Banking,0.0
765,1269,2026-05-02,2.17,Round-Up,Banking,0.83
766,1413,2025-08-27,-13.14,Withdrawal,Banking,0.0
767,1412,2025-12-26,58.07,One-Time Deposit,Invest,0.0
768,1437,2026-04-27,23.34,Recurring Deposit,Invest,0.0
769,1444,2026-02-14,100.01,One-Time Deposit,Banking,0.0
770,1237,2025-08-11,0.87,Round-Up,Invest,0.13
771,1281,2026-01-15,2.21,Round-Up,Banking,0.79
772,1486,2026-04-16,1.77,Round-Up,Banking,0.23
773,1371,2025-11-16,165.84,Recurring Deposit,Banking,0.0
774,1274,2026-01-29,129.83,One-Time Deposit,Banking,0.0
775,1281,2025-10-30,63.04,Recurring Deposit,Banking,0.0
776,1377,2026-01-01,2.61,Round-Up,Invest,0.39
777,1412,2025-11-24,18.28,One-Time Deposit,Invest,0.0
778,1319,2025-11-14,1.34,Round-Up,Banking,0.66
779,1401,2025-09-19,157.2,Recurring Deposit,Invest,0.0
780,1264,2026-01-29,-113.06,Withdrawal,Invest,0.0
781,1382,2026-04-23,1.35,Round-Up,Invest,0.65
782,1178,2026-04-28,2.69,Round-Up,Invest,0.31
783,1476,2026-03-27,2.37,Round-Up,Banking,0.63
784,1393,2025-05-20,210.01,Recurring Deposit,Invest,0.0
785,1340,2025-11-26,235.64,One-Time Deposit,Banking,0.0
786,1304,2025-11-18,80.41,Recurring Deposit,Banking,0.0
787,1282,2026-03-10,1.79,Round-Up,Invest,0.21
788,1213,2026-05-01,9.59,Recurring Deposit,Invest,0.0
789,1183,2026-02-27,236.02,Recurring Deposit,Banking,0.0
790,1020,2026-01-19,1.06,Round-Up,Banking,0.94
791,1084,2025-09-28,104.02,One-Time Deposit,Banking,0.0
792,1421,2025-12-08,2.17,Round-Up,Banking,0.83
793,1440,2026-02-25,134.02,One-Time Deposit,Banking,0.0
794,1127,2026-01-27,143.71,Recurring Deposit,Invest,0.0
795,1037,2026-04-24,2.14,Round-Up,Banking,0.86
796,1408,2025-11-08,127.17,Recurring Deposit,Invest,0.0
797,1292,2026-05-02,229.96,One-Time Deposit,Banking,0.0
798,1276,2025-06-19,0.45,Round-Up,Banking,0.55
799,1237,2025-11-18,67.5,One-Time Deposit,Banking,0.0
800,1011,2025-08-09,12.64,One-Time Deposit,Banking,0.0
801,1164,2025-08-26,1.03,Round-Up,Banking,0.97
802,1054,2026-04-29,1.71,Round-Up,Banking,0.29
803,1146,2026-04-28,0.17,Round-Up,Banking,0.83
804,1240,2026-01-22,1.53,Round-Up,Banking,0.47
805,1134,2026-04-22,1.11,Round-Up,Banking,0.89
806,1223,2026-02-24,1.61,Round-Up,Banking,0.39
807,1331,2026-02-06,1.27,Round-Up,Invest,0.73
808,1164,2026-03-14,-196.31,Withdrawal,Banking,0.0
809,1373,2025-09-02,2.71,Round-Up,Banking,0.29
810,1222,2026-04-16,95.78,Recurring Deposit,Invest,0.0
811,1216,2025-07-26,241.52,One-Time Deposit,Invest,0.0
812,1356,2026-03-31,44.23,Recurring Deposit,Invest,0.0
813,1120,2026-01-23,1.62,Round-Up,Banking,0.38
814,1414,2026-03-01,-83.64,Withdrawal,Invest,0.0
815,1415,2025-11-26,134.23,One-Time Deposit,Banking,0.0
816,1077,2026-01-07,140.31,Recurring Deposit,Invest,0.0
817,1474,2026-04-17,1.38,Round-Up,Banking,0.62
818,1387,2026-03-13,0.03,Round-Up,Invest,0.97
819,1044,2026-02-10,160.45,Recurring Deposit,Invest,0.0
820,1038,2025-12-27,1.11,Round-Up,Invest,0.89
821,1106,2026-02-27,27.21,One-Time Deposit,Invest,0.0
822,1287,2026-04-19,2.82,Round-Up,Invest,0.18
823,1446,2026-04-18,164.28,One-Time Deposit,Banking,0.0
824,1483,2026-03-01,-38.5,Withdrawal,Banking,0.0
825,1273,2026-05-01,171.01,One-Time Deposit,Banking,0.0
826,1091,2025-12-05,19.46,Recurring Deposit,Invest,0.0
827,1382,2026-04-10,87.06,One-Time Deposit,Invest,0.0
828,1243,2026-04-16,212.44,One-Time Deposit,Banking,0.0
829,1286,2026-02-18,-194.7,Withdrawal,Banking,0.0
830,1375,2026-04-17,162.97,Recurring Deposit,Invest,0.0
831,1148,2025-12-16,218.26,Recurring Deposit,Banking,0.0
832,1415,2026-02-12,1.55,Round-Up,Banking,0.45
833,1487,2026-04-12,132.25,One-Time Deposit,Invest,0.0
834,1249,2026-05-03,0.5,Round-Up,Banking,0.5
835,1494,2026-05-01,0.67,Round-Up,Invest,0.33
836,1403,2026-02-05,152.33,One-Time Deposit,Invest,0.0
837,1171,2025-12-22,105.17,Recurring Deposit,Invest,0.0
838,1113,2026-04-24,226.09,Recurring Deposit,Invest,0.0
839,1290,2025-06-01,1.57,Round-Up,Invest,0.43
840,1100,2025-10-20,0.58,Round-Up,Banking,0.42
841,1050,2026-01-05,53.2,Recurring Deposit,Invest,0.0
842,1027,2025-10-31,1.16,Round-Up,Invest,0.84
843,1288,2026-03-25,83.15,One-Time Deposit,Invest,0.0
844,1165,2025-10-25,1.33,Round-Up,Banking,0.67
845,1224,2026-02-19,1.18,Round-Up,Invest,0.82
846,1016,2025-12-04,-46.4,Withdrawal,Invest,0.0
847,1353,2025-12-15,0.73,Round-Up,Banking,0.27
848,1115,2026-01-14,0.25,Round-Up,Banking,0.75
849,1061,2026-05-01,0.08,Round-Up,Invest,0.92
850,1150,2025-10-24,-93.72,Withdrawal,Invest,0.0
851,1008,2026-05-02,216.83,Recurring Deposit,Banking,0.0
852,1427,2026-03-02,1.02,Round-Up,Invest,0.98
853,1176,2026-01-31,2.32,Round-Up,Banking,0.68
854,1157,2026-04-24,79.17,One-Time Deposit,Invest,0.0
855,1434,2025-12-29,1.84,Round-Up,Banking,0.16
856,1246,2026-05-01,166.11,Recurring Deposit,Banking,0.0
857,1236,2026-04-22,0.85,Round-Up,Banking,0.15
858,1476,2026-03-15,2.66,Round-Up,Banking,0.34
859,1389,2026-01-09,166.91,Recurring Deposit,Banking,0.0
860,1132,2026-03-08,1.21,Round-Up,Banking,0.79
861,1379,2026-04-11,94.71,Recurring Deposit,Invest,0.0
862,1011,2025-07-18,0.3,Round-Up,Banking,0.7
863,1230,2026-03-05,2.93,Round-Up,Invest,0.07
864,1468,2026-03-29,-55.38,Withdrawal,Invest,0.0
865,1030,2025-10-02,1.03,Round-Up,Invest,0.97
866,1471,2026-02-21,6.31,Recurring Deposit,Invest,0.0
867,1098,2026-04-26,0.23,Round-Up,Banking,0.77
868,1047,2026-05-02,106.5,One-Time Deposit,Invest,0.0
869,1110,2026-04-22,52.35,Recurring Deposit,Invest,0.0
870,1346,2025-10-12,0.88,Round-Up,Invest,0.12
871,1235,2026-01-11,203.61,Recurring Deposit,Invest,0.0
872,1301,2025-10-19,32.24,One-Time Deposit,Banking,0.0
873,1472,2026-04-14,0.38,Round-Up,Banking,0.62
874,1218,2026-03-23,86.85,One-Time Deposit,Banking,0.0
875,1139,2026-04-13,158.37,One-Time Deposit,Invest,0.0
876,1241,2026-03-27,0.7,Round-Up,Invest,0.3
877,1161,2026-01-31,0.85,Round-Up,Invest,0.15
878,1211,2026-04-19,2.92,Round-Up,Invest,0.08
879,1286,2026-01-29,0.54,Round-Up,Banking,0.46
880,1157,2026-04-18,134.57,Recurring Deposit,Invest,0.0
881,1101,2025-06-15,154.73,One-Time Deposit,Banking,0.0
882,1023,2026-04-26,-131.47,Withdrawal,Banking,0.0
883,1114,2026-05-03,2.94,Round-Up,Banking,0.06
884,1122,2026-04-15,2.45,Round-Up,Banking,0.55
885,1041,2026-01-18,69.68,Recurring Deposit,Invest,0.0
886,1322,2025-10-20,36.35,One-Time Deposit,Banking,0.0
887,1411,2026-03-16,205.77,One-Time Deposit,Invest,0.0
888,1423,2025-07-28,2.67,Round-Up,Invest,0.33
889,1319,2025-11-11,2.74,Round-Up,Banking,0.26
890,1241,2025-11-23,1.26,Round-Up,Invest,0.74
891,1091,2025-11-19,-232.07,Withdrawal,Invest,0.0
892,1011,2025-07-12,0.51,Round-Up,Banking,0.49
893,1007,2025-08-17,39.86,Recurring Deposit,Banking,0.0
894,1318,2025-10-10,223.36,Recurring Deposit,Banking,0.0
895,1160,2025-12-06,1.16,Round-Up,Banking,0.84
896,1363,2026-04-05,8.1,One-Time Deposit,Invest,0.0
897,1500,2026-02-04,100.87,Recurring Deposit,Invest,0.0
898,1473,2026-03-14,129.75,Recurring Deposit,Banking,0.0
899,1363,2026-02-28,2.67,Round-Up,Invest,0.33
900,1210,2025-12-29,2.91,Round-Up,Banking,0.09
901,1039,2026-01-03,2.16,Round-Up,Banking,0.84
902,1279,2026-01-25,1.65,Round-Up,Invest,0.35
903,1425,2025-06-05,91.4,One-Time Deposit,Invest,0.0
904,1291,2026-04-28,88.01,Recurring Deposit,Banking,0.0
905,1206,2025-10-02,1.77,Round-Up,Banking,0.23
906,1368,2026-04-21,16.95,Recurring Deposit,Invest,0.0
907,1093,2026-03-21,114.04,One-Time Deposit,Banking,0.0
908,1320,2026-04-24,2.54,Round-Up,Banking,0.46
909,1254,2025-12-20,0.04,Round-Up,Invest,0.96
910,1484,2026-04-17,28.53,Recurring Deposit,Invest,0.0
911,1077,2025-08-16,105.8,Recurring Deposit,Banking,0.0
912,1366,2026-03-08,104.67,Recurring Deposit,Banking,0.0
913,1477,2025-07-17,2.06,Round-Up,Invest,0.94
914,1055,2025-12-03,1.25,Round-Up,Banking,0.75
915,1460,2026-04-05,1.09,Round-Up,Invest,0.91
916,1460,2026-05-01,37.93,One-Time Deposit,Invest,0.0
917,1368,2026-04-10,238.72,Recurring Deposit,Invest,0.0
918,1322,2025-08-22,1.83,Round-Up,Banking,0.17
919,1413,2025-12-08,158.43,Recurring Deposit,Banking,0.0
920,1135,2026-05-02,111.27,One-Time Deposit,Banking,0.0
921,1447,2025-12-15,88.86,Recurring Deposit,Banking,0.0
922,1446,2026-02-28,-57.11,Withdrawal,Banking,0.0
923,1454,2025-08-13,0.65,Round-Up,Invest,0.35
924,1414,2025-07-10,-238.87,Withdrawal,Invest,0.0
925,1330,2026-04-18,2.62,Round-Up,Banking,0.38
926,1011,2025-08-21,0.16,Round-Up,Banking,0.84
927,1301,2025-10-04,41.45,Recurring Deposit,Invest,0.0
928,1206,2025-10-09,-234.35,Withdrawal,Invest,0.0
929,1299,2026-03-24,90.87,One-Time Deposit,Invest,0.0
930,1288,2026-03-25,98.03,One-Time Deposit,Invest,0.0
931,1193,2026-04-15,118.4,Recurring Deposit,Invest,0.0
932,1344,2025-11-09,180.97,Recurring Deposit,Banking,0.0
933,1288,2025-11-28,1.72,Round-Up,Invest,0.28
934,1358,2026-04-29,122.5,Recurring Deposit,Banking,0.0
935,1299,2026-01-25,133.17,One-Time Deposit,Invest,0.0
936,1319,2025-05-22,12.35,One-Time Deposit,Banking,0.0
937,1252,2026-02-08,0.59,Round-Up,Banking,0.41
938,1404,2026-02-05,89.77,One-Time Deposit,Banking,0.0
939,1499,2025-09-04,-141.89,Withdrawal,Banking,0.0
940,1491,2026-04-22,141.78,One-Time Deposit,Invest,0.0
941,1166,2026-04-25,-178.93,Withdrawal,Banking,0.0
942,1056,2025-06-26,1.79,Round-Up,Invest,0.21
943,1224,2026-01-29,62.63,Recurring Deposit,Banking,0.0
944,1491,2026-04-14,193.7,Recurring Deposit,Invest,0.0
945,1177,2026-04-25,9.8,Recurring Deposit,Banking,0.0
946,1439,2025-08-22,180.46,One-Time Deposit,Banking,0.0
947,1444,2026-03-05,30.0,One-Time Deposit,Banking,0.0
948,1309,2026-04-03,183.76,Recurring Deposit,Invest,0.0
949,1500,2026-04-26,134.14,Recurring Deposit,Invest,0.0
950,1347,2026-01-22,2.24,Round-Up,Invest,0.76
951,1135,2026-04-12,174.21,Recurring Deposit,Banking,0.0
952,1121,2026-02-12,1.06,Round-Up,Invest,0.94
953,1050,2026-04-13,0.36,Round-Up,Invest,0.64
954,1332,2026-03-05,156.03,Recurring Deposit,Banking,0.0
955,1031,2026-04-05,0.57,Round-Up,Invest,0.43
956,1231,2026-04-12,98.37,Recurring Deposit,Invest,0.0
957,1288,2026-01-29,2.68,Round-Up,Invest,0.32
958,1183,2026-04-12,1.11,Round-Up,Banking,0.89
959,1162,2025-10-18,157.47,One-Time Deposit,Invest,0.0
960,1433,2026-04-26,0.26,Round-Up,Invest,0.74
961,1253,2026-04-01,219.79,Recurring Deposit,Banking,0.0
962,1278,2026-01-27,1.45,Round-Up,Banking,0.55
963,1315,2025-07-16,2.93,Round-Up,Banking,0.07
964,1351,2026-03-24,2.54,Round-Up,Banking,0.46
965,1043,2026-01-12,1.37,Round-Up,Banking,0.63
966,1274,2026-01-30,175.94,Recurring Deposit,Banking,0.0
967,1249,2026-04-28,0.59,Round-Up,Banking,0.41
968,1355,2025-12-31,244.18,One-Time Deposit,Banking,0.0
969,1164,2026-04-01,-83.05,Withdrawal,Banking,0.0
970,1258,2026-02-14,135.46,Recurring Deposit,Banking,0.0
971,1458,2026-04-28,9.65,Recurring Deposit,Banking,0.0
972,1342,2026-03-06,2.16,Round-Up,Banking,0.84
973,1196,2026-04-19,1.48,Round-Up,Invest,0.52
974,1052,2026-03-07,52.89,Recurring Deposit,Banking,0.0
975,1453,2025-09-17,233.64,Recurring Deposit,Banking,0.0
976,1368,2026-04-26,82.38,One-Time Deposit,Invest,0.0
977,1007,2025-10-15,174.59,Recurring Deposit,Banking,0.0
978,1375,2026-04-26,2.5,Round-Up,Invest,0.5
979,1324,2026-03-08,2.71,Round-Up,Banking,0.29
980,1384,2026-01-30,229.81,Recurring Deposit,Banking,0.0
981,1206,2025-10-06,216.75,Recurring Deposit,Invest,0.0
982,1075,2025-09-11,248.68,One-Time Deposit,Invest,0.0
983,1490,2026-04-04,49.74,Recurring Deposit,Banking,0.0
984,1293,2025-10-06,0.5,Round-Up,Banking,0.5
985,1381,2025-07-03,0.22,Round-Up,Invest,0.78
986,1070,2026-03-21,184.6,Recurring Deposit,Invest,0.0
987,1018,2025-11-28,135.98,Recurring Deposit,Invest,0.0
988,1059,2026-03-31,23.11,One-Time Deposit,Banking,0.0
989,1340,2025-12-04,1.3,Round-Up,Banking,0.7
990,1225,2025-09-08,2.18,Round-Up,Invest,0.82
991,1019,2025-11-19,104.35,Recurring Deposit,Invest,0.0
992,1478,2026-03-16,0.62,Round-Up,Banking,0.38
993,1019,2025-11-16,9.73,Recurring Deposit,Invest,0.0
994,1357,2026-01-10,-63.14,Withdrawal,Invest,0.0
995,1292,2026-05-03,176.48,Recurring Deposit,Banking,0.0
996,1201,2026-04-03,2.99,Round-Up,Banking,0.01
997,1387,2026-02-20,27.91,Recurring Deposit,Invest,0.0
998,1404,2025-11-26,2.69,Round-Up,Banking,0.31
999,1137,2026-04-18,1.15,Round-Up,Banking,0.85
1000,1002,2026-03-23,2.07,Round-Up,Banking,0.93
1001,1362,2025-11-13,1.8,Round-Up,Banking,0.2
1002,1125,2026-03-19,-180.24,Withdrawal,Banking,0.0
1003,1065,2026-02-13,0.24,Round-Up,Banking,0.76
1004,1497,2026-01-14,0.07,Round-Up,Banking,0.93
1005,1090,2025-11-13,-188.23,Withdrawal,Banking,0.0
1006,1370,2025-08-05,2.24,Round-Up,Banking,0.76
1007,1270,2025-11-14,57.2,Recurring Deposit,Banking,0.0
1008,1383,2026-01-06,1.82,Round-Up,Banking,0.18
1009,1082,2026-01-06,0.87,Round-Up,Banking,0.13
1010,1092,2026-04-18,-13.79,Withdrawal,Banking,0.0
1011,1352,2026-03-21,2.4,Round-Up,Invest,0.6
1012,1288,2026-02-07,164.79,One-Time Deposit,Invest,0.0
1013,1009,2026-04-29,1.58,Round-Up,Banking,0.42
1014,1266,2025-12-07,0.86,Round-Up,Banking,0.14
1015,1349,2026-04-06,2.43,Round-Up,Invest,0.57
1016,1480,2025-11-29,0.57,Round-Up,Invest,0.43
1017,1465,2026-04-23,0.88,Round-Up,Banking,0.12
1018,1340,2026-02-09,107.41,Recurring Deposit,Banking,0.0
1019,1014,2025-10-05,179.64,One-Time Deposit,Invest,0.0
1020,1304,2026-04-09,2.06,Round-Up,Banking,0.94
1021,1015,2025-09-08,1.96,Round-Up,Invest,0.04
1022,1228,2026-04-18,-39.88,Withdrawal,Banking,0.0
1023,1324,2025-11-02,-36.26,Withdrawal,Invest,0.0
1024,1348,2026-01-23,239.96,Recurring Deposit,Invest,0.0
1025,1215,2026-02-16,97.26,Recurring Deposit,Invest,0.0
1026,1383,2025-10-27,1.23,Round-Up,Invest,0.77
1027,1076,2026-02-01,1.77,Round-Up,Invest,0.23
1028,1163,2026-04-19,16.62,One-Time Deposit,Banking,0.0
1029,1295,2026-04-11,64.05,One-Time Deposit,Invest,0.0
1030,1347,2025-12-06,208.88,One-Time Deposit,Invest,0.0
1031,1468,2026-02-25,0.69,Round-Up,Invest,0.31
1032,1413,2026-01-19,-96.37,Withdrawal,Banking,0.0
1033,1438,2026-04-22,96.84,Recurring Deposit,Banking,0.0
1034,1404,2025-09-30,1.6,Round-Up,Banking,0.4
1035,1212,2026-03-07,77.29,Recurring Deposit,Banking,0.0
1036,1333,2025-07-05,2.07,Round-Up,Banking,0.93
1037,1078,2025-08-06,2.86,Round-Up,Banking,0.14
1038,1472,2026-03-21,0.35,Round-Up,Banking,0.65
1039,1263,2025-10-08,2.5,Round-Up,Invest,0.5
1040,1460,2026-04-05,1.76,Round-Up,Invest,0.24
1041,1130,2026-03-30,186.3,Recurring Deposit,Invest,0.0
1042,1079,2025-12-23,0.9,Round-Up,Banking,0.1
1043,1231,2025-12-14,22.61,One-Time Deposit,Invest,0.0
1044,1247,2025-08-17,2.08,Round-Up,Banking,0.92
1045,1495,2026-04-21,0.74,Round-Up,Banking,0.26
1046,1496,2025-10-23,19.23,Recurring Deposit,Invest,0.0
1047,1155,2026-04-16,19.66,One-Time Deposit,Banking,0.0
1048,1046,2026-03-12,-95.8,Withdrawal,Invest,0.0
1049,1343,2025-12-07,-52.77,Withdrawal,Banking,0.0
1050,1118,2025-09-27,2.61,Round-Up,Banking,0.39
1051,1444,2026-04-25,1.42,Round-Up,Banking,0.58
1052,1007,2025-09-26,75.39,Recurring Deposit,Banking,0.0
1053,1363,2026-04-04,-177.67,Withdrawal,Invest,0.0
1054,1278,2026-04-02,96.86,One-Time Deposit,Banking,0.0
1055,1060,2025-10-09,37.37,Recurring Deposit,Banking,0.0
1056,1209,2026-03-03,63.12,Recurring Deposit,Invest,0.0
1057,1367,2026-04-12,1.89,Round-Up,Banking,0.11
1058,1163,2026-04-21,17.71,One-Time Deposit,Banking,0.0
1059,1438,2026-04-27,71.81,Recurring Deposit,Invest,0.0
1060,1457,2026-01-23,56.04,Recurring Deposit,Banking,0.0
1061,1329,2025-10-04,2.56,Round-Up,Invest,0.44
1062,1270,2025-08-04,2.61,Round-Up,Banking,0.39
1063,1475,2026-04-10,2.02,Round-Up,Banking,0.98
1064,1228,2025-11-07,2.0,Round-Up,Banking,0.0
1065,1438,2026-04-27,-163.2,Withdrawal,Banking,0.0
1066,1074,2025-11-21,0.62,Round-Up,Invest,0.38
1067,1377,2026-03-20,1.29,Round-Up,Banking,0.71
1068,1476,2026-02-15,2.09,Round-Up,Invest,0.91
1069,1414,2025-12-23,106.53,One-Time Deposit,Invest,0.0
1070,1083,2025-11-13,96.25,One-Time Deposit,Banking,0.0
1071,1143,2026-01-07,2.86,Round-Up,Banking,0.14
1072,1450,2025-06-29,2.54,Round-Up,Banking,0.46
1073,1275,2026-03-18,0.79,Round-Up,Invest,0.21
1074,1049,2026-04-03,129.75,One-Time Deposit,Banking,0.0
1075,1485,2026-03-10,2.77,Round-Up,Banking,0.23
1076,1042,2025-08-28,-101.03,Withdrawal,Invest,0.0
1077,1298,2025-06-11,15.62,One-Time Deposit,Banking,0.0
1078,1005,2026-03-15,1.37,Round-Up,Banking,0.63
1079,1116,2026-03-29,76.32,Recurring Deposit,Invest,0.0
1080,1184,2026-03-16,2.51,Round-Up,Invest,0.49
1081,1488,2025-09-11,84.44,Recurring Deposit,Banking,0.0
1082,1360,2026-03-02,0.2,Round-Up,Banking,0.8
1083,1122,2026-04-24,205.61,One-Time Deposit,Banking,0.0
1084,1118,2025-08-30,149.07,Recurring Deposit,Banking,0.0
1085,1096,2026-05-02,-84.01,Withdrawal,Banking,0.0
1086,1215,2025-12-25,2.16,Round-Up,Invest,0.84
1087,1031,2026-04-25,0.62,Round-Up,Invest,0.38
1088,1173,2026-04-06,233.66,One-Time Deposit,Banking,0.0
1089,1376,2025-12-07,-161.34,Withdrawal,Banking,0.0
1090,1062,2026-04-16,-11.61,Withdrawal,Invest,0.0
1091,1124,2026-04-04,1.81,Round-Up,Invest,0.19
1092,1402,2026-05-03,2.06,Round-Up,Invest,0.94
1093,1104,2025-09-28,243.28,One-Time Deposit,Invest,0.0
1094,1309,2025-11-10,1.02,Round-Up,Invest,0.98
1095,1045,2026-01-21,1.86,Round-Up,Banking,0.14
1096,1418,2026-01-11,2.93,Round-Up,Banking,0.07
1097,1017,2026-01-08,123.96,One-Time Deposit,Banking,0.0
1098,1375,2026-04-03,-50.83,Withdrawal,Invest,0.0
1099,1282,2026-03-10,-176.19,Withdrawal,Invest,0.0
1100,1175,2026-04-28,0.24,Round-Up,Invest,0.76
1101,1267,2025-09-17,12.44,One-Time Deposit,Invest,0.0
1102,1084,2025-09-21,163.41,Recurring Deposit,Banking,0.0
1103,1092,2026-03-11,0.37,Round-Up,Banking,0.63
1104,1334,2025-08-22,40.3,Recurring Deposit,Banking,0.0
1105,1153,2025-09-08,0.02,Round-Up,Invest,0.98
1106,1108,2026-04-12,1.21,Round-Up,Banking,0.79
1107,1450,2025-06-17,0.33,Round-Up,Banking,0.67
1108,1325,2026-03-01,0.08,Round-Up,Banking,0.92
1109,1227,2026-01-22,11.73,Recurring Deposit,Banking,0.0
1110,1132,2026-03-01,2.75,Round-Up,Invest,0.25
1111,1400,2026-04-10,0.63,Round-Up,Banking,0.37
1112,1175,2026-04-14,1.62,Round-Up,Invest,0.38
1113,1346,2025-12-30,156.93,Recurring Deposit,Invest,0.0
1114,1095,2026-03-10,103.92,One-Time Deposit,Banking,0.0
1115,1068,2025-11-10,75.72,One-Time Deposit,Invest,0.0
1116,1225,2025-11-08,203.28,One-Time Deposit,Invest,0.0
1117,1072,2026-05-04,2.1,Round-Up,Banking,0.9
1118,1017,2026-03-11,0.39,Round-Up,Banking,0.61
1119,1422,2025-12-09,14.58,Recurring Deposit,Banking,0.0
1120,1032,2026-03-08,2.31,Round-Up,Invest,0.69
1121,1263,2025-11-26,2.0,Round-Up,Invest,0.0
1122,1234,2026-04-26,52.73,Recurring Deposit,Banking,0.0
1123,1237,2025-10-27,1.41,Round-Up,Banking,0.59
1124,1481,2026-04-28,1.5,Round-Up,Banking,0.5
1125,1418,2025-09-24,44.93,One-Time Deposit,Banking,0.0
1126,1301,2025-12-01,1.18,Round-Up,Banking,0.82
1127,1252,2026-01-26,170.39,Recurring Deposit,Banking,0.0
1128,1444,2026-02-02,84.98,One-Time Deposit,Banking,0.0
1129,1328,2026-03-20,138.91,One-Time Deposit,Invest,0.0
1130,1366,2026-03-30,113.89,Recurring Deposit,Banking,0.0
1131,1225,2025-12-02,1.14,Round-Up,Invest,0.86
1132,1339,2025-10-22,1.25,Round-Up,Invest,0.75
1133,1016,2026-01-22,1.13,Round-Up,Invest,0.87
1134,1435,2026-04-16,1.61,Round-Up,Invest,0.39
1135,1455,2026-05-03,-206.84,Withdrawal,Banking,0.0
1136,1042,2025-10-05,24.55,Recurring Deposit,Banking,0.0
1137,1245,2026-02-04,2.09,Round-Up,Invest,0.91
1138,1277,2026-02-17,2.7,Round-Up,Invest,0.3
1139,1192,2026-05-03,2.13,Round-Up,Banking,0.87
1140,1159,2026-05-04,2.91,Round-Up,Banking,0.09
1141,1063,2025-11-18,1.91,Round-Up,Banking,0.09
1142,1495,2026-03-09,30.52,One-Time Deposit,Banking,0.0
1143,1005,2026-02-26,38.23,Recurring Deposit,Invest,0.0
1144,1487,2026-04-24,204.32,Recurring Deposit,Invest,0.0
1145,1474,2026-04-02,1.74,Round-Up,Banking,0.26
1146,1306,2026-02-12,2.95,Round-Up,Invest,0.05
1147,1022,2026-02-24,7.73,One-Time Deposit,Banking,0.0
1148,1462,2026-03-03,86.08,Recurring Deposit,Banking,0.0
1149,1138,2026-04-09,12.47,Recurring Deposit,Invest,0.0
1150,1206,2025-10-03,-207.85,Withdrawal,Banking,0.0
1151,1440,2025-12-26,125.42,One-Time Deposit,Banking,0.0
1152,1393,2025-09-01,162.26,Recurring Deposit,Invest,0.0
1153,1488,2025-09-20,2.93,Round-Up,Banking,0.07
1154,1372,2025-07-14,89.65,One-Time Deposit,Invest,0.0
1155,1371,2025-08-14,0.88,Round-Up,Banking,0.12
1156,1409,2026-04-22,0.99,Round-Up,Invest,0.01
1157,1190,2026-04-10,175.41,One-Time Deposit,Banking,0.0
1158,1395,2026-04-15,1.19,Round-Up,Invest,0.81
1159,1168,2025-07-28,0.31,Round-Up,Invest,0.69
1160,1265,2026-02-12,2.29,Round-Up,Invest,0.71
1161,1268,2026-03-14,1.1,Round-Up,Invest,0.9
1162,1319,2025-08-19,2.64,Round-Up,Banking,0.36
1163,1273,2026-04-24,2.78,Round-Up,Banking,0.22
1164,1043,2025-12-11,0.08,Round-Up,Banking,0.92
1165,1284,2026-05-04,2.97,Round-Up,Banking,0.03
1166,1330,2026-03-14,-128.46,Withdrawal,Invest,0.0
1167,1078,2025-08-09,1.57,Round-Up,Banking,0.43
1168,1234,2026-05-04,1.17,Round-Up,Banking,0.83
1169,1226,2025-06-03,206.07,One-Time Deposit,Banking,0.0
1170,1038,2026-04-06,146.18,Recurring Deposit,Invest,0.0
1171,1149,2026-03-21,27.65,Recurring Deposit,Invest,0.0
1172,1214,2026-04-08,0.29,Round-Up,Invest,0.71
1173,1012,2026-04-03,109.14,One-Time Deposit,Banking,0.0
1174,1370,2025-09-16,203.79,Recurring Deposit,Banking,0.0
1175,1105,2026-02-18,230.13,Recurring Deposit,Invest,0.0
1176,1368,2026-04-17,152.11,Recurring Deposit,Invest,0.0
1177,1257,2025-12-15,184.25,Recurring Deposit,Invest,0.0
1178,1421,2026-01-23,18.86,Recurring Deposit,Banking,0.0
1179,1251,2026-04-09,142.26,One-Time Deposit,Banking,0.0
1180,1436,2026-02-16,2.68,Round-Up,Invest,0.32
1181,1027,2025-10-06,126.71,One-Time Deposit,Invest,0.0
1182,1107,2026-04-26,150.42,Recurring Deposit,Banking,0.0
1183,1348,2026-03-06,1.54,Round-Up,Invest,0.46
1184,1096,2026-03-23,-53.53,Withdrawal,Banking,0.0
1185,1365,2025-07-27,0.19,Round-Up,Invest,0.81
1186,1151,2026-04-19,174.21,One-Time Deposit,Invest,0.0
1187,1224,2026-04-12,206.6,Recurring Deposit,Banking,0.0
1188,1057,2026-03-02,2.25,Round-Up,Invest,0.75
1189,1308,2026-04-27,162.2,One-Time Deposit,Invest,0.0
1190,1238,2026-02-08,2.59,Round-Up,Banking,0.41
1191,1231,2025-08-08,1.03,Round-Up,Invest,0.97
1192,1164,2025-12-26,2.84,Round-Up,Banking,0.16
1193,1020,2026-02-25,0.22,Round-Up,Banking,0.78
1194,1249,2025-08-30,1.46,Round-Up,Banking,0.54
1195,1072,2026-02-09,-62.97,Withdrawal,Banking,0.0
1196,1325,2025-07-06,-101.69,Withdrawal,Banking,0.0
1197,1072,2025-12-25,2.32,Round-Up,Banking,0.68
1198,1008,2026-04-20,83.8,Recurring Deposit,Banking,0.0
1199,1408,2025-11-30,0.06,Round-Up,Invest,0.94
1200,1404,2025-12-21,1.83,Round-Up,Banking,0.17
1201,1071,2026-04-24,1.48,Round-Up,Invest,0.52
1202,1220,2026-04-03,-120.86,Withdrawal,Invest,0.0
1203,1186,2026-03-13,-193.3,Withdrawal,Invest,0.0
1204,1151,2026-03-11,2.69,Round-Up,Invest,0.31
1205,1414,2025-10-20,0.88,Round-Up,Invest,0.12
1206,1174,2026-01-10,1.63,Round-Up,Invest,0.37
1207,1061,2026-01-09,183.95,One-Time Deposit,Invest,0.0
1208,1186,2026-03-05,75.53,One-Time Deposit,Invest,0.0
1209,1010,2026-04-29,2.79,Round-Up,Invest,0.21
1210,1438,2026-04-19,170.61,Recurring Deposit,Banking,0.0
1211,1264,2025-11-24,2.42,Round-Up,Invest,0.58
1212,1187,2025-06-11,-201.4,Withdrawal,Banking,0.0
1213,1160,2026-03-16,155.95,Recurring Deposit,Banking,0.0
1214,1255,2026-01-21,2.82,Round-Up,Invest,0.18
1215,1336,2025-11-23,214.02,Recurring Deposit,Invest,0.0
1216,1025,2026-05-04,158.68,Recurring Deposit,Banking,0.0
1217,1199,2026-01-24,2.02,Round-Up,Banking,0.98
1218,1278,2026-02-08,0.79,Round-Up,Banking,0.21
1219,1423,2025-11-11,-77.98,Withdrawal,Invest,0.0
1220,1391,2026-02-28,2.8,Round-Up,Banking,0.2
1221,1025,2026-03-16,2.04,Round-Up,Banking,0.96
1222,1382,2026-04-08,27.75,One-Time Deposit,Invest,0.0
1223,1314,2026-01-02,64.64,Recurring Deposit,Banking,0.0
1224,1246,2026-04-09,117.59,Recurring Deposit,Banking,0.0
1225,1364,2026-02-21,-227.17,Withdrawal,Banking,0.0
1226,1024,2026-01-25,218.64,One-Time Deposit,Invest,0.0
1227,1281,2025-11-09,0.49,Round-Up,Banking,0.51
1228,1213,2026-05-04,10.91,One-Time Deposit,Banking,0.0
1229,1461,2026-01-29,88.64,Recurring Deposit,Banking,0.0
1230,1057,2026-03-18,0.49,Round-Up,Invest,0.51
1231,1136,2026-04-02,2.67,Round-Up,Banking,0.33
1232,1437,2026-04-29,2.97,Round-Up,Invest,0.03
1233,1085,2026-01-20,229.07,One-Time Deposit,Invest,0.0
1234,1322,2025-11-18,91.76,Recurring Deposit,Banking,0.0
1235,1185,2026-04-24,177.93,Recurring Deposit,Invest,0.0
1236,1283,2026-04-25,-41.31,Withdrawal,Banking,0.0
1237,1046,2026-02-27,0.14,Round-Up,Invest,0.86
1238,1266,2026-01-03,-10.26,Withdrawal,Banking,0.0
1239,1462,2025-09-20,41.94,Recurring Deposit,Banking,0.0
1240,1336,2025-12-18,0.04,Round-Up,Banking,0.96
1241,1331,2026-03-13,-179.4,Withdrawal,Invest,0.0
1242,1415,2026-02-16,1.18,Round-Up,Banking,0.82
1243,1182,2026-04-30,121.95,Recurring Deposit,Invest,0.0
1244,1410,2025-07-23,170.35,Recurring Deposit,Banking,0.0
1245,1039,2026-02-08,194.58,Recurring Deposit,Banking,0.0
1246,1161,2026-02-06,241.79,One-Time Deposit,Invest,0.0
1247,1304,2025-05-28,2.39,Round-Up,Banking,0.61
1248,1274,2026-02-20,199.66,One-Time Deposit,Banking,0.0
1249,1482,2026-03-25,2.53,Round-Up,Invest,0.47
1250,1400,2025-11-11,145.67,Recurring Deposit,Banking,0.0
1251,1020,2026-03-13,34.55,Recurring Deposit,Banking,0.0
1252,1038,2026-01-17,-45.56,Withdrawal,Invest,0.0
1253,1062,2026-02-28,2.8,Round-Up,Invest,0.2
1254,1261,2026-03-19,201.81,Recurring Deposit,Invest,0.0
1255,1391,2026-05-02,-155.54,Withdrawal,Invest,0.0
1256,1144,2026-04-04,112.52,Recurring Deposit,Invest,0.0
1257,1364,2026-04-25,2.18,Round-Up,Invest,0.82
1258,1340,2025-12-17,1.09,Round-Up,Banking,0.91
1259,1305,2025-06-21,1.64,Round-Up,Banking,0.36
1260,1459,2026-04-11,124.02,One-Time Deposit,Invest,0.0
1261,1361,2026-03-25,232.68,One-Time Deposit,Banking,0.0
1262,1292,2026-05-04,-31.63,Withdrawal,Banking,0.0
1263,1473,2026-03-04,0.26,Round-Up,Banking,0.74
1264,1316,2026-01-25,1.07,Round-Up,Banking,0.93
1265,1412,2025-11-04,247.57,One-Time Deposit,Invest,0.0
1266,1250,2026-05-03,216.16,Recurring Deposit,Banking,0.0
1267,1483,2026-04-13,-112.5,Withdrawal,Banking,0.0
1268,1027,2025-11-03,249.93,Recurring Deposit,Invest,0.0
1269,1330,2025-11-10,1.11,Round-Up,Banking,0.89
1270,1418,2025-11-22,45.94,One-Time Deposit,Banking,0.0
1271,1148,2025-11-16,141.19,Recurring Deposit,Invest,0.0
1272,1041,2026-02-06,60.42,One-Time Deposit,Invest,0.0
1273,1213,2026-05-04,2.3,Round-Up,Banking,0.7
1274,1463,2026-04-22,2.2,Round-Up,Banking,0.8
1275,1394,2026-04-14,0.53,Round-Up,Invest,0.47
1276,1175,2026-03-24,71.93,Recurring Deposit,Invest,0.0
1277,1040,2026-04-28,1.59,Round-Up,Invest,0.41
1278,1029,2026-04-02,2.95,Round-Up,Invest,0.05
1279,1013,2025-10-18,2.25,Round-Up,Invest,0.75
1280,1055,2026-04-09,27.69,One-Time Deposit,Banking,0.0
1281,1132,2025-12-21,2.55,Round-Up,Invest,0.45
1282,1148,2026-04-04,178.55,Recurring Deposit,Banking,0.0
1283,1275,2026-01-28,0.06,Round-Up,Invest,0.94
1284,1321,2026-02-12,2.07,Round-Up,Banking,0.93
1285,1188,2026-02-28,88.29,One-Time Deposit,Invest,0.0
1286,1225,2026-01-09,0.36,Round-Up,Invest,0.64
1287,1289,2026-03-24,2.24,Round-Up,Invest,0.76
1288,1388,2025-12-21,0.82,Round-Up,Banking,0.18
1289,1244,2025-10-15,78.33,Recurring Deposit,Banking,0.0
1290,1060,2025-12-26,160.45,Recurring Deposit,Banking,0.0
1291,1441,2025-09-21,0.96,Round-Up,Invest,0.04
1292,1350,2026-04-22,0.66,Round-Up,Banking,0.34
1293,1288,2025-12-05,-187.93,Withdrawal,Invest,0.0
1294,1138,2026-03-28,40.77,Recurring Deposit,Invest,0.0
1295,1494,2026-01-08,0.2,Round-Up,Banking,0.8
1296,1438,2026-03-25,42.39,Recurring Deposit,Invest,0.0
1297,1196,2026-03-29,52.06,Recurring Deposit,Invest,0.0
1298,1277,2026-02-10,31.08,Recurring Deposit,Invest,0.0
1299,1323,2025-06-01,80.87,One-Time Deposit,Banking,0.0
1300,1156,2025-10-05,2.61,Round-Up,Invest,0.39
1301,1400,2026-04-26,2.36,Round-Up,Banking,0.64
1302,1411,2026-03-08,-199.38,Withdrawal,Invest,0.0
1303,1348,2026-02-12,98.21,One-Time Deposit,Invest,0.0
1304,1494,2026-02-08,2.13,Round-Up,Banking,0.87
1305,1124,2026-02-28,-157.71,Withdrawal,Invest,0.0
1306,1465,2026-04-27,-206.57,Withdrawal,Banking,0.0
1307,1198,2026-02-06,-185.43,Withdrawal,Invest,0.0
1308,1053,2025-10-21,144.48,Recurring Deposit,Invest,0.0
1309,1464,2026-02-11,-168.95,Withdrawal,Invest,0.0
1310,1350,2026-03-21,2.62,Round-Up,Banking,0.38
1311,1384,2026-03-08,37.62,Recurring Deposit,Banking,0.0
1312,1280,2026-03-31,54.11,Recurring Deposit,Invest,0.0
1313,1113,2026-04-10,1.07,Round-Up,Invest,0.93
1314,1218,2026-02-11,1.74,Round-Up,Banking,0.26
1315,1336,2025-11-24,-105.27,Withdrawal,Banking,0.0
1316,1242,2026-04-30,0.2,Round-Up,Banking,0.8
1317,1377,2026-01-27,57.94,Recurring Deposit,Invest,0.0
1318,1459,2026-04-22,2.86,Round-Up,Banking,0.14
1319,1454,2026-01-21,0.79,Round-Up,Banking,0.21
1320,1143,2025-11-10,232.92,One-Time Deposit,Banking,0.0
1321,1285,2026-03-11,2.85,Round-Up,Invest,0.15
1322,1143,2025-08-28,120.34,Recurring Deposit,Banking,0.0
1323,1213,2026-05-03,50.87,One-Time Deposit,Banking,0.0
1324,1218,2026-04-16,0.72,Round-Up,Banking,0.28
1325,1293,2026-02-18,2.22,Round-Up,Banking,0.78
1326,1076,2026-03-04,2.39,Round-Up,Invest,0.61
1327,1299,2026-01-13,0.75,Round-Up,Invest,0.25
1328,1201,2026-05-02,228.27,Recurring Deposit,Banking,0.0
1329,1153,2026-01-12,2.44,Round-Up,Banking,0.56
1330,1354,2026-04-12,1.08,Round-Up,Banking,0.92
1331,1227,2026-05-02,67.56,One-Time Deposit,Banking,0.0
1332,1446,2026-03-13,0.28,Round-Up,Banking,0.72
1333,1407,2026-04-28,1.73,Round-Up,Banking,0.27
1334,1099,2026-02-12,2.93,Round-Up,Banking,0.07
1335,1345,2026-04-28,101.72,Recurring Deposit,Banking,0.0
1336,1114,2026-04-12,-14.6,Withdrawal,Banking,0.0
1337,1065,2026-02-21,227.63,Recurring Deposit,Banking,0.0
1338,1017,2026-01-19,0.85,Round-Up,Banking,0.15
1339,1442,2026-04-14,0.5,Round-Up,Banking,0.5
1340,1348,2026-02-02,126.73,One-Time Deposit,Invest,0.0
1341,1492,2026-03-01,11.81,Recurring Deposit,Invest,0.0
1342,1471,2026-03-02,-88.12,Withdrawal,Invest,0.0
1343,1344,2025-10-12,2.86,Round-Up,Invest,0.14
1344,1441,2025-11-15,1.82,Round-Up,Invest,0.18
1345,1402,2026-04-24,56.01,Recurring Deposit,Invest,0.0
1346,1011,2025-07-19,195.3,Recurring Deposit,Banking,0.0
1347,1342,2025-10-15,78.22,Recurring Deposit,Banking,0.0
1348,1242,2026-01-19,147.2,Recurring Deposit,Banking,0.0
1349,1458,2026-05-03,-71.52,Withdrawal,Banking,0.0
1350,1372,2025-07-26,109.17,One-Time Deposit,Invest,0.0
1351,1177,2026-03-12,-55.84,Withdrawal,Banking,0.0
1352,1202,2025-08-30,-160.09,Withdrawal,Invest,0.0
1353,1477,2025-09-19,109.27,Recurring Deposit,Banking,0.0
1354,1001,2026-04-29,2.07,Round-Up,Banking,0.93
1355,1114,2026-04-29,2.71,Round-Up,Banking,0.29
1356,1279,2026-02-05,120.43,One-Time Deposit,Invest,0.0
1357,1326,2026-05-03,49.89,One-Time Deposit,Invest,0.0
1358,1069,2026-02-08,148.34,Recurring Deposit,Invest,0.0
1359,1115,2026-04-07,0.83,Round-Up,Banking,0.17
1360,1338,2026-03-31,1.88,Round-Up,Invest,0.12
1361,1439,2026-02-24,238.34,Recurring Deposit,Banking,0.0
1362,1019,2026-02-18,0.97,Round-Up,Invest,0.03
1363,1413,2025-09-24,2.45,Round-Up,Banking,0.55
1364,1175,2026-04-07,1.65,Round-Up,Invest,0.35
1365,1112,2026-03-22,230.84,One-Time Deposit,Banking,0.0
1366,1359,2026-04-25,2.29,Round-Up,Banking,0.71
1367,1367,2026-03-10,207.7,Recurring Deposit,Banking,0.0
1368,1380,2026-01-08,0.07,Round-Up,Banking,0.93
1369,1469,2026-03-12,-101.23,Withdrawal,Invest,0.0
1370,1136,2026-04-22,81.88,One-Time Deposit,Banking,0.0
1371,1454,2026-03-15,1.33,Round-Up,Invest,0.67
1372,1062,2026-03-14,2.67,Round-Up,Invest,0.33
1373,1283,2026-03-25,1.41,Round-Up,Banking,0.59
1374,1296,2026-03-15,199.0,One-Time Deposit,Invest,0.0
1375,1248,2026-04-05,0.99,Round-Up,Invest,0.01
1376,1282,2026-04-07,1.03,Round-Up,Invest,0.97
1377,1092,2026-04-05,138.27,One-Time Deposit,Banking,0.0
1378,1104,2026-01-01,1.28,Round-Up,Invest,0.72
1379,1318,2025-08-27,2.37,Round-Up,Banking,0.63
1380,1413,2026-01-07,116.97,Recurring Deposit,Banking,0.0
1381,1210,2025-12-26,-204.57,Withdrawal,Banking,0.0
1382,1198,2026-04-02,1.73,Round-Up,Invest,0.27
1383,1454,2026-01-24,2.28,Round-Up,Banking,0.72
1384,1416,2026-03-02,-56.08,Withdrawal,Banking,0.0
1385,1368,2026-04-14,1.48,Round-Up,Invest,0.52
1386,1231,2025-11-10,-215.1,Withdrawal,Invest,0.0
1387,1054,2026-02-15,2.63,Round-Up,Invest,0.37
1388,1074,2025-10-01,203.51,Recurring Deposit,Invest,0.0
1389,1251,2026-04-26,0.92,Round-Up,Banking,0.08
1390,1298,2026-01-24,-13.45,Withdrawal,Banking,0.0
1391,1467,2025-06-27,0.53,Round-Up,Invest,0.47
1392,1424,2025-10-21,187.74,Recurring Deposit,Invest,0.0
1393,1478,2026-04-19,0.56,Round-Up,Banking,0.44
1394,1420,2025-12-03,1.05,Round-Up,Banking,0.95
1395,1097,2026-04-30,176.3,Recurring Deposit,Banking,0.0
1396,1048,2026-03-22,89.55,One-Time Deposit,Banking,0.0
1397,1491,2026-04-20,-121.36,Withdrawal,Invest,0.0
1398,1073,2025-07-12,2.88,Round-Up,Invest,0.12
1399,1500,2026-01-23,237.1,Recurring Deposit,Invest,0.0
1400,1080,2025-10-29,2.13,Round-Up,Invest,0.87
1401,1129,2025-08-31,-49.91,Withdrawal,Invest,0.0
1402,1385,2025-12-19,-94.57,Withdrawal,Banking,0.0
1403,1216,2026-01-13,0.11,Round-Up,Invest,0.89
1404,1366,2026-03-03,175.85,Recurring Deposit,Banking,0.0
1405,1354,2026-04-26,231.39,Recurring Deposit,Banking,0.0
1406,1087,2025-08-20,1.03,Round-Up,Invest,0.97
1407,1031,2026-05-03,75.64,One-Time Deposit,Invest,0.0
1408,1254,2025-10-12,2.23,Round-Up,Invest,0.77
1409,1431,2025-11-23,188.08,Recurring Deposit,Invest,0.0
1410,1387,2025-11-20,1.8,Round-Up,Invest,0.2
1411,1437,2026-04-25,0.73,Round-Up,Invest,0.27
1412,1408,2025-11-28,0.99,Round-Up,Invest,0.01
1413,1034,2026-05-04,225.37,One-Time Deposit,Banking,0.0
1414,1260,2026-01-04,92.83,Recurring Deposit,Banking,0.0
1415,1076,2026-02-22,-122.73,Withdrawal,Invest,0.0
1416,1132,2026-03-27,1.6,Round-Up,Invest,0.4
1417,1139,2026-05-01,1.16,Round-Up,Invest,0.84
1418,1234,2026-05-01,64.64,Recurring Deposit,Invest,0.0
1419,1475,2026-02-26,84.57,One-Time Deposit,Banking,0.0
1420,1479,2026-04-22,0.66,Round-Up,Banking,0.34
1421,1283,2026-04-10,0.33,Round-Up,Banking,0.67
1422,1093,2025-07-23,249.74,One-Time Deposit,Banking,0.0
1423,1127,2026-01-05,0.35,Round-Up,Invest,0.65
1424,1106,2026-03-09,123.66,Recurring Deposit,Invest,0.0
1425,1118,2025-10-31,7.49,One-Time Deposit,Banking,0.0
1426,1214,2025-10-18,175.88,Recurring Deposit,Invest,0.0
1427,1182,2026-04-26,100.39,One-Time Deposit,Invest,0.0
1428,1100,2025-12-22,1.74,Round-Up,Banking,0.26
1429,1400,2026-02-21,153.64,Recurring Deposit,Banking,0.0
1430,1312,2026-03-21,122.8,One-Time Deposit,Invest,0.0
1431,1422,2025-12-16,0.15,Round-Up,Invest,0.85
1432,1088,2026-04-06,10.67,One-Time Deposit,Banking,0.0
1433,1072,2026-03-07,2.26,Round-Up,Banking,0.74
1434,1468,2026-03-26,105.41,Recurring Deposit,Invest,0.0
1435,1065,2026-04-08,179.88,One-Time Deposit,Banking,0.0
1436,1043,2025-12-31,170.43,Recurring Deposit,Banking,0.0
1437,1140,2025-09-08,2.58,Round-Up,Banking,0.42
1438,1299,2026-04-14,0.95,Round-Up,Invest,0.05
1439,1008,2026-04-26,-51.33,Withdrawal,Banking,0.0
1440,1143,2025-08-15,45.91,Recurring Deposit,Banking,0.0
1441,1494,2026-01-10,2.73,Round-Up,Invest,0.27
1442,1129,2025-08-26,0.14,Round-Up,Invest,0.86
1443,1309,2026-03-23,2.3,Round-Up,Banking,0.7
1444,1424,2026-01-29,65.51,Recurring Deposit,Invest,0.0
1445,1049,2026-03-17,147.16,Recurring Deposit,Banking,0.0
1446,1314,2026-02-09,181.54,Recurring Deposit,Banking,0.0
1447,1419,2026-04-07,86.11,One-Time Deposit,Banking,0.0
1448,1433,2026-04-12,152.74,Recurring Deposit,Invest,0.0
1449,1321,2025-12-04,0.44,Round-Up,Banking,0.56
1450,1313,2026-04-28,2.74,Round-Up,Banking,0.26
1451,1219,2025-11-02,179.11,One-Time Deposit,Invest,0.0
1452,1437,2026-04-24,-84.17,Withdrawal,Invest,0.0
1453,1279,2026-03-18,35.05,Recurring Deposit,Banking,0.0
1454,1453,2026-02-03,138.69,One-Time Deposit,Banking,0.0
1455,1336,2026-01-29,60.43,One-Time Deposit,Banking,0.0
1456,1061,2026-04-13,-206.23,Withdrawal,Invest,0.0
1457,1390,2026-01-25,1.29,Round-Up,Invest,0.71
1458,1196,2026-02-18,0.89,Round-Up,Invest,0.11
1459,1034,2026-04-22,-132.64,Withdrawal,Banking,0.0
1460,1070,2026-04-19,149.29,Recurring Deposit,Invest,0.0
1461,1122,2026-04-12,1.79,Round-Up,Banking,0.21
1462,1418,2025-11-26,68.52,One-Time Deposit,Banking,0.0
1463,1011,2025-08-15,0.47,Round-Up,Banking,0.53
1464,1155,2026-03-08,1.41,Round-Up,Banking,0.59
1465,1086,2026-01-29,-127.26,Withdrawal,Invest,0.0
1466,1085,2026-02-02,2.4,Round-Up,Invest,0.6
1467,1288,2025-08-26,133.59,Recurring Deposit,Invest,0.0
1468,1219,2025-12-27,0.5,Round-Up,Invest,0.5
1469,1123,2026-01-03,84.9,One-Time Deposit,Invest,0.0
1470,1068,2025-08-21,2.36,Round-Up,Invest,0.64
1471,1447,2025-10-15,247.28,Recurring Deposit,Banking,0.0
1472,1010,2026-05-02,61.11,One-Time Deposit,Invest,0.0
1473,1496,2025-08-12,160.8,One-Time Deposit,Invest,0.0
1474,1080,2025-09-20,0.73,Round-Up,Invest,0.27
1475,1187,2025-09-02,2.39,Round-Up,Banking,0.61
1476,1399,2026-04-21,0.26,Round-Up,Banking,0.74
1477,1367,2026-03-23,1.58,Round-Up,Banking,0.42
1478,1449,2025-11-05,32.15,One-Time Deposit,Banking,0.0
1479,1143,2026-03-29,224.31,One-Time Deposit,Banking,0.0
1480,1008,2026-05-02,210.9,One-Time Deposit,Banking,0.0
1481,1482,2025-12-20,171.31,One-Time Deposit,Invest,0.0
1482,1236,2026-04-11,2.12,Round-Up,Invest,0.88
1483,1381,2025-07-23,2.24,Round-Up,Invest,0.76
1484,1192,2025-12-27,2.19,Round-Up,Banking,0.81
1485,1356,2025-07-23,34.88,Recurring Deposit,Invest,0.0
1486,1376,2025-09-07,43.2,One-Time Deposit,Invest,0.0
1487,1252,2026-04-01,1.74,Round-Up,Banking,0.26
1488,1027,2025-11-08,1.27,Round-Up,Invest,0.73
1489,1231,2025-11-02,59.41,Recurring Deposit,Invest,0.0
1490,1046,2026-04-02,146.07,Recurring Deposit,Invest,0.0
1491,1261,2026-04-20,96.28,Recurring Deposit,Invest,0.0
1492,1476,2026-02-20,2.72,Round-Up,Invest,0.28
1493,1257,2026-03-06,0.17,Round-Up,Banking,0.83
1494,1225,2025-06-15,-99.82,Withdrawal,Invest,0.0
1495,1297,2026-02-03,184.96,Recurring Deposit,Invest,0.0
1496,1289,2026-03-26,1.88,Round-Up,Invest,0.12
1497,1018,2026-04-23,157.05,Recurring Deposit,Invest,0.0
1498,1285,2026-03-01,111.94,Recurring Deposit,Invest,0.0
1499,1085,2025-10-07,2.49,Round-Up,Invest,0.51
1500,1088,2026-03-20,1.96,Round-Up,Banking,0.04
1501,1048,2026-01-03,1.38,Round-Up,Banking,0.62
1502,1208,2026-01-09,2.8,Round-Up,Banking,0.2
1503,1091,2026-03-01,84.97,Recurring Deposit,Invest,0.0
1504,1219,2025-12-05,1.5,Round-Up,Invest,0.5
1505,1140,2025-09-08,237.16,Recurring Deposit,Banking,0.0
1506,1412,2026-03-14,-143.42,Withdrawal,Invest,0.0
1507,1280,2026-02-14,1.77,Round-Up,Invest,0.23
1508,1424,2026-02-21,70.73,One-Time Deposit,Invest,0.0
1509,1500,2025-12-08,233.84,Recurring Deposit,Invest,0.0
1510,1269,2026-05-03,172.11,Recurring Deposit,Banking,0.0
1511,1319,2025-05-23,167.99,Recurring Deposit,Banking,0.0
1512,1341,2025-12-20,2.09,Round-Up,Invest,0.91
1513,1371,2025-12-03,212.04,One-Time Deposit,Banking,0.0
1514,1168,2025-06-04,179.85,One-Time Deposit,Invest,0.0
1515,1374,2026-04-05,-74.38,Withdrawal,Invest,0.0
1516,1066,2025-10-13,1.82,Round-Up,Banking,0.18
1517,1372,2025-07-13,-110.4,Withdrawal,Invest,0.0
1518,1034,2026-05-01,2.09,Round-Up,Banking,0.91
1519,1085,2025-09-29,-202.87,Withdrawal,Invest,0.0
1520,1191,2025-11-13,35.09,Recurring Deposit,Invest,0.0
1521,1282,2026-05-02,129.94,One-Time Deposit,Invest,0.0
1522,1119,2025-12-09,87.38,One-Time Deposit,Invest,0.0
1523,1244,2026-04-21,0.16,Round-Up,Banking,0.84
1524,1470,2025-08-05,2.5,Round-Up,Banking,0.5
1525,1300,2026-04-25,0.94,Round-Up,Invest,0.06
1526,1428,2026-03-15,0.2,Round-Up,Banking,0.8
1527,1328,2026-04-21,0.23,Round-Up,Invest,0.77
1528,1010,2026-05-04,155.33,Recurring Deposit,Banking,0.0
1529,1432,2026-01-04,62.89,One-Time Deposit,Banking,0.0
1530,1375,2026-04-23,2.33,Round-Up,Invest,0.67
1531,1087,2025-08-18,17.29,Recurring Deposit,Invest,0.0
1532,1186,2026-04-01,10.61,One-Time Deposit,Invest,0.0
1533,1314,2026-01-30,-110.64,Withdrawal,Banking,0.0
1534,1218,2026-05-02,109.55,Recurring Deposit,Banking,0.0
1535,1154,2026-02-15,2.07,Round-Up,Banking,0.93
1536,1036,2025-10-23,197.08,One-Time Deposit,Banking,0.0
1537,1494,2026-01-16,36.67,One-Time Deposit,Invest,0.0
1538,1071,2025-08-19,2.78,Round-Up,Invest,0.22
1539,1310,2025-08-07,0.69,Round-Up,Banking,0.31
1540,1156,2025-11-25,1.49,Round-Up,Invest,0.51
1541,1287,2026-05-02,2.65,Round-Up,Invest,0.35
1542,1077,2025-12-11,0.24,Round-Up,Banking,0.76
1543,1226,2025-09-16,115.24,One-Time Deposit,Banking,0.0
1544,1278,2025-08-31,0.71,Round-Up,Banking,0.29
1545,1101,2025-07-27,183.46,Recurring Deposit,Banking,0.0
1546,1049,2026-03-02,123.99,One-Time Deposit,Banking,0.0
1547,1463,2025-08-23,0.58,Round-Up,Banking,0.42
1548,1208,2026-03-21,1.38,Round-Up,Banking,0.62
1549,1072,2026-03-04,1.84,Round-Up,Banking,0.16
1550,1195,2025-07-01,0.75,Round-Up,Invest,0.25
1551,1394,2026-03-15,0.91,Round-Up,Invest,0.09
1552,1437,2026-04-27,1.84,Round-Up,Invest,0.16
1553,1064,2025-09-26,201.68,One-Time Deposit,Banking,0.0
1554,1165,2025-11-22,73.3,One-Time Deposit,Banking,0.0
1555,1127,2026-03-19,2.35,Round-Up,Invest,0.65
1556,1475,2026-03-29,1.11,Round-Up,Banking,0.89
1557,1151,2026-03-06,41.22,One-Time Deposit,Invest,0.0
1558,1422,2025-10-21,156.1,Recurring Deposit,Banking,0.0
1559,1307,2026-02-22,238.98,Recurring Deposit,Banking,0.0
1560,1154,2026-02-03,211.12,One-Time Deposit,Invest,0.0
1561,1021,2025-07-07,2.54,Round-Up,Banking,0.46
1562,1382,2026-04-20,2.97,Round-Up,Invest,0.03
1563,1288,2026-03-06,39.88,Recurring Deposit,Invest,0.0
1564,1297,2025-10-21,0.15,Round-Up,Banking,0.85
1565,1272,2026-04-24,-246.56,Withdrawal,Banking,0.0
1566,1027,2026-01-10,62.57,Recurring Deposit,Invest,0.0
1567,1315,2025-08-16,169.08,Recurring Deposit,Banking,0.0
1568,1051,2025-09-24,2.61,Round-Up,Invest,0.39
1569,1402,2025-11-27,62.25,One-Time Deposit,Invest,0.0
1570,1492,2026-02-25,50.98,One-Time Deposit,Invest,0.0
1571,1163,2026-04-29,0.56,Round-Up,Invest,0.44
1572,1386,2025-11-23,2.8,Round-Up,Invest,0.2
1573,1293,2025-11-17,225.36,Recurring Deposit,Banking,0.0
1574,1456,2026-04-16,226.23,One-Time Deposit,Banking,0.0
1575,1073,2025-07-25,2.92,Round-Up,Invest,0.08
1576,1064,2026-03-31,1.5,Round-Up,Banking,0.5
1577,1190,2026-03-24,104.97,Recurring Deposit,Invest,0.0
1578,1131,2026-01-02,196.25,Recurring Deposit,Banking,0.0
1579,1215,2026-05-02,154.9,One-Time Deposit,Invest,0.0
1580,1456,2026-03-30,130.89,One-Time Deposit,Banking,0.0
1581,1463,2025-08-12,0.13,Round-Up,Banking,0.87
1582,1464,2026-01-31,28.57,One-Time Deposit,Invest,0.0
1583,1322,2025-11-30,1.83,Round-Up,Banking,0.17
1584,1223,2026-03-01,-248.06,Withdrawal,Banking,0.0
1585,1477,2025-08-15,26.67,One-Time Deposit,Banking,0.0
1586,1003,2026-04-10,1.12,Round-Up,Banking,0.88
1587,1464,2026-02-04,2.42,Round-Up,Invest,0.58
1588,1066,2026-01-06,137.28,Recurring Deposit,Invest,0.0
1589,1480,2026-04-06,0.33,Round-Up,Invest,0.67
1590,1455,2026-04-21,2.39,Round-Up,Banking,0.61
1591,1267,2026-03-02,213.79,Recurring Deposit,Invest,0.0
1592,1174,2026-04-30,0.19,Round-Up,Invest,0.81
1593,1174,2026-01-23,131.51,Recurring Deposit,Banking,0.0
1594,1032,2026-01-26,1.47,Round-Up,Invest,0.53
1595,1354,2026-04-12,198.44,Recurring Deposit,Banking,0.0
1596,1143,2026-03-07,2.6,Round-Up,Banking,0.4
1597,1306,2025-12-16,0.86,Round-Up,Invest,0.14
1598,1143,2026-01-21,70.08,Recurring Deposit,Banking,0.0
1599,1250,2026-05-04,7.64,One-Time Deposit,Banking,0.0
1600,1165,2025-09-14,1.8,Round-Up,Banking,0.2
1601,1405,2026-03-25,0.58,Round-Up,Banking,0.42
1602,1307,2026-01-29,83.35,One-Time Deposit,Banking,0.0
1603,1302,2026-03-02,31.66,One-Time Deposit,Banking,0.0
1604,1352,2026-02-22,-34.1,Withdrawal,Banking,0.0
1605,1097,2026-05-02,-81.03,Withdrawal,Banking,0.0
1606,1445,2025-10-25,14.22,One-Time Deposit,Invest,0.0
1607,1466,2026-03-31,1.11,Round-Up,Invest,0.89
1608,1075,2026-04-09,57.37,One-Time Deposit,Invest,0.0
1609,1369,2025-07-09,132.23,Recurring Deposit,Banking,0.0
1610,1257,2026-05-02,2.36,Round-Up,Banking,0.64
1611,1496,2025-06-27,2.93,Round-Up,Invest,0.07
1612,1200,2025-11-08,0.73,Round-Up,Invest,0.27
1613,1499,2025-08-30,2.59,Round-Up,Banking,0.41
1614,1234,2026-05-04,1.87,Round-Up,Banking,0.13
1615,1256,2026-02-28,79.12,One-Time Deposit,Invest,0.0
1616,1355,2025-12-04,63.89,Recurring Deposit,Banking,0.0
1617,1392,2025-10-23,153.11,One-Time Deposit,Banking,0.0
1618,1306,2025-12-28,0.69,Round-Up,Invest,0.31
1619,1264,2025-11-11,0.22,Round-Up,Invest,0.78
1620,1484,2026-04-19,43.93,One-Time Deposit,Invest,0.0
1621,1085,2026-03-22,2.97,Round-Up,Invest,0.03
1622,1380,2026-02-25,56.37,One-Time Deposit,Banking,0.0
1623,1473,2026-05-02,-137.42,Withdrawal,Banking,0.0
1624,1011,2025-07-27,2.48,Round-Up,Banking,0.52
1625,1135,2026-05-04,2.31,Round-Up,Banking,0.69
1626,1038,2026-03-18,197.57,One-Time Deposit,Invest,0.0
1627,1367,2026-04-13,-28.02,Withdrawal,Banking,0.0
1628,1170,2025-11-20,243.85,Recurring Deposit,Banking,0.0
1629,1479,2026-05-02,33.55,Recurring Deposit,Banking,0.0
1630,1112,2025-12-07,2.51,Round-Up,Banking,0.49
1631,1178,2026-04-16,-95.22,Withdrawal,Invest,0.0
1632,1301,2025-10-05,0.86,Round-Up,Invest,0.14
1633,1278,2026-01-02,2.38,Round-Up,Invest,0.62
1634,1330,2025-12-20,96.81,Recurring Deposit,Invest,0.0
1635,1173,2026-04-21,-87.18,Withdrawal,Banking,0.0
1636,1003,2026-04-29,1.82,Round-Up,Banking,0.18
1637,1308,2026-04-17,0.74,Round-Up,Invest,0.26
1638,1101,2025-07-19,1.58,Round-Up,Invest,0.42
1639,1403,2025-10-12,0.71,Round-Up,Invest,0.29
1640,1417,2026-04-09,2.43,Round-Up,Invest,0.57
1641,1465,2026-04-29,-42.82,Withdrawal,Invest,0.0
1642,1206,2025-09-29,46.11,Recurring Deposit,Invest,0.0
1643,1030,2025-10-01,247.37,Recurring Deposit,Invest,0.0
1644,1427,2026-01-21,115.92,Recurring Deposit,Invest,0.0
1645,1446,2026-02-24,35.82,One-Time Deposit,Banking,0.0
1646,1133,2026-04-13,57.62,Recurring Deposit,Invest,0.0
1647,1200,2026-01-04,70.75,One-Time Deposit,Invest,0.0
1648,1409,2025-12-27,0.22,Round-Up,Invest,0.78
1649,1199,2026-03-11,87.21,One-Time Deposit,Banking,0.0
1650,1165,2025-11-07,116.48,One-Time Deposit,Banking,0.0
1651,1388,2025-10-25,45.79,Recurring Deposit,Banking,0.0
1652,1218,2026-02-24,-85.05,Withdrawal,Banking,0.0
1653,1119,2026-01-28,2.6,Round-Up,Invest,0.4
1654,1458,2026-05-02,222.98,Recurring Deposit,Banking,0.0
1655,1331,2025-08-02,2.78,Round-Up,Invest,0.22
1656,1273,2026-01-25,190.44,Recurring Deposit,Banking,0.0
1657,1377,2026-01-06,0.35,Round-Up,Banking,0.65
1658,1058,2025-09-27,1.79,Round-Up,Banking,0.21
1659,1026,2026-01-11,1.07,Round-Up,Banking,0.93
1660,1294,2026-04-29,175.63,One-Time Deposit,Invest,0.0
1661,1242,2026-03-20,0.99,Round-Up,Banking,0.01
1662,1444,2026-02-18,-75.14,Withdrawal,Banking,0.0
1663,1054,2026-03-14,2.47,Round-Up,Invest,0.53
1664,1444,2026-04-03,-171.95,Withdrawal,Banking,0.0
1665,1290,2025-10-24,52.81,Recurring Deposit,Invest,0.0
1666,1269,2026-05-04,2.36,Round-Up,Banking,0.64
1667,1165,2025-10-14,0.83,Round-Up,Banking,0.17
1668,1257,2025-12-22,156.93,Recurring Deposit,Banking,0.0
1669,1233,2026-01-09,130.78,One-Time Deposit,Invest,0.0
1670,1209,2026-03-05,32.91,Recurring Deposit,Invest,0.0
1671,1209,2026-03-12,0.09,Round-Up,Invest,0.91
1672,1314,2025-11-22,114.41,One-Time Deposit,Banking,0.0
1673,1462,2025-07-13,-58.19,Withdrawal,Banking,0.0
1674,1395,2026-04-30,1.92,Round-Up,Invest,0.08
1675,1395,2026-04-13,0.69,Round-Up,Invest,0.31
1676,1475,2026-04-16,0.67,Round-Up,Invest,0.33
1677,1266,2026-01-16,239.61,Recurring Deposit,Banking,0.0
1678,1024,2026-03-28,168.06,Recurring Deposit,Invest,0.0
1679,1201,2026-04-05,0.78,Round-Up,Banking,0.22
1680,1152,2026-03-27,1.27,Round-Up,Invest,0.73
1681,1073,2025-07-14,2.51,Round-Up,Invest,0.49
1682,1053,2025-10-28,2.32,Round-Up,Invest,0.68
1683,1047,2026-04-04,2.44,Round-Up,Invest,0.56
1684,1380,2026-01-28,-184.68,Withdrawal,Banking,0.0
1685,1187,2026-01-03,182.14,One-Time Deposit,Banking,0.0
1686,1296,2026-04-15,0.98,Round-Up,Invest,0.02
1687,1037,2026-04-28,64.03,Recurring Deposit,Banking,0.0
1688,1207,2025-09-04,67.16,One-Time Deposit,Banking,0.0
1689,1448,2026-04-12,98.8,One-Time Deposit,Invest,0.0
1690,1191,2025-11-13,2.57,Round-Up,Invest,0.43
1691,1481,2026-01-10,0.25,Round-Up,Invest,0.75
1692,1118,2025-11-24,-172.67,Withdrawal,Banking,0.0
1693,1330,2026-01-26,208.56,One-Time Deposit,Banking,0.0
1694,1492,2026-03-21,1.97,Round-Up,Invest,0.03
1695,1341,2025-12-27,62.23,One-Time Deposit,Banking,0.0
1696,1119,2025-11-01,-209.0,Withdrawal,Invest,0.0
1697,1206,2025-09-26,2.15,Round-Up,Invest,0.85
1698,1047,2026-04-30,105.46,One-Time Deposit,Banking,0.0
1699,1059,2026-03-20,-11.59,Withdrawal,Banking,0.0
1700,1298,2025-09-03,1.62,Round-Up,Banking,0.38
1701,1001,2026-05-04,197.09,Recurring Deposit,Banking,0.0
1702,1376,2025-09-15,9.42,One-Time Deposit,Invest,0.0
1703,1116,2026-03-12,150.78,Recurring Deposit,Invest,0.0
1704,1129,2025-08-19,0.84,Round-Up,Invest,0.16
1705,1313,2026-05-02,2.85,Round-Up,Banking,0.15
1706,1397,2026-04-30,188.69,Recurring Deposit,Banking,0.0
1707,1041,2025-11-21,0.02,Round-Up,Invest,0.98
1708,1048,2026-04-11,2.35,Round-Up,Banking,0.65
1709,1468,2026-02-23,2.1,Round-Up,Invest,0.9
1710,1012,2026-04-13,0.39,Round-Up,Banking,0.61
1711,1079,2026-03-29,-153.59,Withdrawal,Invest,0.0
1712,1451,2026-03-10,1.83,Round-Up,Banking,0.17
1713,1213,2026-04-30,-243.61,Withdrawal,Invest,0.0
1714,1066,2026-04-22,1.15,Round-Up,Banking,0.85
1715,1193,2026-04-25,20.8,One-Time Deposit,Invest,0.0
1716,1160,2025-11-29,0.74,Round-Up,Banking,0.26
1717,1152,2026-04-21,157.83,Recurring Deposit,Invest,0.0
1718,1482,2026-01-05,236.88,Recurring Deposit,Invest,0.0
1719,1014,2026-02-27,2.28,Round-Up,Invest,0.72
1720,1366,2026-03-08,-88.8,Withdrawal,Banking,0.0
1721,1319,2025-09-23,1.83,Round-Up,Banking,0.17
1722,1378,2026-05-03,209.7,One-Time Deposit,Banking,0.0
1723,1493,2025-09-30,-220.68,Withdrawal,Banking,0.0
1724,1195,2025-08-23,127.82,Recurring Deposit,Invest,0.0
1725,1078,2025-07-19,-50.72,Withdrawal,Banking,0.0
1726,1078,2025-09-07,2.41,Round-Up,Banking,0.59
1727,1439,2025-09-30,1.05,Round-Up,Banking,0.95
1728,1459,2026-04-13,2.28,Round-Up,Banking,0.72
1729,1183,2026-03-17,175.22,One-Time Deposit,Banking,0.0
1730,1443,2025-11-23,79.78,Recurring Deposit,Banking,0.0
1731,1165,2025-10-27,2.91,Round-Up,Banking,0.09
1732,1483,2026-02-14,10.23,Recurring Deposit,Invest,0.0
1733,1122,2026-05-02,0.85,Round-Up,Banking,0.15
1734,1058,2026-01-14,1.33,Round-Up,Banking,0.67
1735,1296,2026-01-19,230.34,Recurring Deposit,Invest,0.0
1736,1165,2025-10-09,162.24,One-Time Deposit,Banking,0.0
1737,1381,2025-09-26,102.68,Recurring Deposit,Invest,0.0
1738,1276,2025-07-18,1.16,Round-Up,Banking,0.84
1739,1329,2025-07-06,226.79,Recurring Deposit,Invest,0.0
1740,1169,2026-03-16,2.84,Round-Up,Invest,0.16
1741,1003,2026-04-24,1.6,Round-Up,Banking,0.4
1742,1415,2025-07-27,236.16,Recurring Deposit,Banking,0.0
1743,1297,2025-12-04,165.24,Recurring Deposit,Banking,0.0
1744,1151,2026-05-04,0.82,Round-Up,Invest,0.18
1745,1304,2026-03-15,1.81,Round-Up,Banking,0.19
1746,1251,2026-04-20,209.18,One-Time Deposit,Banking,0.0
1747,1409,2025-10-29,2.57,Round-Up,Invest,0.43
1748,1367,2026-04-25,65.82,Recurring Deposit,Banking,0.0
1749,1481,2026-03-03,52.0,Recurring Deposit,Invest,0.0
1750,1266,2025-12-22,1.28,Round-Up,Invest,0.72
1751,1245,2026-01-24,238.56,One-Time Deposit,Invest,0.0
1752,1080,2025-11-17,152.5,Recurring Deposit,Invest,0.0
1753,1383,2026-02-09,0.92,Round-Up,Banking,0.08
1754,1200,2026-03-27,238.81,One-Time Deposit,Invest,0.0
1755,1179,2026-04-04,2.97,Round-Up,Invest,0.03
1756,1036,2025-12-28,6.45,One-Time Deposit,Banking,0.0
1757,1234,2026-04-30,2.28,Round-Up,Banking,0.72
1758,1118,2025-08-16,129.42,Recurring Deposit,Banking,0.0
1759,1385,2026-01-31,1.54,Round-Up,Banking,0.46
1760,1111,2025-12-24,0.02,Round-Up,Banking,0.98
1761,1449,2026-02-22,116.34,Recurring Deposit,Banking,0.0
1762,1382,2026-04-23,0.34,Round-Up,Invest,0.66
1763,1421,2026-04-16,1.25,Round-Up,Banking,0.75
1764,1417,2026-01-23,2.37,Round-Up,Invest,0.63
1765,1072,2026-03-13,1.32,Round-Up,Banking,0.68
1766,1348,2026-03-05,-91.52,Withdrawal,Invest,0.0
1767,1373,2025-10-05,80.65,Recurring Deposit,Banking,0.0
1768,1167,2026-02-08,1.75,Round-Up,Invest,0.25
1769,1476,2026-02-27,233.52,Recurring Deposit,Invest,0.0
1770,1072,2026-02-28,145.75,One-Time Deposit,Banking,0.0
1771,1236,2026-01-16,-245.36,Withdrawal,Banking,0.0
1772,1465,2026-04-15,1.7,Round-Up,Banking,0.3
1773,1203,2026-04-26,92.21,One-Time Deposit,Invest,0.0
1774,1047,2026-04-23,114.07,One-Time Deposit,Invest,0.0
1775,1128,2026-04-21,239.97,One-Time Deposit,Banking,0.0
1776,1181,2026-03-10,154.11,One-Time Deposit,Banking,0.0
1777,1272,2026-05-02,0.7,Round-Up,Invest,0.3
1778,1347,2025-11-25,173.9,Recurring Deposit,Invest,0.0
1779,1256,2026-02-24,55.41,One-Time Deposit,Invest,0.0
1780,1350,2026-03-20,-88.14,Withdrawal,Banking,0.0
1781,1337,2026-03-04,0.15,Round-Up,Banking,0.85
1782,1124,2026-03-02,65.02,Recurring Deposit,Invest,0.0
1783,1190,2026-04-06,-6.14,Withdrawal,Invest,0.0
1784,1196,2025-12-31,220.77,Recurring Deposit,Invest,0.0
1785,1364,2025-10-14,77.52,Recurring Deposit,Banking,0.0
1786,1354,2026-04-11,26.16,Recurring Deposit,Banking,0.0
1787,1351,2026-05-01,1.31,Round-Up,Banking,0.69
1788,1386,2025-09-20,141.22,One-Time Deposit,Banking,0.0
1789,1202,2025-07-21,1.26,Round-Up,Banking,0.74
1790,1272,2026-04-26,40.53,One-Time Deposit,Invest,0.0
1791,1254,2025-12-28,1.87,Round-Up,Invest,0.13
1792,1268,2026-01-31,112.38,Recurring Deposit,Invest,0.0
1793,1457,2026-01-02,143.02,One-Time Deposit,Banking,0.0
1794,1336,2025-12-26,2.83,Round-Up,Invest,0.17
1795,1174,2025-12-28,2.13,Round-Up,Invest,0.87
1796,1451,2025-07-25,-109.0,Withdrawal,Banking,0.0
1797,1196,2026-01-23,1.29,Round-Up,Invest,0.71
1798,1271,2026-03-12,2.76,Round-Up,Invest,0.24
1799,1493,2025-10-02,1.73,Round-Up,Invest,0.27
1800,1253,2026-03-28,-62.47,Withdrawal,Banking,0.0
1801,1003,2026-04-25,-203.1,Withdrawal,Banking,0.0
1802,1453,2025-12-10,209.32,Recurring Deposit,Banking,0.0
1803,1301,2025-11-16,32.33,Recurring Deposit,Banking,0.0
1804,1272,2026-04-27,1.83,Round-Up,Invest,0.17
1805,1418,2026-04-16,-174.87,Withdrawal,Banking,0.0
1806,1163,2026-04-21,1.88,Round-Up,Banking,0.12
1807,1194,2026-01-02,0.63,Round-Up,Banking,0.37
1808,1381,2025-08-16,2.38,Round-Up,Invest,0.62
1809,1308,2026-04-18,41.76,One-Time Deposit,Invest,0.0
1810,1088,2026-03-24,76.34,Recurring Deposit,Banking,0.0
1811,1493,2026-01-06,0.97,Round-Up,Invest,0.03
1812,1134,2026-04-29,-207.36,Withdrawal,Banking,0.0
1813,1247,2025-11-08,2.43,Round-Up,Banking,0.57
1814,1485,2026-04-13,1.79,Round-Up,Banking,0.21
1815,1425,2025-08-31,119.66,One-Time Deposit,Banking,0.0
1816,1121,2025-11-01,162.92,Recurring Deposit,Invest,0.0
1817,1480,2026-01-10,189.15,Recurring Deposit,Invest,0.0
1818,1240,2025-12-23,85.07,One-Time Deposit,Banking,0.0
1819,1369,2025-08-09,148.66,One-Time Deposit,Invest,0.0
1820,1387,2026-01-10,0.22,Round-Up,Invest,0.78
1821,1059,2026-04-16,180.52,One-Time Deposit,Banking,0.0
1822,1055,2026-03-19,-45.35,Withdrawal,Banking,0.0
1823,1402,2026-02-19,1.23,Round-Up,Invest,0.77
1824,1377,2026-01-29,109.38,Recurring Deposit,Invest,0.0
1825,1458,2026-05-02,222.91,One-Time Deposit,Banking,0.0
1826,1093,2026-04-22,1.83,Round-Up,Banking,0.17
1827,1110,2026-05-02,-241.52,Withdrawal,Invest,0.0
1828,1229,2025-08-30,30.3,One-Time Deposit,Invest,0.0
1829,1472,2026-03-15,2.5,Round-Up,Banking,0.5
1830,1479,2026-04-15,0.51,Round-Up,Banking,0.49
1831,1037,2026-03-25,0.17,Round-Up,Banking,0.83
1832,1089,2025-12-24,203.93,Recurring Deposit,Banking,0.0
1833,1283,2026-04-02,211.15,One-Time Deposit,Banking,0.0
1834,1113,2026-04-24,-169.2,Withdrawal,Banking,0.0
1835,1403,2025-09-23,2.01,Round-Up,Invest,0.99
1836,1489,2026-05-01,0.66,Round-Up,Invest,0.34
1837,1460,2026-04-01,2.03,Round-Up,Invest,0.97
1838,1191,2025-10-06,209.03,One-Time Deposit,Invest,0.0
1839,1206,2025-09-18,-230.77,Withdrawal,Invest,0.0
1840,1005,2026-02-12,125.43,Recurring Deposit,Invest,0.0
1841,1139,2026-04-28,2.77,Round-Up,Invest,0.23
1842,1468,2026-02-01,97.37,Recurring Deposit,Invest,0.0
1843,1148,2025-07-20,43.93,Recurring Deposit,Invest,0.0
1844,1335,2025-10-10,1.95,Round-Up,Banking,0.05
1845,1277,2026-04-29,53.14,Recurring Deposit,Invest,0.0
1846,1227,2026-03-21,1.88,Round-Up,Banking,0.12
1847,1160,2026-02-21,1.87,Round-Up,Banking,0.13
1848,1438,2026-04-06,0.45,Round-Up,Invest,0.55
1849,1330,2026-01-06,12.45,One-Time Deposit,Banking,0.0
1850,1317,2025-10-24,1.16,Round-Up,Banking,0.84
1851,1018,2026-01-30,1.33,Round-Up,Invest,0.67
1852,1280,2026-04-22,1.58,Round-Up,Invest,0.42
1853,1068,2026-01-23,104.4,Recurring Deposit,Invest,0.0
1854,1499,2026-03-27,-26.22,Withdrawal,Banking,0.0
1855,1176,2026-03-20,5.87,Recurring Deposit,Banking,0.0
1856,1144,2025-12-20,2.94,Round-Up,Invest,0.06
1857,1487,2026-05-02,0.36,Round-Up,Invest,0.64
1858,1112,2025-09-30,0.78,Round-Up,Banking,0.22
1859,1022,2026-03-28,2.67,Round-Up,Banking,0.33
1860,1496,2025-06-28,207.56,One-Time Deposit,Invest,0.0
1861,1001,2026-04-01,31.44,One-Time Deposit,Invest,0.0
1862,1217,2025-12-11,129.59,Recurring Deposit,Banking,0.0
1863,1324,2025-10-17,183.87,Recurring Deposit,Banking,0.0
1864,1029,2026-04-05,0.61,Round-Up,Invest,0.39
1865,1143,2026-01-04,0.17,Round-Up,Banking,0.83
1866,1314,2025-11-17,117.08,Recurring Deposit,Banking,0.0
1867,1361,2026-02-28,2.42,Round-Up,Banking,0.58
1868,1467,2025-11-08,1.76,Round-Up,Invest,0.24
1869,1018,2025-11-14,1.82,Round-Up,Invest,0.18
1870,1124,2026-04-07,0.61,Round-Up,Invest,0.39
1871,1467,2025-12-05,1.04,Round-Up,Invest,0.96
1872,1478,2026-04-22,20.91,Recurring Deposit,Banking,0.0
1873,1322,2026-02-04,241.49,Recurring Deposit,Banking,0.0
1874,1496,2025-10-05,2.58,Round-Up,Invest,0.42
1875,1046,2026-03-26,1.46,Round-Up,Invest,0.54
1876,1187,2025-08-25,193.07,Recurring Deposit,Banking,0.0
1877,1364,2025-11-22,0.96,Round-Up,Banking,0.04
1878,1219,2026-03-23,1.02,Round-Up,Invest,0.98
1879,1024,2026-03-07,2.26,Round-Up,Invest,0.74
1880,1238,2026-02-09,2.36,Round-Up,Banking,0.64
1881,1394,2026-04-18,115.93,Recurring Deposit,Invest,0.0
1882,1076,2026-04-16,230.14,Recurring Deposit,Invest,0.0
1883,1368,2026-05-02,0.26,Round-Up,Invest,0.74
1884,1288,2025-11-10,0.21,Round-Up,Invest,0.79
1885,1351,2026-02-11,1.79,Round-Up,Banking,0.21
1886,1152,2026-04-02,2.17,Round-Up,Banking,0.83
1887,1257,2026-01-28,-186.54,Withdrawal,Banking,0.0
1888,1060,2026-01-17,60.08,Recurring Deposit,Banking,0.0
1889,1300,2026-04-29,149.49,One-Time Deposit,Invest,0.0
1890,1020,2026-03-30,42.59,Recurring Deposit,Banking,0.0
1891,1001,2026-04-13,30.16,Recurring Deposit,Invest,0.0
1892,1029,2026-03-18,133.19,Recurring Deposit,Invest,0.0
1893,1220,2026-04-03,1.47,Round-Up,Invest,0.53
1894,1436,2025-09-28,0.2,Round-Up,Banking,0.8
1895,1452,2026-04-06,229.86,Recurring Deposit,Banking,0.0
1896,1385,2026-02-04,1.28,Round-Up,Banking,0.72
1897,1111,2025-10-19,-34.39,Withdrawal,Banking,0.0
1898,1388,2025-08-24,54.66,Recurring Deposit,Banking,0.0
1899,1392,2026-01-02,-46.55,Withdrawal,Invest,0.0
1900,1465,2026-04-23,0.63,Round-Up,Invest,0.37
1901,1276,2025-09-11,200.47,Recurring Deposit,Banking,0.0
1902,1315,2025-07-05,0.55,Round-Up,Banking,0.45
1903,1407,2026-04-26,-100.19,Withdrawal,Banking,0.0
1904,1105,2025-08-30,2.98,Round-Up,Invest,0.02
1905,1369,2025-10-03,95.9,One-Time Deposit,Banking,0.0
1906,1487,2026-04-23,45.91,Recurring Deposit,Invest,0.0
1907,1022,2026-03-15,1.24,Round-Up,Banking,0.76
1908,1397,2026-03-18,63.55,One-Time Deposit,Banking,0.0
1909,1134,2026-05-04,-127.19,Withdrawal,Banking,0.0
1910,1049,2025-12-30,2.91,Round-Up,Banking,0.09
1911,1148,2026-01-27,131.43,One-Time Deposit,Invest,0.0
1912,1471,2026-02-21,0.88,Round-Up,Invest,0.12
1913,1124,2026-03-14,195.44,Recurring Deposit,Invest,0.0
1914,1322,2025-07-26,178.99,One-Time Deposit,Banking,0.0
1915,1309,2026-01-28,2.3,Round-Up,Banking,0.7
1916,1400,2026-04-27,2.46,Round-Up,Banking,0.54
1917,1171,2026-01-22,137.9,One-Time Deposit,Invest,0.0
1918,1360,2026-01-25,2.93,Round-Up,Invest,0.07
1919,1019,2025-10-04,2.96,Round-Up,Invest,0.04
1920,1190,2026-04-01,134.14,One-Time Deposit,Banking,0.0
1921,1098,2026-04-09,1.49,Round-Up,Banking,0.51
1922,1387,2025-10-27,0.75,Round-Up,Invest,0.25
1923,1031,2026-04-27,81.98,Recurring Deposit,Invest,0.0
1924,1285,2026-03-28,1.27,Round-Up,Invest,0.73
1925,1323,2025-08-19,0.63,Round-Up,Banking,0.37
1926,1301,2025-12-19,1.28,Round-Up,Banking,0.72
1927,1273,2026-01-09,129.67,One-Time Deposit,Invest,0.0
1928,1397,2026-05-02,142.84,Recurring Deposit,Banking,0.0
1929,1087,2025-09-25,175.35,Recurring Deposit,Banking,0.0
1930,1416,2026-04-05,0.06,Round-Up,Banking,0.94
1931,1250,2026-05-04,2.25,Round-Up,Banking,0.75
1932,1145,2026-03-25,1.93,Round-Up,Invest,0.07
1933,1028,2026-05-03,0.2,Round-Up,Banking,0.8
1934,1245,2026-01-31,-236.82,Withdrawal,Invest,0.0
1935,1368,2026-05-04,0.08,Round-Up,Invest,0.92
1936,1034,2026-04-13,1.77,Round-Up,Banking,0.23
1937,1129,2025-08-27,2.33,Round-Up,Invest,0.67
1938,1274,2026-02-28,215.03,One-Time Deposit,Banking,0.0
1939,1423,2025-09-17,148.73,Recurring Deposit,Invest,0.0
1940,1314,2025-12-07,195.8,One-Time Deposit,Banking,0.0
1941,1416,2026-01-06,203.15,Recurring Deposit,Banking,0.0
1942,1060,2026-01-01,206.69,One-Time Deposit,Banking,0.0
1943,1234,2026-05-02,1.45,Round-Up,Banking,0.55
1944,1309,2026-04-02,0.14,Round-Up,Banking,0.86
1945,1339,2025-11-19,41.32,Recurring Deposit,Invest,0.0
1946,1025,2026-03-25,145.63,One-Time Deposit,Banking,0.0
1947,1058,2025-09-08,94.8,One-Time Deposit,Banking,0.0
1948,1110,2026-04-22,141.72,Recurring Deposit,Invest,0.0
1949,1475,2026-01-20,127.13,One-Time Deposit,Banking,0.0
1950,1179,2025-11-19,152.54,Recurring Deposit,Invest,0.0
1951,1140,2025-09-08,12.87,One-Time Deposit,Banking,0.0
1952,1420,2026-04-28,13.04,Recurring Deposit,Banking,0.0
1953,1474,2026-04-19,0.15,Round-Up,Banking,0.85
1954,1465,2026-04-14,52.32,Recurring Deposit,Banking,0.0
1955,1006,2025-09-11,-164.79,Withdrawal,Invest,0.0
1956,1251,2026-04-08,1.84,Round-Up,Banking,0.16
1957,1240,2026-01-02,245.54,Recurring Deposit,Banking,0.0
1958,1104,2026-01-31,209.67,Recurring Deposit,Invest,0.0
1959,1231,2025-11-19,1.03,Round-Up,Invest,0.97
1960,1087,2025-10-23,156.02,One-Time Deposit,Banking,0.0
1961,1489,2026-05-04,0.95,Round-Up,Invest,0.05
1962,1103,2026-04-22,-99.66,Withdrawal,Invest,0.0
1963,1234,2026-05-01,184.8,Recurring Deposit,Banking,0.0
1964,1431,2026-01-04,0.05,Round-Up,Invest,0.95
1965,1123,2026-02-24,1.79,Round-Up,Invest,0.21
1966,1291,2026-04-15,48.25,One-Time Deposit,Banking,0.0
1967,1344,2025-09-26,1.83,Round-Up,Invest,0.17
1968,1096,2025-09-18,2.35,Round-Up,Banking,0.65
1969,1133,2026-03-03,206.02,One-Time Deposit,Invest,0.0
1970,1187,2025-11-26,1.5,Round-Up,Invest,0.5
1971,1286,2026-01-21,2.16,Round-Up,Banking,0.84
1972,1384,2026-04-28,14.95,Recurring Deposit,Banking,0.0
1973,1313,2026-05-04,-61.94,Withdrawal,Banking,0.0
1974,1325,2026-02-03,222.82,Recurring Deposit,Banking,0.0
1975,1328,2026-04-11,205.4,Recurring Deposit,Banking,0.0
1976,1434,2026-02-19,1.36,Round-Up,Banking,0.64
1977,1313,2026-04-25,2.66,Round-Up,Banking,0.34
1978,1073,2025-07-24,1.04,Round-Up,Invest,0.96
1979,1487,2026-04-09,119.23,Recurring Deposit,Invest,0.0
1980,1156,2026-03-21,-162.85,Withdrawal,Invest,0.0
1981,1477,2025-07-17,80.31,Recurring Deposit,Invest,0.0
1982,1310,2026-02-04,210.43,Recurring Deposit,Banking,0.0
1983,1169,2026-05-01,176.97,One-Time Deposit,Invest,0.0
1984,1242,2026-01-13,1.48,Round-Up,Banking,0.52
1985,1458,2026-04-27,2.05,Round-Up,Banking,0.95
1986,1407,2026-05-04,0.27,Round-Up,Banking,0.73
1987,1124,2026-03-14,0.54,Round-Up,Invest,0.46
1988,1324,2026-03-27,24.04,Recurring Deposit,Banking,0.0
1989,1120,2026-02-01,1.49,Round-Up,Banking,0.51
1990,1204,2026-03-15,216.95,One-Time Deposit,Banking,0.0
1991,1479,2026-04-20,202.82,One-Time Deposit,Banking,0.0
1992,1090,2025-09-24,2.56,Round-Up,Banking,0.44
1993,1079,2026-03-30,39.64,One-Time Deposit,Banking,0.0
1994,1315,2025-10-16,28.04,One-Time Deposit,Banking,0.0
1995,1207,2025-08-01,2.07,Round-Up,Banking,0.93
1996,1033,2026-03-24,214.45,Recurring Deposit,Invest,0.0
1997,1393,2025-12-06,240.63,One-Time Deposit,Invest,0.0
1998,1096,2026-04-03,64.13,One-Time Deposit,Banking,0.0
1999,1281,2026-04-28,191.71,Recurring Deposit,Banking,0.0
2000,1372,2025-07-16,145.6,Recurring Deposit,Invest,0.0
2001,1110,2026-05-02,12.79,Recurring Deposit,Invest,0.0
2002,1176,2026-03-26,1.1,Round-Up,Banking,0.9
2003,1242,2026-03-10,1.51,Round-Up,Banking,0.49
2004,1373,2025-11-21,2.72,Round-Up,Invest,0.28
2005,1257,2026-01-02,1.9,Round-Up,Banking,0.1
2006,1333,2025-07-04,-62.88,Withdrawal,Banking,0.0
2007,1103,2026-04-19,23.74,One-Time Deposit,Invest,0.0
2008,1294,2026-04-23,0.89,Round-Up,Invest,0.11
2009,1211,2026-04-30,2.94,Round-Up,Invest,0.06
2010,1156,2026-04-12,1.32,Round-Up,Invest,0.68
2011,1160,2025-10-06,200.25,One-Time Deposit,Banking,0.0
2012,1130,2026-04-20,135.15,Recurring Deposit,Invest,0.0
2013,1305,2025-10-20,122.74,Recurring Deposit,Invest,0.0
2014,1246,2026-04-21,-202.69,Withdrawal,Banking,0.0
2015,1334,2025-10-02,2.08,Round-Up,Banking,0.92
2016,1202,2025-09-12,1.17,Round-Up,Banking,0.83
2017,1166,2025-07-09,0.1,Round-Up,Invest,0.9
2018,1050,2026-02-09,2.79,Round-Up,Banking,0.21
2019,1360,2026-04-02,-177.13,Withdrawal,Invest,0.0
2020,1357,2026-02-15,225.28,One-Time Deposit,Invest,0.0
2021,1481,2026-03-18,59.96,Recurring Deposit,Banking,0.0
2022,1314,2025-12-03,153.03,One-Time Deposit,Banking,0.0
2023,1279,2026-02-10,2.06,Round-Up,Invest,0.94
2024,1289,2026-02-20,2.54,Round-Up,Invest,0.46
2025,1301,2025-12-11,31.14,One-Time Deposit,Banking,0.0
2026,1321,2025-11-22,37.89,Recurring Deposit,Banking,0.0
2027,1241,2025-09-12,1.18,Round-Up,Invest,0.82
2028,1025,2026-05-02,188.69,Recurring Deposit,Banking,0.0
2029,1498,2025-10-25,98.67,Recurring Deposit,Invest,0.0
2030,1211,2026-05-04,2.6,Round-Up,Invest,0.4
2031,1449,2026-01-22,24.79,Recurring Deposit,Banking,0.0
2032,1306,2026-03-09,1.01,Round-Up,Invest,0.99
2033,1175,2026-03-23,217.7,Recurring Deposit,Invest,0.0
2034,1154,2025-10-19,210.52,Recurring Deposit,Invest,0.0
2035,1391,2026-04-12,-96.33,Withdrawal,Banking,0.0
2036,1034,2026-04-29,0.59,Round-Up,Banking,0.41
2037,1223,2026-02-07,2.52,Round-Up,Banking,0.48
2038,1187,2025-07-09,0.2,Round-Up,Banking,0.8
2039,1147,2026-03-27,0.9,Round-Up,Banking,0.1
2040,1060,2026-03-03,192.39,Recurring Deposit,Invest,0.0
2041,1422,2026-01-11,-24.25,Withdrawal,Banking,0.0
2042,1014,2026-02-02,1.86,Round-Up,Invest,0.14
2043,1292,2026-05-04,1.94,Round-Up,Banking,0.06
2044,1407,2026-04-29,1.13,Round-Up,Banking,0.87
2045,1010,2026-04-21,175.43,One-Time Deposit,Banking,0.0
2046,1362,2025-11-02,2.16,Round-Up,Banking,0.84
2047,1369,2025-05-26,2.44,Round-Up,Banking,0.56
2048,1332,2026-02-10,58.81,Recurring Deposit,Banking,0.0
2049,1068,2025-11-30,1.47,Round-Up,Invest,0.53
2050,1373,2025-07-29,34.91,One-Time Deposit,Invest,0.0
2051,1434,2025-12-11,157.44,Recurring Deposit,Banking,0.0
2052,1150,2025-11-07,2.21,Round-Up,Invest,0.79
2053,1147,2026-04-05,29.77,One-Time Deposit,Banking,0.0
2054,1279,2026-04-28,213.17,Recurring Deposit,Banking,0.0
2055,1081,2025-12-13,200.66,Recurring Deposit,Banking,0.0
2056,1172,2025-06-15,2.9,Round-Up,Banking,0.1
2057,1382,2026-04-20,2.55,Round-Up,Invest,0.45
2058,1323,2025-08-23,104.33,Recurring Deposit,Banking,0.0
2059,1335,2025-09-18,242.32,Recurring Deposit,Invest,0.0
2060,1005,2026-02-24,1.88,Round-Up,Banking,0.12
2061,1498,2026-01-21,1.14,Round-Up,Banking,0.86
2062,1253,2026-04-18,0.24,Round-Up,Banking,0.76
2063,1350,2026-03-19,1.21,Round-Up,Banking,0.79
2064,1374,2026-03-07,192.01,One-Time Deposit,Invest,0.0
2065,1185,2026-04-27,0.87,Round-Up,Invest,0.13
2066,1412,2025-12-05,2.55,Round-Up,Invest,0.45
2067,1023,2026-04-24,127.7,Recurring Deposit,Banking,0.0
2068,1245,2026-01-31,1.11,Round-Up,Invest,0.89
2069,1013,2026-03-13,13.9,Recurring Deposit,Invest,0.0
2070,1051,2026-04-13,239.35,Recurring Deposit,Banking,0.0
2071,1137,2026-04-18,0.13,Round-Up,Banking,0.87
2072,1138,2026-04-24,136.89,Recurring Deposit,Invest,0.0
2073,1308,2026-04-22,101.94,Recurring Deposit,Invest,0.0
2074,1172,2025-05-27,1.44,Round-Up,Banking,0.56
2075,1253,2026-03-22,1.64,Round-Up,Banking,0.36
2076,1430,2026-04-19,167.21,One-Time Deposit,Invest,0.0
2077,1002,2026-04-28,-42.8,Withdrawal,Banking,0.0
2078,1041,2026-01-09,127.4,One-Time Deposit,Invest,0.0
2079,1442,2025-11-01,0.96,Round-Up,Banking,0.04
2080,1455,2026-04-27,113.61,Recurring Deposit,Banking,0.0
2081,1282,2026-03-12,1.64,Round-Up,Invest,0.36
2082,1058,2026-01-22,81.74,One-Time Deposit,Banking,0.0
2083,1387,2026-01-28,57.03,Recurring Deposit,Invest,0.0
2084,1199,2026-03-07,35.83,One-Time Deposit,Banking,0.0
2085,1134,2026-04-17,97.51,Recurring Deposit,Banking,0.0
2086,1356,2026-01-01,137.53,Recurring Deposit,Invest,0.0
2087,1386,2025-06-25,22.82,One-Time Deposit,Invest,0.0
2088,1155,2026-04-05,0.85,Round-Up,Invest,0.15
2089,1400,2025-12-02,248.29,Recurring Deposit,Banking,0.0
2090,1396,2026-03-22,-241.21,Withdrawal,Banking,0.0
2091,1269,2026-05-04,1.88,Round-Up,Banking,0.12
2092,1440,2026-03-25,70.25,One-Time Deposit,Banking,0.0
2093,1217,2026-01-13,0.99,Round-Up,Banking,0.01
2094,1442,2025-12-17,209.22,Recurring Deposit,Banking,0.0
2095,1002,2025-08-10,18.65,Recurring Deposit,Banking,0.0
2096,1494,2026-04-07,2.27,Round-Up,Invest,0.73
2097,1121,2025-11-30,138.39,Recurring Deposit,Invest,0.0
2098,1300,2026-04-26,2.33,Round-Up,Invest,0.67
2099,1157,2026-04-06,209.28,Recurring Deposit,Invest,0.0
2100,1106,2026-02-17,195.4,One-Time Deposit,Invest,0.0
2101,1275,2026-02-27,2.7,Round-Up,Invest,0.3
2102,1165,2025-08-02,1.66,Round-Up,Banking,0.34
2103,1401,2025-12-11,0.77,Round-Up,Invest,0.23
2104,1430,2026-04-05,183.58,Recurring Deposit,Invest,0.0
2105,1200,2025-09-24,92.04,One-Time Deposit,Banking,0.0
2106,1427,2026-02-20,0.3,Round-Up,Banking,0.7
2107,1466,2025-09-13,2.23,Round-Up,Invest,0.77
2108,1379,2025-10-19,0.34,Round-Up,Invest,0.66
2109,1367,2026-04-18,243.17,Recurring Deposit,Banking,0.0
2110,1338,2026-01-05,15.68,Recurring Deposit,Invest,0.0
2111,1237,2026-01-15,1.41,Round-Up,Banking,0.59
2112,1028,2026-01-28,35.29,One-Time Deposit,Banking,0.0
2113,1453,2025-08-21,1.03,Round-Up,Banking,0.97
2114,1060,2026-02-24,-76.24,Withdrawal,Banking,0.0
2115,1117,2026-04-02,-202.7,Withdrawal,Banking,0.0
2116,1383,2025-09-17,121.08,Recurring Deposit,Banking,0.0
2117,1432,2026-01-21,-123.71,Withdrawal,Banking,0.0
2118,1065,2026-03-05,180.67,Recurring Deposit,Banking,0.0
2119,1203,2026-05-02,93.68,Recurring Deposit,Invest,0.0
2120,1424,2025-09-23,91.54,One-Time Deposit,Invest,0.0
2121,1228,2026-03-14,1.51,Round-Up,Banking,0.49
2122,1389,2026-04-17,2.85,Round-Up,Banking,0.15
2123,1111,2025-12-24,1.52,Round-Up,Banking,0.48
2124,1489,2026-05-04,40.23,One-Time Deposit,Invest,0.0
2125,1294,2026-04-21,1.35,Round-Up,Invest,0.65
2126,1036,2026-04-24,1.01,Round-Up,Banking,0.99
2127,1312,2026-03-22,76.4,One-Time Deposit,Invest,0.0
2128,1273,2026-03-24,1.36,Round-Up,Invest,0.64
2129,1444,2026-01-24,207.89,One-Time Deposit,Banking,0.0
2130,1439,2025-10-27,-52.06,Withdrawal,Banking,0.0
2131,1113,2026-04-22,142.93,Recurring Deposit,Invest,0.0
2132,1375,2026-04-24,95.11,Recurring Deposit,Invest,0.0
2133,1186,2026-02-17,128.92,One-Time Deposit,Invest,0.0
2134,1483,2026-02-24,157.09,One-Time Deposit,Banking,0.0
2135,1007,2025-10-06,2.87,Round-Up,Banking,0.13
2136,1283,2026-04-07,52.11,Recurring Deposit,Banking,0.0
2137,1104,2026-04-26,2.95,Round-Up,Invest,0.05
2138,1332,2026-04-01,0.94,Round-Up,Banking,0.06
2139,1239,2026-04-27,101.56,Recurring Deposit,Invest,0.0
2140,1086,2026-02-27,1.22,Round-Up,Invest,0.78
2141,1048,2026-01-09,1.42,Round-Up,Banking,0.58
2142,1262,2025-07-29,2.69,Round-Up,Banking,0.31
2143,1015,2026-02-04,1.68,Round-Up,Invest,0.32
2144,1002,2026-01-13,0.88,Round-Up,Banking,0.12
2145,1087,2025-07-01,2.23,Round-Up,Banking,0.77
2146,1061,2025-10-10,57.01,Recurring Deposit,Invest,0.0
2147,1037,2026-05-02,159.07,Recurring Deposit,Banking,0.0
2148,1385,2026-02-25,1.73,Round-Up,Banking,0.27
2149,1440,2026-02-10,126.05,Recurring Deposit,Banking,0.0
2150,1086,2026-01-04,2.53,Round-Up,Invest,0.47
2151,1222,2026-02-15,1.76,Round-Up,Invest,0.24
2152,1086,2025-12-15,1.14,Round-Up,Invest,0.86
2153,1384,2026-01-19,58.07,One-Time Deposit,Banking,0.0
2154,1153,2025-09-05,1.41,Round-Up,Banking,0.59
2155,1425,2025-08-10,198.88,One-Time Deposit,Invest,0.0
2156,1283,2026-03-18,86.61,Recurring Deposit,Banking,0.0
2157,1430,2026-04-27,49.25,One-Time Deposit,Invest,0.0
2158,1086,2026-04-01,73.49,One-Time Deposit,Invest,0.0
2159,1178,2026-04-17,-86.5,Withdrawal,Invest,0.0
2160,1404,2026-01-22,1.92,Round-Up,Banking,0.08
2161,1325,2025-11-14,0.42,Round-Up,Banking,0.58
2162,1167,2026-03-31,229.02,Recurring Deposit,Invest,0.0
2163,1278,2025-09-28,29.18,One-Time Deposit,Invest,0.0
2164,1421,2026-03-11,1.85,Round-Up,Banking,0.15
2165,1147,2026-03-05,0.36,Round-Up,Banking,0.64
2166,1105,2025-08-24,67.88,One-Time Deposit,Invest,0.0
2167,1006,2025-06-22,2.98,Round-Up,Invest,0.02
2168,1208,2026-03-12,1.11,Round-Up,Banking,0.89
2169,1259,2026-02-20,-60.69,Withdrawal,Invest,0.0
2170,1428,2026-03-19,218.58,Recurring Deposit,Banking,0.0
2171,1446,2026-03-19,201.17,One-Time Deposit,Banking,0.0
2172,1429,2026-03-24,189.64,Recurring Deposit,Banking,0.0
2173,1238,2026-02-05,212.67,Recurring Deposit,Banking,0.0
2174,1167,2025-09-16,0.52,Round-Up,Invest,0.48
2175,1372,2025-08-05,2.27,Round-Up,Invest,0.73
2176,1140,2025-09-13,96.61,One-Time Deposit,Banking,0.0
2177,1471,2026-02-28,59.82,Recurring Deposit,Invest,0.0
2178,1417,2025-11-14,1.51,Round-Up,Invest,0.49
2179,1369,2025-06-03,-222.93,Withdrawal,Banking,0.0
2180,1248,2026-03-12,150.53,One-Time Deposit,Invest,0.0
2181,1268,2026-01-29,2.62,Round-Up,Invest,0.38
2182,1226,2025-12-05,0.17,Round-Up,Banking,0.83
2183,1026,2025-10-13,2.35,Round-Up,Banking,0.65
2184,1109,2026-02-15,163.92,Recurring Deposit,Banking,0.0
2185,1311,2025-11-29,-169.26,Withdrawal,Banking,0.0
2186,1058,2025-07-18,2.17,Round-Up,Banking,0.83
2187,1265,2025-12-26,-59.31,Withdrawal,Banking,0.0
2188,1188,2026-01-13,40.18,Recurring Deposit,Invest,0.0
2189,1053,2026-01-03,244.76,One-Time Deposit,Invest,0.0
2190,1071,2025-11-04,16.1,Recurring Deposit,Invest,0.0
2191,1085,2026-01-20,1.81,Round-Up,Invest,0.19
2192,1072,2026-03-11,109.14,One-Time Deposit,Banking,0.0
2193,1216,2025-07-08,2.67,Round-Up,Invest,0.33
2194,1306,2025-11-08,196.59,Recurring Deposit,Invest,0.0
2195,1254,2026-04-18,0.85,Round-Up,Invest,0.15
2196,1117,2026-04-12,226.78,Recurring Deposit,Banking,0.0
2197,1006,2025-09-29,101.89,Recurring Deposit,Invest,0.0
2198,1193,2026-04-10,2.72,Round-Up,Invest,0.28
2199,1327,2026-03-16,1.95,Round-Up,Banking,0.05
2200,1306,2026-02-18,248.49,One-Time Deposit,Invest,0.0
2201,1475,2026-03-12,242.48,One-Time Deposit,Banking,0.0
2202,1354,2026-05-04,1.36,Round-Up,Banking,0.64
2203,1082,2025-08-14,40.09,One-Time Deposit,Banking,0.0
2204,1135,2026-03-22,0.02,Round-Up,Banking,0.98
2205,1270,2026-01-09,1.1,Round-Up,Banking,0.9
2206,1350,2026-04-25,0.42,Round-Up,Banking,0.58
2207,1214,2025-10-24,2.07,Round-Up,Invest,0.93
2208,1027,2025-09-18,73.58,Recurring Deposit,Invest,0.0
2209,1250,2026-05-03,-161.76,Withdrawal,Banking,0.0
2210,1462,2025-08-25,1.41,Round-Up,Banking,0.59
2211,1221,2026-02-27,115.41,One-Time Deposit,Invest,0.0
2212,1376,2025-12-30,2.78,Round-Up,Banking,0.22
2213,1313,2026-04-27,228.84,One-Time Deposit,Banking,0.0
2214,1314,2026-01-14,2.6,Round-Up,Banking,0.4
2215,1294,2026-04-14,146.51,One-Time Deposit,Invest,0.0
2216,1149,2026-03-15,-93.44,Withdrawal,Invest,0.0
2217,1243,2026-04-04,0.91,Round-Up,Banking,0.09
2218,1102,2026-04-30,143.32,Recurring Deposit,Banking,0.0
2219,1457,2026-01-21,0.85,Round-Up,Banking,0.15
2220,1480,2025-12-01,1.77,Round-Up,Invest,0.23
2221,1266,2026-04-19,2.98,Round-Up,Invest,0.02
2222,1111,2026-03-15,2.64,Round-Up,Banking,0.36
2223,1268,2026-04-06,1.61,Round-Up,Invest,0.39
2224,1432,2026-02-06,2.97,Round-Up,Banking,0.03
2225,1071,2025-11-02,2.11,Round-Up,Invest,0.89
2226,1476,2026-03-05,0.63,Round-Up,Banking,0.37
2227,1323,2025-05-30,15.98,Recurring Deposit,Banking,0.0
2228,1107,2025-08-14,-76.45,Withdrawal,Invest,0.0
2229,1405,2025-08-25,1.04,Round-Up,Banking,0.96
2230,1019,2026-01-12,2.28,Round-Up,Invest,0.72
2231,1365,2026-02-12,1.76,Round-Up,Banking,0.24
2232,1352,2025-12-31,74.08,Recurring Deposit,Banking,0.0
2233,1280,2025-12-19,161.59,One-Time Deposit,Invest,0.0
2234,1006,2025-11-20,53.84,One-Time Deposit,Invest,0.0
2235,1150,2026-04-23,2.99,Round-Up,Invest,0.01
2236,1035,2026-03-21,2.86,Round-Up,Banking,0.14
2237,1148,2026-05-02,2.82,Round-Up,Banking,0.18
2238,1279,2026-03-11,-229.33,Withdrawal,Invest,0.0
2239,1203,2026-05-04,100.99,Recurring Deposit,Invest,0.0
2240,1181,2025-12-26,1.6,Round-Up,Banking,0.4
2241,1215,2026-01-29,167.04,One-Time Deposit,Invest,0.0
2242,1445,2025-09-30,0.79,Round-Up,Invest,0.21
2243,1367,2026-03-19,1.84,Round-Up,Banking,0.16
2244,1447,2025-11-09,89.2,Recurring Deposit,Banking,0.0
2245,1022,2026-04-04,102.56,One-Time Deposit,Banking,0.0
2246,1054,2026-04-17,2.76,Round-Up,Banking,0.24
2247,1099,2026-02-04,1.15,Round-Up,Banking,0.85
2248,1298,2025-07-10,164.58,Recurring Deposit,Invest,0.0
2249,1377,2026-04-08,112.99,One-Time Deposit,Banking,0.0
2250,1370,2025-08-30,102.47,One-Time Deposit,Banking,0.0
2251,1297,2025-09-25,2.07,Round-Up,Banking,0.93
2252,1275,2026-03-07,0.84,Round-Up,Invest,0.16
2253,1277,2026-02-27,-26.0,Withdrawal,Invest,0.0
2254,1377,2026-02-03,70.71,One-Time Deposit,Invest,0.0
2255,1378,2026-05-04,2.88,Round-Up,Banking,0.12
2256,1271,2026-03-26,139.18,One-Time Deposit,Invest,0.0
2257,1405,2025-11-04,194.58,Recurring Deposit,Banking,0.0
2258,1220,2026-04-28,2.64,Round-Up,Invest,0.36
2259,1327,2026-03-02,2.69,Round-Up,Banking,0.31
2260,1494,2026-01-10,207.7,One-Time Deposit,Invest,0.0
2261,1264,2025-11-23,246.28,Recurring Deposit,Invest,0.0
2262,1345,2026-03-31,219.67,Recurring Deposit,Banking,0.0
2263,1319,2025-09-10,156.1,Recurring Deposit,Banking,0.0
2264,1480,2026-02-06,0.22,Round-Up,Invest,0.78
2265,1167,2025-08-28,1.79,Round-Up,Invest,0.21
2266,1197,2026-04-30,-181.99,Withdrawal,Invest,0.0
2267,1024,2026-03-16,0.98,Round-Up,Invest,0.02
2268,1440,2026-01-19,129.2,One-Time Deposit,Banking,0.0
2269,1123,2026-02-03,174.86,Recurring Deposit,Invest,0.0
2270,1010,2026-04-30,113.79,One-Time Deposit,Banking,0.0
2271,1437,2026-04-22,0.76,Round-Up,Invest,0.24
2272,1303,2026-04-20,102.6,Recurring Deposit,Banking,0.0
2273,1109,2026-04-10,180.76,Recurring Deposit,Invest,0.0
2274,1101,2025-07-03,219.77,One-Time Deposit,Banking,0.0
2275,1195,2025-12-03,211.01,One-Time Deposit,Invest,0.0
2276,1250,2026-05-03,2.65,Round-Up,Banking,0.35
2277,1413,2025-08-19,0.13,Round-Up,Banking,0.87
2278,1145,2025-10-20,2.77,Round-Up,Banking,0.23
2279,1409,2026-01-14,0.6,Round-Up,Banking,0.4
2280,1080,2025-08-05,-222.55,Withdrawal,Invest,0.0
2281,1044,2026-02-07,53.26,Recurring Deposit,Invest,0.0
2282,1458,2026-05-02,112.71,Recurring Deposit,Banking,0.0
2283,1170,2026-05-01,188.6,One-Time Deposit,Banking,0.0
2284,1197,2026-04-12,0.54,Round-Up,Invest,0.46
2285,1374,2026-04-25,-106.9,Withdrawal,Invest,0.0
2286,1104,2025-10-26,0.74,Round-Up,Invest,0.26
2287,1183,2026-05-02,0.74,Round-Up,Banking,0.26
2288,1494,2026-01-27,72.56,One-Time Deposit,Banking,0.0
2289,1383,2026-04-22,163.35,Recurring Deposit,Invest,0.0
2290,1449,2026-05-03,55.04,Recurring Deposit,Banking,0.0
2291,1467,2025-12-22,1.52,Round-Up,Invest,0.48
2292,1163,2026-05-04,5.76,Recurring Deposit,Invest,0.0
2293,1478,2026-03-31,0.45,Round-Up,Banking,0.55
2294,1261,2026-03-20,1.65,Round-Up,Invest,0.35
2295,1273,2026-02-20,79.26,Recurring Deposit,Banking,0.0
2296,1459,2026-04-13,131.35,Recurring Deposit,Banking,0.0
2297,1458,2026-04-22,163.1,One-Time Deposit,Banking,0.0
2298,1243,2026-04-02,241.5,One-Time Deposit,Banking,0.0
2299,1133,2026-05-02,209.1,Recurring Deposit,Invest,0.0
2300,1154,2025-11-24,180.7,Recurring Deposit,Banking,0.0
2301,1247,2026-02-21,122.35,Recurring Deposit,Banking,0.0
2302,1053,2026-04-12,101.08,One-Time Deposit,Invest,0.0
2303,1456,2026-04-26,-12.97,Withdrawal,Banking,0.0
2304,1471,2026-03-19,-92.98,Withdrawal,Invest,0.0
2305,1290,2025-11-11,0.06,Round-Up,Invest,0.94
2306,1127,2026-04-27,99.09,Recurring Deposit,Invest,0.0
2307,1167,2026-02-24,118.09,One-Time Deposit,Invest,0.0
2308,1365,2025-08-06,2.07,Round-Up,Banking,0.93
2309,1455,2026-04-23,72.16,One-Time Deposit,Banking,0.0
2310,1405,2026-01-22,1.68,Round-Up,Banking,0.32
2311,1057,2026-02-01,155.38,One-Time Deposit,Invest,0.0
2312,1096,2026-02-08,114.78,Recurring Deposit,Banking,0.0
2313,1289,2026-03-27,2.09,Round-Up,Invest,0.91
2314,1401,2025-09-22,0.72,Round-Up,Invest,0.28
2315,1268,2026-03-09,-200.72,Withdrawal,Invest,0.0
2316,1393,2026-02-13,2.77,Round-Up,Invest,0.23
2317,1125,2026-03-20,2.66,Round-Up,Banking,0.34
2318,1142,2025-06-08,1.22,Round-Up,Banking,0.78
2319,1257,2025-12-04,91.7,One-Time Deposit,Invest,0.0
2320,1048,2026-01-19,233.69,One-Time Deposit,Banking,0.0
2321,1112,2026-03-11,18.3,Recurring Deposit,Banking,0.0
2322,1325,2025-08-27,42.39,One-Time Deposit,Banking,0.0
2323,1039,2026-03-12,107.8,Recurring Deposit,Banking,0.0
2324,1108,2026-03-30,155.42,One-Time Deposit,Invest,0.0
2325,1056,2025-09-12,2.15,Round-Up,Invest,0.85
2326,1473,2026-04-24,181.23,Recurring Deposit,Banking,0.0
2327,1497,2026-03-20,141.89,Recurring Deposit,Banking,0.0
2328,1383,2025-09-16,123.75,One-Time Deposit,Invest,0.0
2329,1216,2025-10-21,0.47,Round-Up,Invest,0.53
2330,1374,2026-03-04,0.24,Round-Up,Invest,0.76
2331,1315,2025-11-16,1.93,Round-Up,Banking,0.07
2332,1272,2026-05-01,2.45,Round-Up,Banking,0.55
2333,1127,2025-08-02,75.96,Recurring Deposit,Invest,0.0
2334,1297,2025-08-20,2.45,Round-Up,Invest,0.55
2335,1434,2025-12-17,149.13,Recurring Deposit,Banking,0.0
2336,1024,2026-04-26,2.21,Round-Up,Invest,0.79
2337,1284,2026-05-04,0.82,Round-Up,Banking,0.18
2338,1176,2025-11-27,142.02,One-Time Deposit,Banking,0.0
2339,1196,2026-04-03,0.56,Round-Up,Invest,0.44
2340,1310,2025-09-17,28.88,Recurring Deposit,Banking,0.0
2341,1219,2026-01-02,0.87,Round-Up,Invest,0.13
2342,1282,2026-04-20,2.93,Round-Up,Invest,0.07
2343,1337,2026-04-28,175.95,Recurring Deposit,Banking,0.0
2344,1018,2026-04-22,118.68,One-Time Deposit,Invest,0.0
2345,1256,2026-02-14,1.89,Round-Up,Invest,0.11
2346,1026,2025-12-22,1.56,Round-Up,Banking,0.44
2347,1296,2026-02-26,18.18,Recurring Deposit,Invest,0.0
2348,1127,2025-09-12,-223.07,Withdrawal,Invest,0.0
2349,1390,2026-01-04,79.86,Recurring Deposit,Invest,0.0
2350,1138,2026-02-19,0.96,Round-Up,Invest,0.04
2351,1152,2026-04-08,-26.57,Withdrawal,Banking,0.0
2352,1304,2025-08-13,2.57,Round-Up,Banking,0.43
2353,1389,2025-12-26,0.46,Round-Up,Invest,0.54
2354,1327,2026-04-17,176.54,Recurring Deposit,Banking,0.0
2355,1383,2025-09-17,1.53,Round-Up,Invest,0.47
2356,1014,2025-12-04,2.78,Round-Up,Invest,0.22
2357,1215,2026-01-07,1.02,Round-Up,Invest,0.98
2358,1101,2025-06-08,2.15,Round-Up,Invest,0.85
2359,1247,2025-05-31,244.97,Recurring Deposit,Banking,0.0
2360,1481,2025-12-28,81.52,One-Time Deposit,Banking,0.0
2361,1240,2026-03-29,1.52,Round-Up,Banking,0.48
2362,1288,2025-09-26,41.44,One-Time Deposit,Invest,0.0
2363,1160,2026-04-23,-192.18,Withdrawal,Banking,0.0
2364,1010,2026-04-28,160.06,Recurring Deposit,Invest,0.0
2365,1066,2025-10-22,2.73,Round-Up,Banking,0.27
2366,1169,2026-04-07,-12.03,Withdrawal,Invest,0.0
2367,1168,2025-08-22,24.14,Recurring Deposit,Invest,0.0
2368,1306,2026-02-14,0.32,Round-Up,Invest,0.68
2369,1371,2025-09-10,2.7,Round-Up,Banking,0.3
2370,1487,2026-04-16,0.87,Round-Up,Invest,0.13
2371,1421,2026-04-16,227.0,Recurring Deposit,Banking,0.0
2372,1271,2026-05-02,2.76,Round-Up,Banking,0.24
2373,1351,2026-04-21,21.67,One-Time Deposit,Invest,0.0
2374,1419,2026-04-06,0.43,Round-Up,Banking,0.57
2375,1496,2026-02-03,-6.98,Withdrawal,Invest,0.0
2376,1293,2026-01-13,2.74,Round-Up,Banking,0.26
2377,1151,2026-03-10,-204.82,Withdrawal,Invest,0.0
2378,1067,2026-01-24,-249.5,Withdrawal,Banking,0.0
2379,1352,2026-01-28,1.65,Round-Up,Invest,0.35
2380,1033,2026-02-27,9.73,One-Time Deposit,Invest,0.0
2381,1173,2026-04-02,1.48,Round-Up,Banking,0.52
2382,1254,2026-03-15,-149.0,Withdrawal,Invest,0.0
2383,1342,2025-11-04,240.68,One-Time Deposit,Banking,0.0
2384,1292,2026-05-02,2.29,Round-Up,Invest,0.71
2385,1419,2026-03-20,0.11,Round-Up,Banking,0.89
2386,1393,2026-04-14,1.37,Round-Up,Invest,0.63
2387,1412,2026-01-19,-168.47,Withdrawal,Invest,0.0
2388,1409,2026-01-06,66.37,Recurring Deposit,Banking,0.0
2389,1065,2026-04-19,204.22,Recurring Deposit,Banking,0.0
2390,1287,2026-05-01,1.37,Round-Up,Invest,0.63
2391,1424,2025-09-29,1.29,Round-Up,Invest,0.71
2392,1228,2026-02-18,-54.25,Withdrawal,Banking,0.0
2393,1012,2026-03-11,1.45,Round-Up,Banking,0.55
2394,1009,2026-03-22,-88.18,Withdrawal,Banking,0.0
2395,1432,2025-12-18,0.23,Round-Up,Banking,0.77
2396,1363,2026-04-13,0.58,Round-Up,Invest,0.42
2397,1037,2026-04-10,173.28,Recurring Deposit,Banking,0.0
2398,1285,2026-03-16,-125.28,Withdrawal,Invest,0.0
2399,1079,2026-02-08,-166.85,Withdrawal,Invest,0.0
2400,1049,2025-09-25,0.14,Round-Up,Banking,0.86
2401,1288,2025-08-09,0.48,Round-Up,Invest,0.52
2402,1257,2026-03-30,243.65,One-Time Deposit,Banking,0.0
2403,1353,2025-10-02,205.76,One-Time Deposit,Banking,0.0
2404,1162,2025-12-08,22.99,Recurring Deposit,Invest,0.0
2405,1343,2026-02-19,0.23,Round-Up,Banking,0.77
2406,1261,2026-03-08,-160.58,Withdrawal,Invest,0.0
2407,1139,2026-05-04,51.7,One-Time Deposit,Invest,0.0
2408,1048,2025-12-29,146.61,Recurring Deposit,Banking,0.0
2409,1286,2026-01-26,135.74,One-Time Deposit,Banking,0.0
2410,1085,2025-12-01,0.38,Round-Up,Invest,0.62
2411,1010,2026-04-23,-39.6,Withdrawal,Invest,0.0
2412,1239,2025-11-26,190.95,One-Time Deposit,Invest,0.0
2413,1392,2026-01-31,84.03,Recurring Deposit,Banking,0.0
2414,1273,2026-04-30,-64.79,Withdrawal,Invest,0.0
2415,1196,2026-01-24,185.78,Recurring Deposit,Invest,0.0
2416,1142,2025-11-26,185.34,One-Time Deposit,Banking,0.0
2417,1317,2026-03-15,2.46,Round-Up,Banking,0.54
2418,1378,2026-05-04,1.19,Round-Up,Banking,0.81
2419,1127,2025-11-05,1.77,Round-Up,Invest,0.23
2420,1162,2025-11-09,0.78,Round-Up,Invest,0.22
2421,1447,2025-12-17,2.07,Round-Up,Banking,0.93
2422,1019,2026-03-03,0.93,Round-Up,Invest,0.07
2423,1367,2026-04-24,2.53,Round-Up,Banking,0.47
2424,1207,2025-06-17,0.66,Round-Up,Banking,0.34
2425,1439,2025-10-21,0.05,Round-Up,Banking,0.95
2426,1073,2025-07-26,0.81,Round-Up,Invest,0.19
2427,1045,2026-02-13,154.04,Recurring Deposit,Banking,0.0
2428,1142,2026-02-19,138.82,One-Time Deposit,Banking,0.0
2429,1451,2026-02-23,0.62,Round-Up,Banking,0.38
2430,1155,2026-03-08,105.5,One-Time Deposit,Banking,0.0
2431,1192,2026-01-23,135.34,Recurring Deposit,Banking,0.0
2432,1414,2026-01-06,2.12,Round-Up,Invest,0.88
2433,1290,2025-06-03,165.21,One-Time Deposit,Invest,0.0
2434,1266,2026-02-25,-109.51,Withdrawal,Banking,0.0
2435,1187,2026-01-23,243.73,Recurring Deposit,Banking,0.0
2436,1083,2025-08-16,2.61,Round-Up,Banking,0.39
2437,1108,2026-04-24,55.67,One-Time Deposit,Banking,0.0
2438,1231,2025-12-20,1.17,Round-Up,Invest,0.83
2439,1416,2026-04-22,61.0,One-Time Deposit,Banking,0.0
2440,1274,2026-01-30,-158.23,Withdrawal,Banking,0.0
2441,1492,2026-02-19,14.69,One-Time Deposit,Invest,0.0
2442,1431,2026-01-10,-48.47,Withdrawal,Invest,0.0
2443,1429,2026-03-18,0.66,Round-Up,Banking,0.34
2444,1454,2026-02-15,-172.42,Withdrawal,Banking,0.0
2445,1157,2026-04-25,219.59,One-Time Deposit,Invest,0.0
2446,1392,2025-06-29,1.73,Round-Up,Banking,0.27
2447,1484,2026-03-01,49.61,One-Time Deposit,Banking,0.0
2448,1245,2026-02-08,2.88,Round-Up,Invest,0.12
2449,1139,2026-04-17,1.66,Round-Up,Invest,0.34
2450,1051,2026-04-14,81.08,Recurring Deposit,Banking,0.0
2451,1438,2026-04-27,0.97,Round-Up,Banking,0.03
2452,1036,2026-02-04,116.88,Recurring Deposit,Banking,0.0
2453,1330,2026-02-06,1.42,Round-Up,Banking,0.58
2454,1045,2025-11-12,0.84,Round-Up,Banking,0.16
2455,1270,2026-02-23,-53.52,Withdrawal,Banking,0.0
2456,1294,2026-04-28,1.8,Round-Up,Invest,0.2
2457,1316,2026-03-13,124.52,One-Time Deposit,Invest,0.0
2458,1158,2026-04-28,90.64,One-Time Deposit,Banking,0.0
2459,1022,2026-03-07,234.56,One-Time Deposit,Banking,0.0
2460,1055,2026-04-03,-142.82,Withdrawal,Banking,0.0
2461,1389,2025-12-27,211.51,Recurring Deposit,Invest,0.0
2462,1221,2025-10-24,0.41,Round-Up,Invest,0.59
2463,1486,2026-02-07,166.99,Recurring Deposit,Invest,0.0
2464,1280,2026-05-01,0.14,Round-Up,Invest,0.86
2465,1051,2026-03-22,5.53,One-Time Deposit,Banking,0.0
2466,1493,2026-02-22,-155.3,Withdrawal,Invest,0.0
2467,1023,2026-05-01,92.21,One-Time Deposit,Banking,0.0
2468,1190,2026-04-11,33.85,Recurring Deposit,Invest,0.0
2469,1120,2026-04-23,113.93,Recurring Deposit,Banking,0.0
2470,1061,2025-11-23,185.21,Recurring Deposit,Invest,0.0
2471,1356,2025-10-13,-240.61,Withdrawal,Invest,0.0
2472,1121,2025-11-07,2.74,Round-Up,Invest,0.26
2473,1480,2026-04-01,2.38,Round-Up,Invest,0.62
2474,1306,2026-02-06,213.55,One-Time Deposit,Invest,0.0
2475,1298,2025-09-03,86.83,Recurring Deposit,Invest,0.0
2476,1167,2025-07-28,1.0,Round-Up,Invest,0.0
2477,1217,2026-03-25,0.23,Round-Up,Banking,0.77
2478,1474,2026-03-30,2.98,Round-Up,Banking,0.02
2479,1199,2026-04-03,-44.05,Withdrawal,Banking,0.0
2480,1008,2026-05-04,85.66,Recurring Deposit,Banking,0.0
2481,1031,2026-04-18,2.0,Round-Up,Invest,0.0
2482,1454,2025-10-05,2.02,Round-Up,Invest,0.98
2483,1081,2026-03-20,0.59,Round-Up,Banking,0.41
2484,1495,2026-02-28,0.61,Round-Up,Banking,0.39
2485,1054,2026-03-30,1.41,Round-Up,Invest,0.59
2486,1377,2026-04-30,-44.56,Withdrawal,Invest,0.0
2487,1327,2025-10-11,-43.43,Withdrawal,Banking,0.0
2488,1331,2025-12-04,2.35,Round-Up,Invest,0.65
2489,1493,2026-02-26,0.18,Round-Up,Banking,0.82
2490,1239,2026-04-13,1.44,Round-Up,Invest,0.56
2491,1268,2026-01-18,124.56,One-Time Deposit,Invest,0.0
2492,1032,2026-03-21,2.06,Round-Up,Invest,0.94
2493,1207,2025-08-06,0.18,Round-Up,Banking,0.82
2494,1006,2025-08-08,1.26,Round-Up,Invest,0.74
2495,1330,2025-09-08,144.54,Recurring Deposit,Banking,0.0
2496,1432,2026-04-13,217.4,Recurring Deposit,Banking,0.0
2497,1255,2025-11-25,129.96,One-Time Deposit,Invest,0.0
2498,1268,2026-02-04,1.99,Round-Up,Invest,0.01
2499,1327,2025-12-01,-190.89,Withdrawal,Banking,0.0
2500,1402,2026-04-10,-109.23,Withdrawal,Invest,0.0
2501,1421,2026-03-10,1.61,Round-Up,Banking,0.39
2502,1232,2026-04-04,2.74,Round-Up,Invest,0.26
2503,1098,2026-04-12,157.87,One-Time Deposit,Banking,0.0
2504,1210,2025-12-14,1.93,Round-Up,Banking,0.07
2505,1142,2025-11-02,0.23,Round-Up,Banking,0.77
2506,1344,2026-03-04,76.8,One-Time Deposit,Banking,0.0
2507,1280,2026-04-21,12.87,One-Time Deposit,Invest,0.0
2508,1300,2026-04-18,1.27,Round-Up,Invest,0.73
2509,1180,2025-09-14,68.39,One-Time Deposit,Banking,0.0
2510,1008,2026-04-18,-35.44,Withdrawal,Banking,0.0
2511,1049,2026-01-21,1.88,Round-Up,Banking,0.12
2512,1061,2025-09-17,211.52,Recurring Deposit,Invest,0.0
2513,1205,2025-12-17,0.71,Round-Up,Invest,0.29
2514,1089,2026-02-03,1.55,Round-Up,Banking,0.45
2515,1129,2025-09-01,236.58,One-Time Deposit,Invest,0.0
2516,1169,2026-03-22,2.5,Round-Up,Invest,0.5
2517,1024,2026-04-06,2.54,Round-Up,Invest,0.46
2518,1487,2026-04-17,1.02,Round-Up,Invest,0.98
2519,1377,2025-12-27,58.43,One-Time Deposit,Banking,0.0
2520,1015,2026-02-04,57.46,Recurring Deposit,Invest,0.0
2521,1421,2026-01-03,2.22,Round-Up,Banking,0.78
2522,1107,2025-10-23,224.63,Recurring Deposit,Invest,0.0
2523,1033,2026-04-09,0.05,Round-Up,Invest,0.95
2524,1426,2025-09-30,238.85,One-Time Deposit,Banking,0.0
2525,1331,2025-07-20,1.95,Round-Up,Invest,0.05
2526,1120,2025-12-15,212.49,Recurring Deposit,Banking,0.0
2527,1024,2026-04-29,-166.97,Withdrawal,Invest,0.0
2528,1297,2025-12-26,-207.42,Withdrawal,Banking,0.0
2529,1035,2026-02-25,1.85,Round-Up,Banking,0.15
2530,1470,2026-01-19,100.04,Recurring Deposit,Banking,0.0
2531,1342,2025-11-02,0.07,Round-Up,Banking,0.93
2532,1403,2025-12-09,-219.32,Withdrawal,Banking,0.0
2533,1496,2026-01-24,0.25,Round-Up,Invest,0.75
2534,1252,2026-01-14,0.43,Round-Up,Banking,0.57
2535,1274,2026-02-22,1.73,Round-Up,Banking,0.27
2536,1188,2025-12-17,1.81,Round-Up,Banking,0.19
2537,1092,2026-03-25,245.1,Recurring Deposit,Banking,0.0
2538,1016,2026-03-28,-42.6,Withdrawal,Invest,0.0
2539,1479,2026-04-15,232.1,One-Time Deposit,Banking,0.0
2540,1366,2026-04-03,132.98,Recurring Deposit,Banking,0.0
2541,1225,2025-06-27,162.59,Recurring Deposit,Invest,0.0
2542,1120,2026-04-28,2.11,Round-Up,Banking,0.89
2543,1241,2025-08-14,2.79,Round-Up,Invest,0.21
2544,1321,2025-12-21,2.06,Round-Up,Banking,0.94
2545,1129,2025-09-04,2.05,Round-Up,Invest,0.95
2546,1446,2026-03-27,0.68,Round-Up,Banking,0.32
2547,1058,2025-10-13,1.61,Round-Up,Banking,0.39
2548,1004,2026-02-24,1.69,Round-Up,Banking,0.31
2549,1187,2025-10-06,2.1,Round-Up,Banking,0.9
2550,1366,2026-03-18,-26.5,Withdrawal,Banking,0.0
2551,1452,2025-10-08,0.11,Round-Up,Banking,0.89
2552,1281,2025-10-31,237.13,One-Time Deposit,Banking,0.0
2553,1120,2025-11-22,225.75,One-Time Deposit,Banking,0.0
2554,1052,2026-02-23,176.83,One-Time Deposit,Banking,0.0
2555,1409,2026-02-25,0.42,Round-Up,Invest,0.58
2556,1091,2026-03-11,1.87,Round-Up,Invest,0.13
2557,1260,2026-02-04,0.98,Round-Up,Banking,0.02
2558,1108,2026-03-23,1.38,Round-Up,Invest,0.62
2559,1001,2026-04-03,0.65,Round-Up,Banking,0.35
2560,1103,2026-04-29,84.35,One-Time Deposit,Invest,0.0
2561,1360,2026-02-20,168.61,Recurring Deposit,Banking,0.0
2562,1405,2025-07-07,92.61,One-Time Deposit,Banking,0.0
2563,1159,2026-04-30,1.73,Round-Up,Banking,0.27
2564,1099,2026-02-06,0.38,Round-Up,Banking,0.62
2565,1049,2026-02-13,201.45,Recurring Deposit,Banking,0.0
2566,1066,2025-08-24,2.97,Round-Up,Banking,0.03
2567,1457,2025-12-27,102.7,Recurring Deposit,Banking,0.0
2568,1001,2026-05-03,36.87,Recurring Deposit,Banking,0.0
2569,1412,2025-11-26,2.11,Round-Up,Invest,0.89
2570,1003,2026-04-19,1.24,Round-Up,Banking,0.76
2571,1170,2026-03-07,51.33,One-Time Deposit,Banking,0.0
2572,1158,2026-04-17,0.47,Round-Up,Banking,0.53
2573,1074,2025-10-20,2.52,Round-Up,Invest,0.48
2574,1490,2026-03-17,0.2,Round-Up,Banking,0.8
2575,1115,2026-02-23,0.88,Round-Up,Banking,0.12
2576,1281,2026-03-17,18.09,One-Time Deposit,Banking,0.0
2577,1028,2026-04-29,34.37,Recurring Deposit,Banking,0.0
2578,1407,2026-04-21,1.53,Round-Up,Banking,0.47
2579,1004,2026-02-03,-168.77,Withdrawal,Banking,0.0
2580,1435,2026-04-30,-162.11,Withdrawal,Invest,0.0
2581,1414,2026-02-01,-40.38,Withdrawal,Invest,0.0
2582,1049,2026-04-08,160.2,Recurring Deposit,Banking,0.0
2583,1239,2025-12-28,1.09,Round-Up,Invest,0.91
2584,1214,2026-02-03,1.42,Round-Up,Invest,0.58
2585,1395,2026-04-26,201.35,One-Time Deposit,Invest,0.0
2586,1350,2026-04-19,86.46,One-Time Deposit,Banking,0.0
2587,1343,2026-02-02,41.01,Recurring Deposit,Invest,0.0
2588,1393,2025-05-22,-219.0,Withdrawal,Invest,0.0
2589,1197,2026-03-19,56.97,One-Time Deposit,Invest,0.0
2590,1479,2026-04-19,2.17,Round-Up,Banking,0.83
2591,1136,2026-04-09,0.27,Round-Up,Banking,0.73
2592,1482,2026-04-27,0.07,Round-Up,Invest,0.93
2593,1412,2025-12-27,201.1,One-Time Deposit,Invest,0.0
2594,1293,2026-04-01,50.05,One-Time Deposit,Banking,0.0
2595,1448,2026-02-07,91.31,Recurring Deposit,Invest,0.0
2596,1164,2026-02-08,35.84,One-Time Deposit,Banking,0.0
2597,1130,2026-05-02,-137.55,Withdrawal,Invest,0.0
2598,1420,2025-11-13,76.68,One-Time Deposit,Banking,0.0
2599,1432,2025-11-25,173.79,Recurring Deposit,Banking,0.0
2600,1044,2026-03-14,0.53,Round-Up,Invest,0.47
2601,1184,2026-01-26,19.62,Recurring Deposit,Invest,0.0
2602,1303,2026-04-29,110.98,Recurring Deposit,Banking,0.0
2603,1080,2025-11-18,1.75,Round-Up,Invest,0.25
2604,1195,2025-10-26,2.12,Round-Up,Invest,0.88
2605,1134,2026-04-03,-248.53,Withdrawal,Banking,0.0
2606,1218,2026-03-18,1.84,Round-Up,Banking,0.16
2607,1446,2026-03-29,16.41,One-Time Deposit,Banking,0.0
2608,1431,2025-09-29,2.05,Round-Up,Invest,0.95
2609,1499,2025-12-31,170.56,Recurring Deposit,Banking,0.0
2610,1038,2026-03-10,38.12,Recurring Deposit,Invest,0.0
2611,1169,2026-04-11,2.62,Round-Up,Invest,0.38
2612,1342,2025-11-12,0.91,Round-Up,Banking,0.09
2613,1448,2026-04-04,-121.37,Withdrawal,Invest,0.0
2614,1057,2026-01-13,56.19,Recurring Deposit,Invest,0.0
2615,1130,2026-01-28,27.36,Recurring Deposit,Invest,0.0
2616,1037,2026-04-28,0.76,Round-Up,Banking,0.24
2617,1443,2026-03-05,2.86,Round-Up,Invest,0.14
2618,1345,2026-03-31,1.36,Round-Up,Banking,0.64
2619,1122,2026-04-15,188.51,Recurring Deposit,Banking,0.0
2620,1381,2025-06-16,0.34,Round-Up,Invest,0.66
2621,1342,2025-11-19,1.95,Round-Up,Banking,0.05
2622,1154,2025-12-05,1.32,Round-Up,Invest,0.68
2623,1234,2026-04-26,0.29,Round-Up,Invest,0.71
2624,1333,2025-07-17,148.92,Recurring Deposit,Banking,0.0
2625,1171,2026-03-21,2.4,Round-Up,Invest,0.6
2626,1280,2026-03-08,145.61,Recurring Deposit,Invest,0.0
2627,1492,2026-04-01,-43.89,Withdrawal,Invest,0.0
2628,1367,2026-03-12,2.07,Round-Up,Banking,0.93
2629,1037,2026-05-02,101.97,Recurring Deposit,Banking,0.0
2630,1405,2026-03-01,-122.44,Withdrawal,Banking,0.0
2631,1314,2026-03-31,-53.29,Withdrawal,Banking,0.0
2632,1418,2026-03-18,2.51,Round-Up,Banking,0.49
2633,1187,2026-04-11,1.18,Round-Up,Banking,0.82
2634,1106,2026-03-25,0.04,Round-Up,Invest,0.96
2635,1333,2025-07-08,150.51,Recurring Deposit,Banking,0.0
2636,1417,2026-02-24,24.24,Recurring Deposit,Invest,0.0
2637,1346,2026-02-25,222.96,Recurring Deposit,Invest,0.0
2638,1111,2026-03-04,2.82,Round-Up,Banking,0.18
2639,1025,2026-04-07,0.55,Round-Up,Banking,0.45
2640,1284,2026-03-01,16.18,One-Time Deposit,Banking,0.0
2641,1377,2026-02-07,159.9,One-Time Deposit,Invest,0.0
2642,1234,2026-05-04,96.49,Recurring Deposit,Invest,0.0
2643,1212,2026-03-24,0.03,Round-Up,Banking,0.97
2644,1295,2026-03-11,0.39,Round-Up,Invest,0.61
2645,1276,2025-08-16,1.62,Round-Up,Banking,0.38
2646,1042,2025-11-11,0.75,Round-Up,Invest,0.25
2647,1165,2025-11-15,0.29,Round-Up,Banking,0.71
2648,1016,2026-01-22,1.09,Round-Up,Invest,0.91
2649,1223,2026-02-13,0.83,Round-Up,Invest,0.17
2650,1159,2026-04-28,1.54,Round-Up,Banking,0.46
2651,1010,2026-04-29,2.94,Round-Up,Invest,0.06
2652,1392,2025-08-18,217.84,Recurring Deposit,Banking,0.0
2653,1057,2026-03-29,1.12,Round-Up,Invest,0.88
2654,1059,2026-03-10,63.5,Recurring Deposit,Banking,0.0
2655,1474,2026-04-14,10.9,Recurring Deposit,Banking,0.0
2656,1444,2026-02-24,15.74,One-Time Deposit,Banking,0.0
2657,1138,2026-04-27,-12.26,Withdrawal,Invest,0.0
2658,1011,2025-07-11,0.27,Round-Up,Banking,0.73
2659,1295,2026-04-14,78.08,Recurring Deposit,Invest,0.0
2660,1498,2025-11-26,-125.84,Withdrawal,Invest,0.0
2661,1201,2026-03-13,198.02,Recurring Deposit,Invest,0.0
2662,1289,2026-01-12,1.5,Round-Up,Invest,0.5
2663,1138,2026-02-12,0.57,Round-Up,Invest,0.43
2664,1106,2026-03-22,1.91,Round-Up,Invest,0.09
2665,1470,2025-08-06,144.17,One-Time Deposit,Banking,0.0
2666,1342,2026-01-08,35.56,Recurring Deposit,Banking,0.0
2667,1416,2026-04-15,0.09,Round-Up,Banking,0.91
2668,1220,2026-03-16,68.15,One-Time Deposit,Invest,0.0
2669,1453,2026-02-13,170.18,Recurring Deposit,Banking,0.0
2670,1295,2026-02-23,0.63,Round-Up,Invest,0.37
2671,1457,2026-01-15,156.09,Recurring Deposit,Banking,0.0
2672,1500,2026-01-08,70.4,Recurring Deposit,Invest,0.0
2673,1292,2026-05-02,2.14,Round-Up,Invest,0.86
2674,1068,2025-09-26,216.45,One-Time Deposit,Invest,0.0
2675,1442,2025-08-10,2.54,Round-Up,Banking,0.46
2676,1174,2026-01-20,49.47,One-Time Deposit,Invest,0.0
2677,1345,2026-04-23,-154.49,Withdrawal,Banking,0.0
2678,1189,2026-04-13,205.18,Recurring Deposit,Banking,0.0
2679,1468,2026-04-16,1.19,Round-Up,Invest,0.81
2680,1368,2026-04-27,0.29,Round-Up,Invest,0.71
2681,1269,2026-05-02,0.78,Round-Up,Banking,0.22
2682,1175,2026-03-23,20.81,One-Time Deposit,Invest,0.0
2683,1211,2026-04-12,0.94,Round-Up,Invest,0.06
2684,1256,2025-12-14,204.41,One-Time Deposit,Banking,0.0
2685,1248,2026-03-12,0.58,Round-Up,Invest,0.42
2686,1276,2025-11-20,2.42,Round-Up,Banking,0.58
2687,1001,2026-04-13,0.83,Round-Up,Invest,0.17
2688,1038,2026-02-04,-106.56,Withdrawal,Invest,0.0
2689,1125,2026-04-19,7.4,Recurring Deposit,Banking,0.0
2690,1336,2026-01-14,1.31,Round-Up,Banking,0.69
2691,1234,2026-04-28,1.24,Round-Up,Invest,0.76
2692,1030,2025-10-17,97.75,One-Time Deposit,Invest,0.0
2693,1105,2026-04-18,2.45,Round-Up,Invest,0.55
2694,1321,2025-12-03,93.49,One-Time Deposit,Banking,0.0
2695,1253,2026-03-29,125.71,Recurring Deposit,Banking,0.0
2696,1302,2026-03-28,93.01,One-Time Deposit,Banking,0.0
2697,1354,2026-05-03,140.42,One-Time Deposit,Banking,0.0
2698,1479,2026-05-02,63.47,One-Time Deposit,Banking,0.0
2699,1463,2025-09-02,-160.66,Withdrawal,Banking,0.0
2700,1259,2025-11-14,-214.17,Withdrawal,Banking,0.0
2701,1295,2026-03-12,59.9,One-Time Deposit,Invest,0.0
2702,1179,2025-12-30,1.66,Round-Up,Invest,0.34
2703,1352,2025-10-26,163.93,One-Time Deposit,Invest,0.0
2704,1039,2026-04-14,2.97,Round-Up,Banking,0.03
2705,1097,2026-05-01,94.58,One-Time Deposit,Banking,0.0
2706,1139,2026-04-30,162.34,One-Time Deposit,Invest,0.0
2707,1305,2026-03-15,2.27,Round-Up,Invest,0.73
2708,1103,2026-04-08,0.7,Round-Up,Invest,0.3
2709,1183,2026-03-27,135.49,One-Time Deposit,Banking,0.0
2710,1056,2025-12-21,10.05,Recurring Deposit,Invest,0.0
2711,1240,2025-11-06,129.37,One-Time Deposit,Banking,0.0
2712,1309,2026-03-02,165.29,Recurring Deposit,Invest,0.0
2713,1406,2025-07-12,0.95,Round-Up,Banking,0.05
2714,1071,2026-01-31,32.78,One-Time Deposit,Invest,0.0
2715,1022,2026-03-04,2.9,Round-Up,Banking,0.1
2716,1230,2025-12-14,153.51,Recurring Deposit,Invest,0.0
2717,1210,2025-09-19,1.6,Round-Up,Banking,0.4
2718,1034,2026-03-31,66.03,One-Time Deposit,Banking,0.0
2719,1255,2026-03-12,2.71,Round-Up,Invest,0.29
2720,1225,2025-11-25,1.54,Round-Up,Invest,0.46
2721,1350,2026-04-11,-132.54,Withdrawal,Banking,0.0
2722,1450,2025-06-29,1.22,Round-Up,Banking,0.78
2723,1336,2025-11-25,0.7,Round-Up,Invest,0.3
2724,1111,2025-09-18,100.1,One-Time Deposit,Banking,0.0
2725,1457,2025-12-31,75.11,Recurring Deposit,Banking,0.0
2726,1002,2026-03-31,1.51,Round-Up,Banking,0.49
2727,1260,2025-12-18,93.0,Recurring Deposit,Banking,0.0
2728,1169,2026-03-24,51.73,Recurring Deposit,Invest,0.0
2729,1479,2026-04-16,0.08,Round-Up,Banking,0.92
2730,1142,2025-08-02,0.17,Round-Up,Banking,0.83
2731,1206,2025-09-28,1.6,Round-Up,Banking,0.4
2732,1257,2026-03-05,86.99,Recurring Deposit,Banking,0.0
2733,1239,2026-01-04,1.9,Round-Up,Invest,0.1
2734,1210,2025-08-29,1.66,Round-Up,Banking,0.34
2735,1192,2025-12-04,17.19,Recurring Deposit,Banking,0.0
2736,1066,2025-08-13,36.23,One-Time Deposit,Banking,0.0
2737,1338,2026-01-25,1.92,Round-Up,Invest,0.08
2738,1419,2026-05-03,26.52,One-Time Deposit,Banking,0.0
2739,1066,2025-12-23,2.99,Round-Up,Banking,0.01
2740,1201,2026-03-23,2.52,Round-Up,Banking,0.48
2741,1449,2025-11-01,163.66,One-Time Deposit,Banking,0.0
2742,1245,2026-02-05,-173.65,Withdrawal,Invest,0.0
2743,1048,2026-02-18,2.05,Round-Up,Banking,0.95
2744,1110,2026-04-30,55.76,Recurring Deposit,Invest,0.0
2745,1218,2026-04-09,157.46,One-Time Deposit,Banking,0.0
2746,1309,2025-11-23,0.78,Round-Up,Invest,0.22
2747,1140,2025-11-22,236.2,Recurring Deposit,Banking,0.0
2748,1026,2026-01-03,2.21,Round-Up,Invest,0.79
2749,1158,2026-04-29,-19.39,Withdrawal,Banking,0.0
2750,1212,2026-03-29,165.11,Recurring Deposit,Banking,0.0
2751,1336,2025-12-27,2.63,Round-Up,Banking,0.37
2752,1209,2026-03-02,1.68,Round-Up,Invest,0.32
2753,1301,2025-11-24,1.0,Round-Up,Invest,0.0
2754,1326,2026-04-27,1.04,Round-Up,Banking,0.96
2755,1059,2026-03-03,0.88,Round-Up,Banking,0.12
2756,1326,2026-04-28,1.37,Round-Up,Banking,0.63
2757,1416,2026-02-12,21.55,One-Time Deposit,Banking,0.0
2758,1149,2026-03-08,1.65,Round-Up,Invest,0.35
2759,1007,2025-09-07,109.68,Recurring Deposit,Banking,0.0
2760,1059,2026-04-15,28.8,Recurring Deposit,Banking,0.0
2761,1051,2025-09-08,187.44,One-Time Deposit,Invest,0.0
2762,1162,2025-12-31,225.22,Recurring Deposit,Invest,0.0
2763,1259,2025-11-22,2.52,Round-Up,Invest,0.48
2764,1390,2025-08-06,0.21,Round-Up,Invest,0.79
2765,1320,2026-04-24,15.37,One-Time Deposit,Banking,0.0
2766,1133,2026-01-14,99.71,One-Time Deposit,Invest,0.0
2767,1392,2025-11-04,76.77,One-Time Deposit,Banking,0.0
2768,1061,2025-12-14,61.01,Recurring Deposit,Invest,0.0
2769,1283,2026-04-04,-162.96,Withdrawal,Banking,0.0
2770,1063,2026-01-11,36.91,One-Time Deposit,Banking,0.0
2771,1186,2026-03-08,215.87,Recurring Deposit,Invest,0.0
2772,1072,2025-12-23,0.52,Round-Up,Banking,0.48
2773,1258,2026-01-24,2.26,Round-Up,Banking,0.74
2774,1258,2025-11-16,234.16,Recurring Deposit,Banking,0.0
2775,1238,2026-02-11,1.7,Round-Up,Banking,0.3
2776,1278,2026-03-16,1.66,Round-Up,Invest,0.34
2777,1007,2025-10-18,1.17,Round-Up,Banking,0.83
2778,1479,2026-04-24,87.17,One-Time Deposit,Banking,0.0
2779,1489,2026-05-01,0.02,Round-Up,Invest,0.98
2780,1029,2026-04-23,136.86,One-Time Deposit,Invest,0.0
2781,1279,2026-02-28,0.66,Round-Up,Banking,0.34
2782,1466,2025-10-16,2.23,Round-Up,Invest,0.77
2783,1121,2026-04-04,0.14,Round-Up,Invest,0.86
2784,1162,2026-04-05,2.5,Round-Up,Invest,0.5
2785,1193,2026-04-16,202.47,Recurring Deposit,Invest,0.0
2786,1031,2026-04-07,2.5,Round-Up,Invest,0.5
2787,1400,2026-01-01,0.47,Round-Up,Banking,0.53
2788,1175,2026-04-23,109.76,One-Time Deposit,Invest,0.0
2789,1412,2026-04-14,22.92,One-Time Deposit,Invest,0.0
2790,1348,2026-01-31,2.55,Round-Up,Invest,0.45
2791,1458,2026-04-21,2.17,Round-Up,Banking,0.83
2792,1427,2026-04-16,-20.95,Withdrawal,Invest,0.0
2793,1473,2026-03-24,129.92,Recurring Deposit,Banking,0.0
2794,1374,2026-04-06,0.29,Round-Up,Banking,0.71
2795,1031,2026-05-04,244.83,One-Time Deposit,Invest,0.0
2796,1074,2025-08-11,0.88,Round-Up,Invest,0.12
2797,1140,2026-01-09,2.92,Round-Up,Banking,0.08
2798,1271,2026-03-14,74.95,One-Time Deposit,Banking,0.0
2799,1491,2026-04-11,249.29,Recurring Deposit,Invest,0.0
2800,1018,2026-03-14,2.8,Round-Up,Invest,0.2
2801,1265,2026-02-10,115.96,Recurring Deposit,Invest,0.0
2802,1419,2026-05-04,2.7,Round-Up,Banking,0.3
2803,1135,2026-04-15,0.98,Round-Up,Banking,0.02
2804,1279,2026-02-13,2.2,Round-Up,Banking,0.8
2805,1398,2026-04-10,2.21,Round-Up,Banking,0.79
2806,1291,2026-04-18,-142.45,Withdrawal,Banking,0.0
2807,1019,2025-12-18,145.18,One-Time Deposit,Invest,0.0
2808,1338,2026-01-05,0.07,Round-Up,Invest,0.93
2809,1046,2026-02-18,-204.65,Withdrawal,Invest,0.0
2810,1431,2025-12-17,5.8,Recurring Deposit,Invest,0.0
2811,1328,2026-04-21,86.73,Recurring Deposit,Invest,0.0
2812,1467,2025-12-06,-166.58,Withdrawal,Invest,0.0
2813,1002,2026-02-03,0.61,Round-Up,Banking,0.39
2814,1413,2025-08-10,62.48,Recurring Deposit,Banking,0.0
2815,1257,2026-01-05,137.57,Recurring Deposit,Banking,0.0
2816,1273,2026-03-21,136.81,Recurring Deposit,Banking,0.0
2817,1073,2025-07-18,219.17,Recurring Deposit,Invest,0.0
2818,1272,2026-04-24,0.91,Round-Up,Banking,0.09
2819,1070,2026-04-21,109.0,Recurring Deposit,Invest,0.0
2820,1061,2026-02-20,1.68,Round-Up,Invest,0.32
2821,1141,2026-03-22,1.24,Round-Up,Banking,0.76
2822,1068,2025-09-01,2.76,Round-Up,Banking,0.24
2823,1272,2026-05-02,-244.24,Withdrawal,Invest,0.0
2824,1419,2026-04-14,1.46,Round-Up,Banking,0.54
2825,1362,2026-02-15,234.08,One-Time Deposit,Banking,0.0
2826,1114,2026-04-18,0.98,Round-Up,Banking,0.02
2827,1349,2026-04-28,-233.17,Withdrawal,Invest,0.0
2828,1003,2026-04-11,1.64,Round-Up,Banking,0.36
2829,1380,2026-01-05,32.74,Recurring Deposit,Banking,0.0
2830,1008,2026-04-29,147.57,Recurring Deposit,Banking,0.0
2831,1403,2026-01-29,0.58,Round-Up,Banking,0.42
2832,1123,2026-03-19,1.43,Round-Up,Invest,0.57
2833,1168,2025-06-10,112.84,Recurring Deposit,Invest,0.0
2834,1122,2026-04-14,-108.56,Withdrawal,Banking,0.0
2835,1384,2026-04-16,167.71,Recurring Deposit,Banking,0.0
2836,1354,2026-04-26,1.49,Round-Up,Banking,0.51
2837,1349,2026-05-01,85.65,Recurring Deposit,Invest,0.0
2838,1388,2026-01-19,2.71,Round-Up,Banking,0.29
2839,1306,2025-12-22,234.92,One-Time Deposit,Invest,0.0
2840,1485,2026-04-10,14.97,Recurring Deposit,Banking,0.0
2841,1465,2026-05-01,1.14,Round-Up,Invest,0.86
2842,1411,2026-02-01,109.14,Recurring Deposit,Invest,0.0
2843,1099,2026-02-06,149.71,One-Time Deposit,Banking,0.0
2844,1202,2025-06-12,73.09,Recurring Deposit,Invest,0.0
2845,1296,2025-11-19,2.5,Round-Up,Invest,0.5
2846,1337,2026-04-11,2.05,Round-Up,Banking,0.95
2847,1356,2025-09-07,152.42,Recurring Deposit,Invest,0.0
2848,1003,2026-03-26,0.41,Round-Up,Banking,0.59
2849,1433,2026-04-17,1.91,Round-Up,Invest,0.09
2850,1169,2026-03-16,-171.59,Withdrawal,Invest,0.0
2851,1234,2026-04-27,2.24,Round-Up,Banking,0.76
2852,1146,2026-04-30,-172.49,Withdrawal,Banking,0.0
2853,1388,2026-02-18,1.98,Round-Up,Banking,0.02
2854,1353,2026-01-19,2.3,Round-Up,Banking,0.7
2855,1095,2026-02-27,46.4,Recurring Deposit,Banking,0.0
2856,1062,2026-03-05,15.15,Recurring Deposit,Invest,0.0
2857,1421,2026-03-14,87.89,One-Time Deposit,Banking,0.0
2858,1389,2026-01-26,41.93,One-Time Deposit,Invest,0.0
2859,1317,2026-03-31,160.21,Recurring Deposit,Banking,0.0
2860,1080,2025-10-11,2.19,Round-Up,Invest,0.81
2861,1041,2026-02-08,1.29,Round-Up,Invest,0.71
2862,1116,2026-02-27,0.08,Round-Up,Invest,0.92
2863,1272,2026-05-01,199.24,One-Time Deposit,Banking,0.0
2864,1334,2025-08-09,1.95,Round-Up,Banking,0.05
2865,1006,2025-11-16,2.89,Round-Up,Invest,0.11
2866,1251,2026-04-23,126.17,One-Time Deposit,Banking,0.0
2867,1225,2025-08-05,1.53,Round-Up,Invest,0.47
2868,1014,2025-10-11,0.96,Round-Up,Invest,0.04
2869,1125,2026-02-21,182.61,Recurring Deposit,Banking,0.0
2870,1375,2026-04-24,0.07,Round-Up,Invest,0.93
2871,1434,2025-11-23,181.45,Recurring Deposit,Banking,0.0
2872,1204,2026-04-02,65.4,Recurring Deposit,Banking,0.0
2873,1240,2025-11-27,0.6,Round-Up,Banking,0.4
2874,1460,2026-04-14,139.05,One-Time Deposit,Invest,0.0
2875,1019,2026-03-25,2.16,Round-Up,Invest,0.84
2876,1189,2026-03-26,18.0,Recurring Deposit,Banking,0.0
2877,1005,2026-04-01,-19.71,Withdrawal,Banking,0.0
2878,1112,2025-10-23,197.12,One-Time Deposit,Banking,0.0
2879,1217,2025-09-19,215.58,Recurring Deposit,Banking,0.0
2880,1012,2026-02-21,2.23,Round-Up,Banking,0.77
2881,1032,2025-12-27,0.34,Round-Up,Invest,0.66
2882,1053,2025-12-19,212.1,Recurring Deposit,Invest,0.0
2883,1006,2025-06-02,2.34,Round-Up,Invest,0.66
2884,1053,2025-11-08,2.18,Round-Up,Invest,0.82
2885,1459,2026-03-14,2.86,Round-Up,Banking,0.14
2886,1356,2026-03-26,53.51,Recurring Deposit,Invest,0.0
2887,1369,2025-07-01,2.08,Round-Up,Invest,0.92
2888,1446,2026-03-07,-75.27,Withdrawal,Banking,0.0
2889,1204,2026-02-16,2.78,Round-Up,Banking,0.22
2890,1370,2025-09-02,0.55,Round-Up,Banking,0.45
2891,1375,2026-04-11,46.43,Recurring Deposit,Invest,0.0
2892,1317,2026-04-15,0.94,Round-Up,Banking,0.06
2893,1436,2026-04-06,40.65,Recurring Deposit,Banking,0.0
2894,1313,2026-04-27,2.48,Round-Up,Banking,0.52
2895,1386,2026-04-01,0.02,Round-Up,Invest,0.98
2896,1264,2026-05-04,2.5,Round-Up,Invest,0.5
2897,1346,2026-03-19,-93.45,Withdrawal,Invest,0.0
2898,1453,2026-03-13,121.35,One-Time Deposit,Banking,0.0
2899,1061,2025-09-05,212.92,Recurring Deposit,Invest,0.0
2900,1318,2025-10-21,2.0,Round-Up,Banking,0.0
2901,1301,2025-10-09,159.63,One-Time Deposit,Banking,0.0
2902,1391,2026-02-16,199.39,One-Time Deposit,Banking,0.0
2903,1436,2026-05-04,-8.55,Withdrawal,Banking,0.0
2904,1490,2026-03-20,220.69,Recurring Deposit,Banking,0.0
2905,1154,2026-03-15,238.74,Recurring Deposit,Invest,0.0
2906,1076,2026-04-09,1.81,Round-Up,Invest,0.19
2907,1353,2026-04-04,189.68,One-Time Deposit,Banking,0.0
2908,1035,2026-05-04,130.62,One-Time Deposit,Banking,0.0
2909,1337,2026-03-03,-75.12,Withdrawal,Banking,0.0
2910,1462,2025-05-26,0.38,Round-Up,Banking,0.62
2911,1169,2026-03-27,2.59,Round-Up,Invest,0.41
2912,1496,2025-06-23,0.1,Round-Up,Invest,0.9
2913,1197,2026-01-16,2.93,Round-Up,Invest,0.07
2914,1460,2026-03-26,0.6,Round-Up,Invest,0.4
2915,1272,2026-05-02,184.32,Recurring Deposit,Banking,0.0
2916,1422,2025-12-11,56.73,One-Time Deposit,Banking,0.0
2917,1410,2025-08-30,119.37,Recurring Deposit,Banking,0.0
2918,1486,2026-03-21,245.17,Recurring Deposit,Banking,0.0
2919,1277,2026-02-24,2.55,Round-Up,Invest,0.45
2920,1080,2025-07-07,234.87,One-Time Deposit,Invest,0.0
2921,1137,2026-04-28,2.4,Round-Up,Banking,0.6
2922,1440,2026-03-04,-168.18,Withdrawal,Banking,0.0
2923,1395,2026-04-28,0.49,Round-Up,Invest,0.51
2924,1087,2025-06-28,0.54,Round-Up,Invest,0.46
2925,1367,2026-04-25,2.76,Round-Up,Banking,0.24
2926,1441,2025-11-16,110.98,One-Time Deposit,Invest,0.0
2927,1074,2025-12-31,2.6,Round-Up,Invest,0.4
2928,1137,2026-04-24,1.64,Round-Up,Banking,0.36
2929,1023,2026-05-03,81.47,Recurring Deposit,Banking,0.0
2930,1373,2025-10-04,177.17,Recurring Deposit,Invest,0.0
2931,1429,2026-04-06,2.45,Round-Up,Banking,0.55
2932,1316,2026-05-03,84.21,One-Time Deposit,Invest,0.0
2933,1267,2026-02-24,106.18,Recurring Deposit,Invest,0.0
2934,1050,2026-02-04,2.58,Round-Up,Banking,0.42
2935,1106,2026-04-09,93.08,Recurring Deposit,Invest,0.0
2936,1467,2025-09-19,2.73,Round-Up,Invest,0.27
2937,1399,2025-11-10,91.19,Recurring Deposit,Banking,0.0
2938,1175,2026-04-10,57.58,One-Time Deposit,Invest,0.0
2939,1331,2026-04-13,138.44,One-Time Deposit,Invest,0.0
2940,1386,2026-04-11,41.12,Recurring Deposit,Banking,0.0
2941,1149,2026-03-18,2.03,Round-Up,Invest,0.97
2942,1303,2026-04-25,1.69,Round-Up,Banking,0.31
2943,1118,2025-07-01,151.52,One-Time Deposit,Banking,0.0
2944,1419,2026-05-04,35.63,Recurring Deposit,Banking,0.0
2945,1290,2026-04-28,0.78,Round-Up,Invest,0.22
2946,1202,2025-08-10,116.37,Recurring Deposit,Banking,0.0
2947,1072,2026-04-08,0.85,Round-Up,Banking,0.15
2948,1229,2026-02-23,0.38,Round-Up,Invest,0.62
2949,1044,2026-03-28,179.85,Recurring Deposit,Invest,0.0
2950,1249,2025-08-03,2.56,Round-Up,Banking,0.44
2951,1179,2025-12-18,29.61,One-Time Deposit,Invest,0.0
2952,1166,2026-01-25,2.25,Round-Up,Banking,0.75
2953,1441,2025-11-23,0.53,Round-Up,Invest,0.47
2954,1173,2026-04-04,197.54,One-Time Deposit,Banking,0.0
2955,1192,2026-04-20,239.43,One-Time Deposit,Banking,0.0
2956,1092,2026-03-06,0.42,Round-Up,Banking,0.58
2957,1133,2026-03-06,1.86,Round-Up,Invest,0.14
2958,1192,2026-02-17,1.83,Round-Up,Banking,0.17
2959,1423,2025-10-07,94.26,One-Time Deposit,Invest,0.0
2960,1098,2026-04-24,-34.96,Withdrawal,Banking,0.0
2961,1257,2026-01-14,29.04,Recurring Deposit,Banking,0.0
2962,1293,2025-11-07,0.53,Round-Up,Banking,0.47
2963,1129,2025-09-01,0.07,Round-Up,Invest,0.93
2964,1334,2025-09-28,-144.39,Withdrawal,Banking,0.0
2965,1470,2025-09-10,157.34,One-Time Deposit,Banking,0.0
2966,1456,2026-03-20,120.4,One-Time Deposit,Banking,0.0
2967,1142,2025-10-02,167.27,Recurring Deposit,Banking,0.0
2968,1393,2026-01-07,1.42,Round-Up,Invest,0.58
2969,1201,2026-04-19,149.23,One-Time Deposit,Banking,0.0
2970,1081,2025-12-28,-20.93,Withdrawal,Banking,0.0
2971,1256,2025-10-31,125.76,Recurring Deposit,Invest,0.0
2972,1272,2026-05-02,2.79,Round-Up,Banking,0.21
2973,1327,2026-02-09,1.88,Round-Up,Banking,0.12
2974,1272,2026-05-01,0.56,Round-Up,Invest,0.44
2975,1068,2026-03-23,31.13,Recurring Deposit,Banking,0.0
2976,1480,2026-04-03,0.41,Round-Up,Invest,0.59
2977,1037,2026-05-02,0.06,Round-Up,Banking,0.94
2978,1035,2026-01-28,-78.58,Withdrawal,Banking,0.0
2979,1498,2025-12-18,1.95,Round-Up,Banking,0.05
2980,1223,2025-12-26,1.76,Round-Up,Banking,0.24
2981,1075,2025-09-20,0.56,Round-Up,Invest,0.44
2982,1462,2025-12-02,1.81,Round-Up,Banking,0.19
2983,1050,2026-01-08,0.18,Round-Up,Banking,0.82
2984,1241,2026-04-11,-88.68,Withdrawal,Invest,0.0
2985,1424,2025-12-20,213.12,Recurring Deposit,Invest,0.0
2986,1135,2026-04-17,247.98,One-Time Deposit,Banking,0.0
2987,1489,2026-05-01,2.69,Round-Up,Invest,0.31
2988,1073,2025-07-09,36.69,One-Time Deposit,Invest,0.0
2989,1034,2026-04-01,2.94,Round-Up,Banking,0.06
2990,1226,2025-08-21,2.93,Round-Up,Banking,0.07
2991,1036,2025-08-06,-40.51,Withdrawal,Banking,0.0
2992,1419,2026-04-15,2.87,Round-Up,Banking,0.13
2993,1199,2026-04-22,2.6,Round-Up,Banking,0.4
2994,1072,2026-04-19,92.14,One-Time Deposit,Banking,0.0
2995,1298,2025-11-07,23.22,One-Time Deposit,Banking,0.0
2996,1495,2025-07-27,0.16,Round-Up,Banking,0.84
2997,1323,2026-03-16,2.51,Round-Up,Banking,0.49
2998,1046,2026-04-21,1.47,Round-Up,Invest,0.53
2999,1381,2025-06-13,154.96,Recurring Deposit,Invest,0.0
3000,1122,2026-04-28,0.95,Round-Up,Banking,0.05
3001,1201,2026-02-26,1.2,Round-Up,Invest,0.8
3002,1481,2026-04-04,132.57,One-Time Deposit,Invest,0.0
3003,1210,2026-02-22,130.03,Recurring Deposit,Banking,0.0
3004,1256,2025-11-02,0.27,Round-Up,Banking,0.73
3005,1342,2026-04-11,2.59,Round-Up,Banking,0.41
3006,1317,2026-02-20,89.94,One-Time Deposit,Banking,0.0
3007,1073,2025-07-27,85.94,Recurring Deposit,Invest,0.0
3008,1449,2025-11-16,1.07,Round-Up,Banking,0.93
3009,1373,2025-11-07,0.15,Round-Up,Invest,0.85
3010,1116,2026-02-07,0.06,Round-Up,Invest,0.94
3011,1240,2025-12-11,1.44,Round-Up,Banking,0.56
3012,1339,2025-07-30,104.47,One-Time Deposit,Invest,0.0
3013,1442,2026-04-27,0.59,Round-Up,Banking,0.41
3014,1046,2026-04-13,22.92,Recurring Deposit,Invest,0.0
3015,1136,2026-04-28,145.19,One-Time Deposit,Banking,0.0
3016,1415,2026-04-16,146.03,One-Time Deposit,Banking,0.0
3017,1445,2025-08-21,0.57,Round-Up,Invest,0.43
3018,1295,2026-02-20,108.15,One-Time Deposit,Invest,0.0
3019,1321,2025-10-07,2.61,Round-Up,Banking,0.39
3020,1485,2026-03-09,73.77,Recurring Deposit,Banking,0.0
3021,1483,2026-03-02,-218.49,Withdrawal,Invest,0.0
3022,1311,2025-12-30,2.54,Round-Up,Banking,0.46
3023,1069,2026-01-18,2.2,Round-Up,Invest,0.8
3024,1263,2025-09-25,2.2,Round-Up,Invest,0.8
3025,1200,2025-10-31,155.17,Recurring Deposit,Invest,0.0
3026,1310,2025-07-16,133.69,Recurring Deposit,Banking,0.0
3027,1465,2026-05-04,241.84,Recurring Deposit,Invest,0.0
3028,1439,2026-02-19,74.25,Recurring Deposit,Banking,0.0
3029,1161,2026-04-29,0.48,Round-Up,Invest,0.52
3030,1163,2026-04-22,75.43,One-Time Deposit,Banking,0.0
3031,1385,2026-01-26,155.58,Recurring Deposit,Banking,0.0
3032,1337,2026-04-18,50.37,One-Time Deposit,Banking,0.0
3033,1338,2026-02-07,227.66,One-Time Deposit,Invest,0.0
3034,1270,2025-08-22,105.7,One-Time Deposit,Banking,0.0
3035,1499,2025-09-13,213.24,One-Time Deposit,Banking,0.0
3036,1031,2026-04-08,66.06,One-Time Deposit,Invest,0.0
3037,1457,2026-01-03,81.73,One-Time Deposit,Banking,0.0
3038,1099,2026-01-23,19.51,Recurring Deposit,Banking,0.0
3039,1201,2026-04-04,68.15,One-Time Deposit,Banking,0.0
3040,1176,2025-11-30,125.13,One-Time Deposit,Banking,0.0
3041,1376,2025-10-11,236.8,Recurring Deposit,Banking,0.0
3042,1274,2026-04-16,0.26,Round-Up,Banking,0.74
3043,1341,2026-01-01,2.02,Round-Up,Banking,0.98
3044,1031,2026-04-15,1.94,Round-Up,Invest,0.06
3045,1410,2025-11-07,16.46,One-Time Deposit,Banking,0.0
3046,1245,2026-01-26,128.37,One-Time Deposit,Invest,0.0
3047,1086,2025-10-13,-21.15,Withdrawal,Invest,0.0
3048,1237,2025-10-05,1.47,Round-Up,Banking,0.53
3049,1161,2026-01-07,0.04,Round-Up,Invest,0.96
3050,1313,2026-04-30,2.91,Round-Up,Banking,0.09
3051,1385,2026-04-08,2.26,Round-Up,Banking,0.74
3052,1015,2025-09-24,32.45,Recurring Deposit,Invest,0.0
3053,1382,2026-04-22,1.03,Round-Up,Invest,0.97
3054,1028,2026-03-18,206.57,One-Time Deposit,Banking,0.0
3055,1036,2025-08-23,206.33,Recurring Deposit,Banking,0.0
3056,1293,2026-02-14,74.65,One-Time Deposit,Banking,0.0
3057,1192,2025-11-05,69.62,Recurring Deposit,Banking,0.0
3058,1046,2026-03-04,2.83,Round-Up,Invest,0.17
3059,1477,2025-06-26,2.03,Round-Up,Invest,0.97
3060,1002,2025-11-17,230.53,Recurring Deposit,Banking,0.0
3061,1176,2026-01-09,93.11,Recurring Deposit,Banking,0.0
3062,1431,2026-02-17,1.44,Round-Up,Invest,0.56
3063,1206,2025-09-16,1.82,Round-Up,Invest,0.18
3064,1021,2025-10-29,2.01,Round-Up,Invest,0.99
3065,1404,2025-11-24,1.67,Round-Up,Banking,0.33
3066,1239,2026-03-22,-70.63,Withdrawal,Invest,0.0
3067,1205,2026-02-08,89.1,One-Time Deposit,Invest,0.0
3068,1497,2026-03-10,0.25,Round-Up,Banking,0.75
3069,1388,2026-01-22,129.23,Recurring Deposit,Banking,0.0
3070,1326,2026-05-03,211.61,One-Time Deposit,Invest,0.0
3071,1047,2026-04-13,0.19,Round-Up,Invest,0.81
3072,1074,2025-12-23,-35.24,Withdrawal,Invest,0.0
3073,1046,2026-04-15,66.69,Recurring Deposit,Invest,0.0
3074,1398,2026-05-04,142.9,Recurring Deposit,Banking,0.0
3075,1087,2026-03-30,147.88,One-Time Deposit,Invest,0.0
3076,1108,2026-04-06,146.34,Recurring Deposit,Banking,0.0
3077,1037,2026-03-22,1.03,Round-Up,Banking,0.97
3078,1490,2026-03-31,189.66,One-Time Deposit,Banking,0.0
3079,1414,2026-02-03,-227.81,Withdrawal,Invest,0.0
3080,1037,2026-04-07,1.96,Round-Up,Banking,0.04
3081,1258,2025-10-28,181.11,Recurring Deposit,Banking,0.0
3082,1434,2026-02-15,228.93,One-Time Deposit,Banking,0.0
3083,1118,2025-08-01,2.22,Round-Up,Banking,0.78
3084,1438,2026-04-28,170.21,Recurring Deposit,Banking,0.0
3085,1018,2025-12-01,1.14,Round-Up,Invest,0.86
3086,1468,2026-02-26,68.82,One-Time Deposit,Invest,0.0
3087,1149,2026-03-26,2.91,Round-Up,Invest,0.09
3088,1420,2026-03-20,-211.33,Withdrawal,Banking,0.0
3089,1426,2025-07-24,2.69,Round-Up,Banking,0.31
3090,1346,2025-10-01,1.05,Round-Up,Invest,0.95
3091,1191,2025-12-19,2.58,Round-Up,Invest,0.42
3092,1001,2026-04-06,-108.68,Withdrawal,Invest,0.0
3093,1057,2026-03-12,157.68,Recurring Deposit,Invest,0.0
3094,1411,2026-02-01,103.46,Recurring Deposit,Invest,0.0
3095,1015,2025-12-05,210.32,One-Time Deposit,Invest,0.0
3096,1469,2026-04-12,123.17,One-Time Deposit,Invest,0.0
3097,1318,2025-08-13,2.26,Round-Up,Banking,0.74
3098,1030,2025-09-18,129.9,One-Time Deposit,Invest,0.0
3099,1188,2026-01-05,0.93,Round-Up,Banking,0.07
3100,1354,2026-04-24,-249.45,Withdrawal,Banking,0.0
3101,1070,2026-03-05,41.01,Recurring Deposit,Invest,0.0
3102,1489,2026-05-02,2.34,Round-Up,Invest,0.66
3103,1160,2025-11-02,1.19,Round-Up,Banking,0.81
3104,1431,2025-11-15,210.52,Recurring Deposit,Invest,0.0
3105,1376,2025-10-13,0.15,Round-Up,Invest,0.85
3106,1193,2026-04-06,2.35,Round-Up,Invest,0.65
3107,1009,2026-04-13,0.63,Round-Up,Banking,0.37
3108,1450,2025-07-13,23.34,One-Time Deposit,Banking,0.0
3109,1420,2026-04-21,38.64,Recurring Deposit,Banking,0.0
3110,1393,2026-04-24,1.35,Round-Up,Invest,0.65
3111,1247,2025-12-05,1.57,Round-Up,Banking,0.43
3112,1012,2025-10-11,46.3,One-Time Deposit,Banking,0.0
3113,1305,2025-09-23,36.69,Recurring Deposit,Banking,0.0
3114,1186,2026-04-19,0.53,Round-Up,Invest,0.47
3115,1313,2026-04-28,2.31,Round-Up,Banking,0.69
3116,1299,2026-01-19,-219.07,Withdrawal,Invest,0.0
3117,1142,2025-10-29,-202.74,Withdrawal,Banking,0.0
3118,1335,2025-11-17,-197.42,Withdrawal,Invest,0.0
3119,1004,2026-04-13,8.92,Recurring Deposit,Banking,0.0
3120,1209,2026-03-03,2.13,Round-Up,Invest,0.87
3121,1227,2026-03-22,0.15,Round-Up,Banking,0.85
3122,1403,2025-10-20,2.52,Round-Up,Banking,0.48
3123,1074,2025-09-23,2.97,Round-Up,Invest,0.03
3124,1428,2026-04-26,-89.37,Withdrawal,Banking,0.0
3125,1151,2026-02-11,37.9,Recurring Deposit,Invest,0.0
3126,1038,2026-01-23,170.21,Recurring Deposit,Invest,0.0
3127,1291,2026-04-10,1.38,Round-Up,Banking,0.62
3128,1378,2026-05-04,-29.82,Withdrawal,Banking,0.0
3129,1447,2026-03-23,119.52,Recurring Deposit,Banking,0.0
3130,1359,2026-03-10,0.7,Round-Up,Banking,0.3
3131,1089,2026-03-31,125.91,Recurring Deposit,Banking,0.0
3132,1461,2025-10-21,0.09,Round-Up,Banking,0.91
3133,1326,2026-04-30,0.88,Round-Up,Invest,0.12
3134,1330,2025-11-04,173.02,Recurring Deposit,Banking,0.0
3135,1234,2026-04-26,155.95,Recurring Deposit,Invest,0.0
3136,1309,2026-01-24,0.89,Round-Up,Banking,0.11
3137,1198,2026-04-14,2.95,Round-Up,Invest,0.05
3138,1323,2025-05-21,-100.28,Withdrawal,Banking,0.0
3139,1099,2026-01-20,47.45,Recurring Deposit,Banking,0.0
3140,1314,2025-12-16,205.38,Recurring Deposit,Banking,0.0
3141,1141,2026-02-20,0.79,Round-Up,Banking,0.21
3142,1335,2025-11-22,0.15,Round-Up,Invest,0.85
3143,1027,2025-11-01,1.68,Round-Up,Invest,0.32
3144,1246,2026-04-20,2.26,Round-Up,Banking,0.74
3145,1045,2026-01-31,0.6,Round-Up,Banking,0.4
3146,1263,2025-10-04,1.11,Round-Up,Invest,0.89
3147,1098,2026-04-19,102.63,One-Time Deposit,Banking,0.0
3148,1278,2025-11-26,2.52,Round-Up,Banking,0.48
3149,1012,2026-01-28,60.75,Recurring Deposit,Banking,0.0
3150,1494,2026-05-04,0.2,Round-Up,Invest,0.8
3151,1312,2026-04-23,17.6,One-Time Deposit,Invest,0.0
3152,1119,2025-10-15,2.87,Round-Up,Invest,0.13
3153,1463,2026-03-18,116.73,One-Time Deposit,Banking,0.0
3154,1355,2025-12-06,1.58,Round-Up,Banking,0.42
3155,1140,2025-06-21,-173.42,Withdrawal,Banking,0.0
3156,1137,2026-04-13,219.25,Recurring Deposit,Banking,0.0
3157,1014,2025-10-27,167.91,One-Time Deposit,Invest,0.0
3158,1383,2025-12-31,2.99,Round-Up,Invest,0.01
3159,1151,2026-03-23,179.03,One-Time Deposit,Invest,0.0
3160,1293,2026-04-16,188.99,Recurring Deposit,Banking,0.0
3161,1221,2025-12-11,1.49,Round-Up,Invest,0.51
3162,1214,2026-01-15,31.87,One-Time Deposit,Invest,0.0
3163,1364,2025-09-22,23.34,Recurring Deposit,Banking,0.0
3164,1260,2025-11-21,96.64,Recurring Deposit,Banking,0.0
3165,1481,2026-02-24,127.01,Recurring Deposit,Invest,0.0
3166,1173,2026-04-08,155.83,Recurring Deposit,Banking,0.0
3167,1424,2026-03-13,-239.72,Withdrawal,Invest,0.0
3168,1245,2026-01-26,2.95,Round-Up,Invest,0.05
3169,1209,2026-02-28,191.41,One-Time Deposit,Invest,0.0
3170,1275,2026-01-26,135.18,Recurring Deposit,Invest,0.0
3171,1043,2025-11-25,58.92,Recurring Deposit,Invest,0.0
3172,1268,2026-01-01,-155.75,Withdrawal,Invest,0.0
3173,1400,2026-03-10,2.76,Round-Up,Banking,0.24
3174,1427,2025-12-21,2.99,Round-Up,Banking,0.01
3175,1137,2026-04-24,2.84,Round-Up,Banking,0.16
3176,1383,2025-11-02,2.19,Round-Up,Banking,0.81
3177,1269,2026-05-02,1.68,Round-Up,Banking,0.32
3178,1187,2025-09-30,157.05,Recurring Deposit,Invest,0.0
3179,1407,2026-05-02,1.62,Round-Up,Banking,0.38
3180,1262,2025-10-27,183.93,Recurring Deposit,Banking,0.0
3181,1306,2026-02-11,118.4,Recurring Deposit,Invest,0.0
3182,1461,2025-10-17,2.01,Round-Up,Invest,0.99
3183,1254,2026-02-17,0.37,Round-Up,Invest,0.63
3184,1467,2025-08-06,189.73,One-Time Deposit,Invest,0.0
3185,1237,2025-11-29,121.13,Recurring Deposit,Banking,0.0
3186,1291,2026-04-24,225.17,Recurring Deposit,Banking,0.0
3187,1285,2026-04-30,200.37,Recurring Deposit,Invest,0.0
3188,1394,2026-03-08,-225.86,Withdrawal,Invest,0.0
3189,1127,2025-07-16,57.49,One-Time Deposit,Invest,0.0
3190,1092,2026-02-24,-168.7,Withdrawal,Banking,0.0
3191,1455,2026-05-01,185.92,Recurring Deposit,Banking,0.0
3192,1151,2026-03-13,186.89,Recurring Deposit,Invest,0.0
3193,1200,2026-03-15,1.3,Round-Up,Banking,0.7
3194,1296,2025-09-04,-7.76,Withdrawal,Invest,0.0
3195,1428,2026-03-21,69.05,One-Time Deposit,Banking,0.0
3196,1476,2026-02-09,84.21,Recurring Deposit,Invest,0.0
3197,1397,2026-05-02,0.32,Round-Up,Banking,0.68
3198,1012,2026-02-14,0.02,Round-Up,Banking,0.98
3199,1436,2026-04-17,0.95,Round-Up,Invest,0.05
3200,1180,2025-07-07,0.45,Round-Up,Banking,0.55
3201,1467,2025-11-23,0.67,Round-Up,Invest,0.33
3202,1127,2026-01-24,106.52,Recurring Deposit,Invest,0.0
3203,1247,2025-09-07,0.69,Round-Up,Banking,0.31
3204,1093,2026-03-22,1.0,Round-Up,Banking,0.0
3205,1367,2026-05-01,0.1,Round-Up,Banking,0.9
3206,1279,2026-04-21,91.61,One-Time Deposit,Banking,0.0
3207,1482,2026-03-22,1.71,Round-Up,Invest,0.29
3208,1145,2025-11-16,0.3,Round-Up,Invest,0.7
3209,1440,2026-01-23,98.66,One-Time Deposit,Banking,0.0
3210,1407,2026-05-04,97.39,Recurring Deposit,Banking,0.0
3211,1378,2026-05-01,2.83,Round-Up,Banking,0.17
3212,1037,2026-04-19,0.02,Round-Up,Banking,0.98
3213,1272,2026-05-01,2.39,Round-Up,Banking,0.61
3214,1158,2026-04-18,-73.59,Withdrawal,Banking,0.0
3215,1036,2026-05-02,0.2,Round-Up,Banking,0.8
3216,1316,2025-12-21,9.4,One-Time Deposit,Invest,0.0
3217,1361,2026-03-16,0.97,Round-Up,Banking,0.03
3218,1142,2025-06-25,134.06,One-Time Deposit,Banking,0.0
3219,1237,2025-09-23,1.99,Round-Up,Invest,0.01
3220,1287,2026-04-20,2.25,Round-Up,Invest,0.75
3221,1285,2026-03-20,105.88,One-Time Deposit,Invest,0.0
3222,1434,2026-02-14,0.97,Round-Up,Banking,0.03
3223,1210,2026-02-10,0.93,Round-Up,Banking,0.07
3224,1089,2026-01-11,69.39,Recurring Deposit,Banking,0.0
3225,1024,2026-02-27,-102.57,Withdrawal,Invest,0.0
3226,1451,2026-04-14,2.34,Round-Up,Banking,0.66
3227,1280,2025-12-19,64.09,One-Time Deposit,Invest,0.0
3228,1194,2026-01-03,-58.28,Withdrawal,Banking,0.0
3229,1001,2026-04-06,79.08,Recurring Deposit,Banking,0.0
3230,1193,2026-04-20,216.74,One-Time Deposit,Invest,0.0
3231,1492,2026-02-07,192.94,Recurring Deposit,Invest,0.0
3232,1056,2026-04-23,1.26,Round-Up,Invest,0.74
3233,1302,2026-03-23,116.99,One-Time Deposit,Banking,0.0
3234,1353,2026-01-17,1.4,Round-Up,Banking,0.6
3235,1104,2025-10-27,0.89,Round-Up,Invest,0.11
3236,1350,2026-04-09,2.33,Round-Up,Banking,0.67
3237,1035,2026-02-23,2.56,Round-Up,Banking,0.44
3238,1124,2026-04-10,126.42,Recurring Deposit,Invest,0.0
3239,1097,2026-05-02,19.04,One-Time Deposit,Banking,0.0
3240,1043,2025-12-16,26.62,One-Time Deposit,Banking,0.0
3241,1252,2026-04-23,1.59,Round-Up,Banking,0.41
3242,1369,2025-11-03,0.14,Round-Up,Invest,0.86
3243,1137,2026-04-28,101.36,One-Time Deposit,Banking,0.0
3244,1099,2026-01-07,-33.88,Withdrawal,Banking,0.0
3245,1015,2025-08-28,0.92,Round-Up,Invest,0.08
3246,1348,2026-02-01,2.23,Round-Up,Invest,0.77
3247,1361,2026-04-09,21.57,Recurring Deposit,Banking,0.0
3248,1056,2025-10-13,0.43,Round-Up,Invest,0.57
3249,1485,2026-03-23,22.69,Recurring Deposit,Banking,0.0
3250,1202,2025-09-07,177.35,One-Time Deposit,Banking,0.0
3251,1172,2025-06-12,0.35,Round-Up,Banking,0.65
3252,1013,2026-04-10,1.96,Round-Up,Invest,0.04
3253,1001,2026-04-11,1.83,Round-Up,Invest,0.17
3254,1370,2025-09-04,1.55,Round-Up,Banking,0.45
3255,1231,2025-09-09,62.01,Recurring Deposit,Invest,0.0
3256,1028,2026-02-15,246.38,Recurring Deposit,Banking,0.0
3257,1132,2026-01-10,209.66,Recurring Deposit,Invest,0.0
3258,1031,2026-04-15,8.74,Recurring Deposit,Invest,0.0
3259,1453,2025-10-22,0.36,Round-Up,Banking,0.64
3260,1114,2026-04-24,67.7,One-Time Deposit,Banking,0.0
3261,1413,2025-09-09,30.57,One-Time Deposit,Banking,0.0
3262,1157,2026-04-24,177.87,Recurring Deposit,Invest,0.0
3263,1020,2026-03-12,2.08,Round-Up,Banking,0.92
3264,1335,2025-10-05,113.72,One-Time Deposit,Invest,0.0
3265,1461,2025-12-11,159.88,Recurring Deposit,Invest,0.0
3266,1444,2025-12-17,1.41,Round-Up,Banking,0.59
3267,1091,2026-01-13,0.25,Round-Up,Invest,0.75
3268,1357,2026-01-30,197.51,One-Time Deposit,Invest,0.0
3269,1323,2025-07-05,2.37,Round-Up,Banking,0.63
3270,1476,2026-02-17,92.12,Recurring Deposit,Banking,0.0
3271,1460,2026-04-06,-7.06,Withdrawal,Invest,0.0
3272,1118,2025-11-23,184.93,One-Time Deposit,Banking,0.0
3273,1281,2025-09-11,249.93,One-Time Deposit,Banking,0.0
3274,1382,2026-04-26,104.44,Recurring Deposit,Invest,0.0
3275,1192,2026-02-09,1.89,Round-Up,Banking,0.11
3276,1206,2025-10-09,0.45,Round-Up,Banking,0.55
3277,1162,2026-03-20,-77.65,Withdrawal,Invest,0.0
3278,1399,2026-01-26,46.83,Recurring Deposit,Banking,0.0
3279,1301,2025-11-28,2.1,Round-Up,Invest,0.9
3280,1197,2026-04-23,2.59,Round-Up,Invest,0.41
3281,1313,2026-04-28,88.46,Recurring Deposit,Banking,0.0
3282,1336,2025-12-12,227.03,Recurring Deposit,Banking,0.0
3283,1182,2026-04-14,138.48,Recurring Deposit,Invest,0.0
3284,1468,2026-04-17,2.95,Round-Up,Invest,0.05
3285,1244,2026-03-23,-197.82,Withdrawal,Banking,0.0
3286,1333,2025-07-04,29.85,One-Time Deposit,Banking,0.0
3287,1392,2025-12-10,194.57,Recurring Deposit,Banking,0.0
3288,1007,2025-09-13,64.52,One-Time Deposit,Banking,0.0
3289,1128,2025-09-06,0.13,Round-Up,Banking,0.87
3290,1296,2026-04-28,-151.87,Withdrawal,Invest,0.0
3291,1321,2025-11-08,0.27,Round-Up,Banking,0.73
3292,1421,2025-11-27,1.65,Round-Up,Banking,0.35
3293,1382,2026-04-22,163.99,Recurring Deposit,Invest,0.0
3294,1162,2026-02-27,195.27,One-Time Deposit,Invest,0.0
3295,1117,2026-03-20,68.53,Recurring Deposit,Invest,0.0
3296,1229,2026-02-09,207.67,One-Time Deposit,Invest,0.0
3297,1261,2026-04-06,1.96,Round-Up,Invest,0.04
3298,1049,2025-10-10,-48.04,Withdrawal,Banking,0.0
3299,1222,2026-02-12,0.74,Round-Up,Invest,0.26
3300,1203,2026-04-27,65.3,Recurring Deposit,Invest,0.0
3301,1357,2026-01-23,2.39,Round-Up,Invest,0.61
3302,1275,2026-04-23,74.23,Recurring Deposit,Invest,0.0
3303,1338,2026-04-11,0.77,Round-Up,Invest,0.23
3304,1382,2026-05-04,168.59,One-Time Deposit,Invest,0.0
3305,1050,2026-01-05,147.1,Recurring Deposit,Banking,0.0
3306,1070,2026-05-02,163.87,One-Time Deposit,Invest,0.0
3307,1483,2026-03-18,89.21,Recurring Deposit,Invest,0.0
3308,1076,2026-02-09,193.58,Recurring Deposit,Invest,0.0
3309,1324,2025-08-09,36.75,Recurring Deposit,Invest,0.0
3310,1219,2025-10-26,-144.93,Withdrawal,Invest,0.0
3311,1277,2026-04-07,1.33,Round-Up,Invest,0.67
3312,1357,2026-01-31,0.46,Round-Up,Invest,0.54
3313,1016,2025-10-23,2.42,Round-Up,Invest,0.58
3314,1172,2025-06-01,1.39,Round-Up,Banking,0.61
3315,1269,2026-05-02,0.24,Round-Up,Banking,0.76
3316,1243,2026-03-29,186.93,One-Time Deposit,Banking,0.0
3317,1034,2026-04-12,0.88,Round-Up,Banking,0.12
3318,1051,2026-03-13,0.16,Round-Up,Banking,0.84
3319,1282,2026-04-24,2.71,Round-Up,Invest,0.29
3320,1496,2025-10-21,112.12,Recurring Deposit,Invest,0.0
3321,1209,2026-03-06,235.59,One-Time Deposit,Invest,0.0
3322,1026,2025-12-24,2.15,Round-Up,Invest,0.85
3323,1251,2026-04-28,238.18,Recurring Deposit,Banking,0.0
3324,1462,2025-09-06,0.01,Round-Up,Banking,0.99
3325,1119,2025-08-13,-166.83,Withdrawal,Invest,0.0
3326,1154,2025-11-02,7.16,One-Time Deposit,Banking,0.0
3327,1323,2025-10-23,0.64,Round-Up,Banking,0.36
3328,1100,2025-12-22,228.25,Recurring Deposit,Banking,0.0
3329,1087,2026-03-14,221.85,Recurring Deposit,Banking,0.0
3330,1188,2025-12-07,2.24,Round-Up,Banking,0.76
3331,1203,2026-04-24,102.8,Recurring Deposit,Invest,0.0
3332,1148,2026-03-05,0.33,Round-Up,Banking,0.67
3333,1464,2026-04-17,2.45,Round-Up,Invest,0.55
3334,1081,2026-01-30,2.32,Round-Up,Banking,0.68
3335,1019,2026-01-06,1.05,Round-Up,Invest,0.95
3336,1227,2026-01-31,2.07,Round-Up,Banking,0.93
3337,1486,2026-04-26,-33.72,Withdrawal,Invest,0.0
3338,1031,2026-04-08,2.8,Round-Up,Invest,0.2
3339,1092,2026-04-30,1.66,Round-Up,Banking,0.34
3340,1185,2026-05-01,234.14,One-Time Deposit,Invest,0.0
3341,1372,2025-07-21,121.41,Recurring Deposit,Invest,0.0
3342,1305,2025-05-24,-20.76,Withdrawal,Invest,0.0
3343,1281,2025-10-28,83.77,Recurring Deposit,Banking,0.0
3344,1414,2025-10-09,-91.1,Withdrawal,Invest,0.0
3345,1150,2025-11-17,203.34,Recurring Deposit,Invest,0.0
3346,1454,2026-01-30,-185.19,Withdrawal,Invest,0.0
3347,1453,2026-04-25,173.9,Recurring Deposit,Banking,0.0
3348,1354,2026-04-20,2.74,Round-Up,Banking,0.26
3349,1321,2026-03-01,2.05,Round-Up,Banking,0.95
3350,1215,2025-12-15,57.81,One-Time Deposit,Invest,0.0
3351,1294,2026-04-22,2.96,Round-Up,Invest,0.04
3352,1159,2026-04-25,0.23,Round-Up,Banking,0.77
3353,1039,2026-03-09,24.97,One-Time Deposit,Banking,0.0
3354,1268,2026-04-27,-7.35,Withdrawal,Invest,0.0
3355,1177,2026-04-09,1.89,Round-Up,Banking,0.11
3356,1163,2026-04-13,159.2,Recurring Deposit,Banking,0.0
3357,1091,2025-12-07,17.36,Recurring Deposit,Invest,0.0
3358,1049,2026-01-21,-76.17,Withdrawal,Banking,0.0
3359,1104,2025-12-06,-213.61,Withdrawal,Invest,0.0
3360,1468,2026-04-18,29.82,Recurring Deposit,Invest,0.0
3361,1498,2026-01-24,58.05,One-Time Deposit,Invest,0.0
3362,1223,2026-01-22,0.74,Round-Up,Banking,0.26
3363,1373,2025-09-07,211.36,One-Time Deposit,Banking,0.0
3364,1425,2025-06-25,67.44,Recurring Deposit,Invest,0.0
3365,1172,2025-05-13,249.3,Recurring Deposit,Banking,0.0
3366,1405,2025-09-28,92.04,Recurring Deposit,Banking,0.0
3367,1231,2025-10-25,2.66,Round-Up,Invest,0.34
3368,1176,2026-03-12,34.92,One-Time Deposit,Banking,0.0
3369,1181,2026-03-18,0.75,Round-Up,Banking,0.25
3370,1170,2025-11-01,2.86,Round-Up,Banking,0.14
3371,1291,2026-04-19,0.41,Round-Up,Banking,0.59
3372,1273,2026-01-17,0.58,Round-Up,Banking,0.42
3373,1313,2026-04-25,100.03,Recurring Deposit,Banking,0.0
3374,1298,2025-12-16,1.77,Round-Up,Invest,0.23
3375,1427,2025-12-11,1.82,Round-Up,Banking,0.18
3376,1444,2026-01-09,-42.87,Withdrawal,Banking,0.0
3377,1224,2025-09-04,2.76,Round-Up,Banking,0.24
3378,1241,2026-03-30,2.75,Round-Up,Invest,0.25
3379,1126,2026-03-15,1.18,Round-Up,Invest,0.82
3380,1488,2025-09-11,1.31,Round-Up,Banking,0.69
3381,1333,2025-07-19,2.11,Round-Up,Banking,0.89
3382,1084,2025-10-31,1.99,Round-Up,Banking,0.01
3383,1266,2026-04-28,195.38,One-Time Deposit,Banking,0.0
3384,1174,2026-01-25,1.25,Round-Up,Invest,0.75
3385,1023,2026-05-03,1.05,Round-Up,Banking,0.95
3386,1075,2026-04-17,70.98,Recurring Deposit,Invest,0.0
3387,1382,2026-05-02,1.38,Round-Up,Invest,0.62
3388,1190,2026-04-15,-188.22,Withdrawal,Banking,0.0
3389,1009,2026-03-19,9.77,One-Time Deposit,Banking,0.0
3390,1269,2026-05-03,2.34,Round-Up,Banking,0.66
3391,1419,2026-04-22,68.06,Recurring Deposit,Banking,0.0
3392,1388,2025-12-04,2.3,Round-Up,Banking,0.7
3393,1201,2026-04-04,0.03,Round-Up,Invest,0.97
3394,1461,2025-12-02,241.3,Recurring Deposit,Invest,0.0
3395,1302,2026-04-14,58.65,One-Time Deposit,Banking,0.0
3396,1251,2026-04-29,149.02,Recurring Deposit,Banking,0.0
3397,1466,2025-10-07,-176.55,Withdrawal,Invest,0.0
3398,1330,2026-03-09,1.94,Round-Up,Banking,0.06
3399,1361,2026-03-31,104.71,One-Time Deposit,Banking,0.0
3400,1008,2026-05-02,173.3,One-Time Deposit,Banking,0.0
3401,1129,2025-08-28,-79.28,Withdrawal,Invest,0.0
3402,1057,2026-02-17,111.69,Recurring Deposit,Invest,0.0
3403,1111,2026-04-15,-224.43,Withdrawal,Banking,0.0
3404,1041,2025-11-16,1.72,Round-Up,Invest,0.28
3405,1408,2025-11-27,181.11,Recurring Deposit,Invest,0.0
3406,1116,2026-03-18,1.13,Round-Up,Invest,0.87
3407,1033,2026-03-26,1.7,Round-Up,Invest,0.3
3408,1306,2025-09-18,-11.34,Withdrawal,Invest,0.0
3409,1274,2026-03-23,1.32,Round-Up,Banking,0.68
3410,1227,2026-02-03,-167.04,Withdrawal,Banking,0.0
3411,1334,2025-07-06,0.82,Round-Up,Banking,0.18
3412,1015,2025-10-22,238.09,Recurring Deposit,Invest,0.0
3413,1197,2026-01-14,1.26,Round-Up,Invest,0.74
3414,1430,2026-05-04,1.46,Round-Up,Invest,0.54
3415,1175,2026-05-02,2.41,Round-Up,Invest,0.59
3416,1037,2026-04-02,193.05,One-Time Deposit,Banking,0.0
3417,1415,2026-02-14,0.3,Round-Up,Banking,0.7
3418,1023,2026-04-25,57.43,Recurring Deposit,Banking,0.0
3419,1387,2026-03-02,1.59,Round-Up,Invest,0.41
3420,1202,2025-08-28,2.39,Round-Up,Banking,0.61
3421,1118,2025-12-02,2.91,Round-Up,Banking,0.09
3422,1278,2025-11-18,0.18,Round-Up,Invest,0.82
3423,1116,2026-04-15,27.16,Recurring Deposit,Invest,0.0
3424,1124,2026-02-20,242.98,Recurring Deposit,Invest,0.0
3425,1492,2026-05-04,2.96,Round-Up,Invest,0.04
3426,1421,2025-11-20,246.54,One-Time Deposit,Banking,0.0
3427,1115,2026-02-24,88.03,Recurring Deposit,Banking,0.0
3428,1047,2026-04-24,1.57,Round-Up,Invest,0.43
3429,1130,2026-03-28,0.49,Round-Up,Invest,0.51
3430,1237,2025-06-23,14.97,One-Time Deposit,Banking,0.0
3431,1267,2026-04-17,1.76,Round-Up,Invest,0.24
3432,1417,2025-12-06,2.18,Round-Up,Invest,0.82
3433,1090,2026-01-19,1.91,Round-Up,Banking,0.09
3434,1473,2026-03-13,130.48,One-Time Deposit,Banking,0.0
3435,1401,2025-10-12,1.29,Round-Up,Invest,0.71
3436,1196,2026-03-07,2.19,Round-Up,Invest,0.81
3437,1332,2026-02-11,0.44,Round-Up,Banking,0.56
3438,1399,2025-10-25,0.5,Round-Up,Banking,0.5
3439,1060,2025-09-23,0.5,Round-Up,Banking,0.5
3440,1101,2025-07-01,-147.6,Withdrawal,Banking,0.0
3441,1276,2026-02-07,0.24,Round-Up,Banking,0.76
3442,1040,2026-05-02,94.39,Recurring Deposit,Banking,0.0
3443,1373,2025-07-31,0.71,Round-Up,Banking,0.29
3444,1286,2026-01-31,146.08,Recurring Deposit,Banking,0.0
3445,1009,2026-01-12,243.48,One-Time Deposit,Banking,0.0
3446,1206,2025-09-15,1.76,Round-Up,Banking,0.24
3447,1213,2026-05-03,183.35,Recurring Deposit,Invest,0.0
3448,1297,2025-12-12,205.07,One-Time Deposit,Banking,0.0
3449,1077,2025-08-02,18.03,Recurring Deposit,Invest,0.0
3450,1001,2026-04-08,1.29,Round-Up,Banking,0.71
3451,1186,2026-02-18,-201.48,Withdrawal,Invest,0.0
3452,1256,2026-04-03,142.45,Recurring Deposit,Banking,0.0
3453,1362,2026-04-25,-20.63,Withdrawal,Banking,0.0
3454,1409,2025-11-13,174.89,One-Time Deposit,Banking,0.0
3455,1268,2026-01-25,19.85,One-Time Deposit,Invest,0.0
3456,1252,2026-04-18,205.28,Recurring Deposit,Banking,0.0
3457,1038,2026-04-21,15.54,Recurring Deposit,Invest,0.0
3458,1335,2025-10-15,-38.66,Withdrawal,Banking,0.0
3459,1369,2025-05-20,2.57,Round-Up,Banking,0.43
3460,1039,2025-12-15,160.17,Recurring Deposit,Banking,0.0
3461,1164,2026-01-14,0.49,Round-Up,Banking,0.51
3462,1426,2025-10-19,33.87,One-Time Deposit,Banking,0.0
3463,1200,2025-09-30,2.58,Round-Up,Banking,0.42
3464,1293,2026-02-05,0.6,Round-Up,Banking,0.4
3465,1054,2026-02-15,-209.87,Withdrawal,Banking,0.0
3466,1456,2026-04-02,2.61,Round-Up,Banking,0.39
3467,1187,2025-09-04,83.79,One-Time Deposit,Invest,0.0
3468,1178,2026-04-13,142.49,One-Time Deposit,Invest,0.0
3469,1323,2025-12-06,1.34,Round-Up,Banking,0.66
3470,1019,2025-12-24,2.55,Round-Up,Invest,0.45
3471,1018,2026-04-28,86.49,One-Time Deposit,Invest,0.0
3472,1448,2026-03-17,2.68,Round-Up,Invest,0.32
3473,1011,2025-07-21,231.44,Recurring Deposit,Banking,0.0
3474,1072,2026-03-27,-191.1,Withdrawal,Banking,0.0
3475,1312,2026-03-31,0.98,Round-Up,Invest,0.02
3476,1476,2026-04-26,0.74,Round-Up,Invest,0.26
3477,1373,2025-09-07,35.64,One-Time Deposit,Banking,0.0
3478,1359,2026-02-27,187.98,Recurring Deposit,Banking,0.0
3479,1332,2025-12-22,2.73,Round-Up,Banking,0.27
3480,1019,2025-12-30,1.48,Round-Up,Invest,0.52
3481,1116,2026-04-19,54.15,One-Time Deposit,Invest,0.0
3482,1268,2026-04-09,-191.13,Withdrawal,Invest,0.0
3483,1135,2026-03-31,2.37,Round-Up,Banking,0.63
3484,1429,2026-03-13,1.28,Round-Up,Banking,0.72
3485,1477,2025-09-14,-168.51,Withdrawal,Banking,0.0
3486,1431,2026-03-07,231.47,Recurring Deposit,Invest,0.0
3487,1184,2026-01-26,230.02,Recurring Deposit,Invest,0.0
3488,1232,2026-02-10,181.31,One-Time Deposit,Invest,0.0
3489,1024,2026-02-23,-16.78,Withdrawal,Invest,0.0
3490,1278,2026-03-29,218.7,Recurring Deposit,Invest,0.0
3491,1214,2025-10-16,166.16,Recurring Deposit,Invest,0.0
3492,1247,2025-08-01,81.06,Recurring Deposit,Banking,0.0
3493,1105,2026-02-04,50.88,Recurring Deposit,Invest,0.0
3494,1002,2025-07-13,0.4,Round-Up,Banking,0.6
3495,1302,2026-03-27,2.17,Round-Up,Banking,0.83
3496,1485,2026-03-26,189.76,Recurring Deposit,Banking,0.0
3497,1153,2025-10-24,1.13,Round-Up,Banking,0.87
3498,1215,2026-02-02,10.94,One-Time Deposit,Invest,0.0
3499,1185,2026-04-29,1.57,Round-Up,Banking,0.43
3500,1074,2025-09-07,123.24,Recurring Deposit,Invest,0.0
3501,1268,2026-03-10,0.52,Round-Up,Invest,0.48
3502,1078,2025-10-13,15.79,Recurring Deposit,Banking,0.0
3503,1041,2026-02-03,51.34,One-Time Deposit,Invest,0.0
3504,1437,2026-04-23,1.33,Round-Up,Invest,0.67
3505,1455,2026-04-16,25.15,One-Time Deposit,Banking,0.0
3506,1420,2025-12-15,2.78,Round-Up,Banking,0.22
3507,1281,2025-09-17,2.92,Round-Up,Banking,0.08
3508,1247,2025-10-09,2.7,Round-Up,Banking,0.3
3509,1211,2026-04-24,0.96,Round-Up,Invest,0.04
3510,1065,2026-02-15,-29.7,Withdrawal,Banking,0.0
3511,1341,2025-12-16,2.44,Round-Up,Banking,0.56
3512,1059,2026-03-08,90.49,Recurring Deposit,Banking,0.0
3513,1264,2026-03-08,0.06,Round-Up,Invest,0.94
3514,1230,2025-12-26,188.57,One-Time Deposit,Invest,0.0
3515,1338,2026-03-20,2.34,Round-Up,Invest,0.66
3516,1292,2026-05-02,215.81,Recurring Deposit,Invest,0.0
3517,1427,2026-04-17,204.98,Recurring Deposit,Banking,0.0
3518,1359,2026-04-19,192.67,Recurring Deposit,Invest,0.0
3519,1177,2026-03-13,2.89,Round-Up,Banking,0.11
3520,1284,2026-03-12,206.61,Recurring Deposit,Banking,0.0
3521,1479,2026-04-22,1.2,Round-Up,Banking,0.8
3522,1286,2026-01-21,2.52,Round-Up,Banking,0.48
3523,1441,2025-11-23,0.27,Round-Up,Invest,0.73
3524,1172,2025-06-10,1.26,Round-Up,Banking,0.74
3525,1062,2026-04-13,80.46,One-Time Deposit,Invest,0.0
3526,1344,2026-03-01,229.82,Recurring Deposit,Invest,0.0
3527,1135,2026-04-08,0.93,Round-Up,Banking,0.07
3528,1270,2025-07-11,0.64,Round-Up,Banking,0.36
3529,1267,2026-02-19,0.53,Round-Up,Invest,0.47
3530,1391,2026-03-11,231.3,Recurring Deposit,Invest,0.0
3531,1098,2026-04-25,126.56,One-Time Deposit,Banking,0.0
3532,1374,2026-03-20,1.53,Round-Up,Banking,0.47
3533,1096,2025-09-28,237.94,Recurring Deposit,Invest,0.0
3534,1147,2026-05-03,84.53,One-Time Deposit,Banking,0.0
3535,1127,2025-08-13,107.62,One-Time Deposit,Invest,0.0
3536,1449,2026-05-01,181.21,One-Time Deposit,Banking,0.0
3537,1392,2026-04-27,78.59,One-Time Deposit,Banking,0.0
3538,1209,2026-03-14,189.68,Recurring Deposit,Invest,0.0
3539,1351,2026-03-24,1.81,Round-Up,Invest,0.19
3540,1071,2025-12-27,2.33,Round-Up,Invest,0.67
3541,1080,2025-11-11,1.37,Round-Up,Invest,0.63
3542,1108,2026-04-02,76.86,One-Time Deposit,Invest,0.0
3543,1323,2025-10-23,68.36,Recurring Deposit,Banking,0.0
3544,1018,2026-01-25,2.88,Round-Up,Invest,0.12
3545,1451,2025-11-17,0.5,Round-Up,Banking,0.5
3546,1251,2026-04-17,203.07,Recurring Deposit,Banking,0.0
3547,1050,2026-01-17,199.52,Recurring Deposit,Banking,0.0
3548,1301,2025-11-20,127.23,Recurring Deposit,Invest,0.0
3549,1019,2026-04-02,62.29,One-Time Deposit,Invest,0.0
3550,1309,2025-11-29,60.59,Recurring Deposit,Banking,0.0
3551,1383,2026-04-18,2.1,Round-Up,Banking,0.9
3552,1131,2026-02-24,1.19,Round-Up,Banking,0.81
3553,1382,2026-04-29,0.39,Round-Up,Invest,0.61
3554,1479,2026-04-25,238.43,Recurring Deposit,Banking,0.0
3555,1447,2026-03-20,1.57,Round-Up,Banking,0.43
3556,1395,2026-04-07,145.47,One-Time Deposit,Invest,0.0
3557,1156,2026-03-27,240.64,One-Time Deposit,Invest,0.0
3558,1405,2025-06-20,0.69,Round-Up,Banking,0.31
3559,1467,2026-02-12,213.34,Recurring Deposit,Invest,0.0
3560,1390,2026-05-02,0.47,Round-Up,Invest,0.53
3561,1445,2025-10-19,1.61,Round-Up,Invest,0.39
3562,1292,2026-05-02,223.2,Recurring Deposit,Invest,0.0
3563,1305,2026-02-10,1.47,Round-Up,Banking,0.53
3564,1115,2025-12-24,126.47,Recurring Deposit,Banking,0.0
3565,1084,2025-11-13,91.87,Recurring Deposit,Banking,0.0
3566,1267,2025-08-23,-106.49,Withdrawal,Invest,0.0
3567,1470,2025-08-26,86.88,Recurring Deposit,Banking,0.0
3568,1217,2026-04-29,1.03,Round-Up,Banking,0.97
3569,1344,2026-01-05,156.52,One-Time Deposit,Banking,0.0
3570,1278,2026-03-23,2.6,Round-Up,Invest,0.4
3571,1464,2026-02-26,0.52,Round-Up,Invest,0.48
3572,1233,2026-01-09,2.79,Round-Up,Invest,0.21
3573,1416,2026-01-17,1.44,Round-Up,Banking,0.56
3574,1370,2025-08-26,47.86,Recurring Deposit,Banking,0.0
3575,1404,2026-01-30,2.23,Round-Up,Banking,0.77
3576,1264,2026-02-13,157.65,One-Time Deposit,Invest,0.0
3577,1076,2026-02-19,1.12,Round-Up,Invest,0.88
3578,1033,2026-03-06,19.65,One-Time Deposit,Invest,0.0
3579,1147,2026-03-30,-92.11,Withdrawal,Banking,0.0
3580,1265,2026-01-10,2.77,Round-Up,Banking,0.23
3581,1072,2026-03-24,155.74,One-Time Deposit,Banking,0.0
3582,1168,2025-06-23,0.75,Round-Up,Invest,0.25
3583,1078,2025-09-24,0.56,Round-Up,Banking,0.44
3584,1179,2026-03-02,159.79,One-Time Deposit,Invest,0.0
3585,1177,2026-03-07,222.45,Recurring Deposit,Banking,0.0
3586,1206,2025-09-16,0.7,Round-Up,Banking,0.3
3587,1118,2025-06-14,1.98,Round-Up,Banking,0.02
3588,1290,2025-12-12,0.36,Round-Up,Invest,0.64
3589,1478,2026-04-23,180.9,Recurring Deposit,Banking,0.0
3590,1181,2025-12-22,224.58,Recurring Deposit,Banking,0.0
3591,1472,2026-03-29,194.43,One-Time Deposit,Banking,0.0
3592,1481,2026-01-22,227.91,One-Time Deposit,Banking,0.0
3593,1378,2026-05-02,110.63,Recurring Deposit,Banking,0.0
3594,1158,2026-05-01,226.53,Recurring Deposit,Banking,0.0
3595,1009,2026-02-10,157.28,Recurring Deposit,Banking,0.0
3596,1201,2026-03-15,218.16,Recurring Deposit,Invest,0.0
3597,1094,2026-04-14,14.65,One-Time Deposit,Banking,0.0
3598,1284,2026-03-02,166.17,One-Time Deposit,Banking,0.0
3599,1380,2026-01-21,212.75,Recurring Deposit,Banking,0.0
3600,1122,2026-04-09,-47.68,Withdrawal,Banking,0.0
3601,1059,2026-03-26,1.57,Round-Up,Banking,0.43
3602,1355,2026-01-02,1.45,Round-Up,Banking,0.55
3603,1014,2025-12-14,-75.55,Withdrawal,Invest,0.0
3604,1251,2026-04-09,0.42,Round-Up,Banking,0.58
3605,1421,2026-01-05,144.53,Recurring Deposit,Banking,0.0
3606,1458,2026-04-30,2.64,Round-Up,Banking,0.36
3607,1340,2026-02-18,2.83,Round-Up,Banking,0.17
3608,1225,2025-05-22,0.19,Round-Up,Invest,0.81
3609,1357,2026-02-24,2.22,Round-Up,Invest,0.78
3610,1422,2025-12-15,2.18,Round-Up,Invest,0.82
3611,1435,2026-03-27,65.24,One-Time Deposit,Invest,0.0
3612,1309,2026-01-27,186.84,Recurring Deposit,Banking,0.0
3613,1394,2026-02-06,-145.32,Withdrawal,Invest,0.0
3614,1388,2025-09-06,0.17,Round-Up,Banking,0.83
3615,1359,2026-03-06,22.12,One-Time Deposit,Banking,0.0
3616,1375,2026-04-12,123.88,One-Time Deposit,Invest,0.0
3617,1070,2026-04-29,84.33,One-Time Deposit,Invest,0.0
3618,1440,2026-02-07,213.24,One-Time Deposit,Banking,0.0
3619,1011,2025-07-15,1.1,Round-Up,Banking,0.9
3620,1194,2026-03-27,1.58,Round-Up,Banking,0.42
3621,1359,2026-01-20,0.36,Round-Up,Invest,0.64
3622,1385,2026-02-28,1.26,Round-Up,Banking,0.74
3623,1316,2026-03-07,137.3,Recurring Deposit,Banking,0.0
3624,1077,2026-04-02,0.56,Round-Up,Banking,0.44
3625,1154,2026-03-24,129.25,Recurring Deposit,Invest,0.0
3626,1324,2026-02-02,-137.35,Withdrawal,Banking,0.0
3627,1241,2026-01-29,-17.68,Withdrawal,Invest,0.0
3628,1217,2026-04-21,-168.79,Withdrawal,Banking,0.0
3629,1191,2025-09-27,2.74,Round-Up,Invest,0.26
3630,1384,2025-11-18,9.83,One-Time Deposit,Banking,0.0
3631,1136,2026-03-31,0.54,Round-Up,Banking,0.46
3632,1319,2025-06-26,239.53,Recurring Deposit,Banking,0.0
3633,1173,2026-04-18,89.79,Recurring Deposit,Banking,0.0
3634,1239,2026-03-07,217.68,Recurring Deposit,Invest,0.0
3635,1476,2026-03-30,2.13,Round-Up,Banking,0.87
3636,1475,2026-01-15,236.1,Recurring Deposit,Invest,0.0
3637,1160,2026-03-04,0.26,Round-Up,Banking,0.74
3638,1467,2025-08-31,1.75,Round-Up,Invest,0.25
3639,1262,2026-01-20,75.81,Recurring Deposit,Banking,0.0
3640,1276,2025-11-27,2.59,Round-Up,Banking,0.41
3641,1240,2025-12-13,-161.62,Withdrawal,Banking,0.0
3642,1379,2025-09-10,2.82,Round-Up,Invest,0.18
3643,1475,2026-01-24,29.19,Recurring Deposit,Invest,0.0
3644,1239,2026-04-08,171.0,One-Time Deposit,Invest,0.0
3645,1073,2025-07-26,142.9,Recurring Deposit,Invest,0.0
3646,1149,2026-04-09,216.45,Recurring Deposit,Invest,0.0
3647,1156,2025-10-25,-154.25,Withdrawal,Invest,0.0
3648,1349,2026-04-14,2.36,Round-Up,Invest,0.64
3649,1240,2026-03-01,-112.98,Withdrawal,Banking,0.0
3650,1330,2026-02-23,0.33,Round-Up,Banking,0.67
3651,1279,2026-01-20,2.29,Round-Up,Invest,0.71
3652,1279,2026-01-06,2.55,Round-Up,Banking,0.45
3653,1148,2026-02-03,114.32,Recurring Deposit,Invest,0.0
3654,1403,2025-11-23,165.68,One-Time Deposit,Banking,0.0
3655,1051,2025-09-23,111.09,Recurring Deposit,Invest,0.0
3656,1371,2025-08-04,74.39,Recurring Deposit,Banking,0.0
3657,1419,2026-04-12,1.65,Round-Up,Banking,0.35
3658,1363,2026-04-09,-62.25,Withdrawal,Invest,0.0
3659,1272,2026-05-04,2.44,Round-Up,Invest,0.56
3660,1309,2026-02-08,218.56,Recurring Deposit,Invest,0.0
3661,1451,2025-12-17,0.38,Round-Up,Banking,0.62
3662,1310,2025-06-29,63.86,One-Time Deposit,Banking,0.0
3663,1229,2026-01-13,1.64,Round-Up,Invest,0.36
3664,1127,2025-10-22,1.85,Round-Up,Invest,0.15
3665,1167,2026-01-11,2.8,Round-Up,Invest,0.2
3666,1193,2026-04-13,2.8,Round-Up,Invest,0.2
3667,1470,2025-09-28,1.72,Round-Up,Banking,0.28
3668,1111,2025-10-06,0.9,Round-Up,Banking,0.1
3669,1022,2026-03-11,209.91,One-Time Deposit,Banking,0.0
3670,1022,2026-02-21,67.81,Recurring Deposit,Banking,0.0
3671,1281,2025-07-13,23.66,One-Time Deposit,Banking,0.0
3672,1062,2026-05-04,12.77,Recurring Deposit,Invest,0.0
3673,1267,2025-11-28,153.51,One-Time Deposit,Invest,0.0
3674,1343,2026-02-21,81.34,Recurring Deposit,Invest,0.0
3675,1271,2026-04-27,113.66,Recurring Deposit,Banking,0.0
3676,1143,2026-05-03,2.47,Round-Up,Banking,0.53
3677,1118,2025-09-17,65.79,Recurring Deposit,Banking,0.0
3678,1252,2026-04-11,2.47,Round-Up,Banking,0.53
3679,1277,2026-03-05,212.11,Recurring Deposit,Invest,0.0
3680,1229,2025-11-13,125.73,Recurring Deposit,Invest,0.0
3681,1453,2025-10-13,1.17,Round-Up,Banking,0.83
3682,1305,2026-01-08,96.75,Recurring Deposit,Banking,0.0
3683,1465,2026-04-24,2.53,Round-Up,Banking,0.47
3684,1192,2025-11-15,1.5,Round-Up,Banking,0.5
3685,1487,2026-04-09,0.39,Round-Up,Invest,0.61
3686,1096,2026-02-06,224.71,Recurring Deposit,Invest,0.0
3687,1026,2025-11-05,246.13,Recurring Deposit,Invest,0.0
3688,1153,2025-12-05,103.6,Recurring Deposit,Banking,0.0
3689,1384,2026-03-14,2.14,Round-Up,Banking,0.86
3690,1065,2026-04-10,106.66,One-Time Deposit,Banking,0.0
3691,1096,2026-03-07,116.3,Recurring Deposit,Invest,0.0
3692,1239,2026-04-14,0.85,Round-Up,Invest,0.15
3693,1394,2026-03-18,48.45,One-Time Deposit,Invest,0.0
3694,1076,2026-03-30,1.47,Round-Up,Invest,0.53
3695,1345,2026-04-21,2.2,Round-Up,Banking,0.8
3696,1431,2025-10-30,198.1,One-Time Deposit,Invest,0.0
3697,1036,2025-07-19,96.3,Recurring Deposit,Banking,0.0
3698,1370,2025-07-24,2.53,Round-Up,Banking,0.47
3699,1454,2025-12-02,0.12,Round-Up,Invest,0.88
3700,1062,2026-04-09,2.92,Round-Up,Invest,0.08
3701,1478,2026-04-23,1.95,Round-Up,Banking,0.05
3702,1313,2026-04-26,1.3,Round-Up,Banking,0.7
3703,1415,2025-08-22,1.89,Round-Up,Banking,0.11
3704,1112,2026-03-18,22.05,Recurring Deposit,Banking,0.0
3705,1500,2025-12-15,1.55,Round-Up,Invest,0.45
3706,1124,2026-03-13,13.76,Recurring Deposit,Invest,0.0
3707,1092,2026-04-05,133.95,Recurring Deposit,Banking,0.0
3708,1461,2025-12-19,2.17,Round-Up,Invest,0.83
3709,1222,2026-02-03,1.31,Round-Up,Invest,0.69
3710,1468,2026-01-30,119.44,Recurring Deposit,Invest,0.0
3711,1384,2025-12-05,0.62,Round-Up,Banking,0.38
3712,1090,2026-01-09,1.42,Round-Up,Banking,0.58
3713,1005,2026-03-02,2.94,Round-Up,Invest,0.06
3714,1288,2025-09-10,166.69,One-Time Deposit,Invest,0.0
3715,1191,2025-11-09,6.74,One-Time Deposit,Invest,0.0
3716,1270,2026-01-24,-70.07,Withdrawal,Banking,0.0
3717,1444,2025-10-27,226.91,Recurring Deposit,Banking,0.0
3718,1216,2025-11-08,1.85,Round-Up,Invest,0.15
3719,1336,2026-01-07,1.51,Round-Up,Banking,0.49
3720,1168,2025-06-27,0.06,Round-Up,Invest,0.94
3721,1168,2025-07-09,2.7,Round-Up,Invest,0.3
3722,1480,2026-03-04,2.48,Round-Up,Invest,0.52
3723,1471,2026-03-17,0.53,Round-Up,Invest,0.47
3724,1360,2026-04-15,1.25,Round-Up,Banking,0.75
3725,1350,2026-04-14,2.31,Round-Up,Banking,0.69
3726,1227,2026-03-29,2.94,Round-Up,Banking,0.06
3727,1274,2026-03-03,-81.26,Withdrawal,Banking,0.0
3728,1227,2026-03-17,24.53,One-Time Deposit,Banking,0.0
3729,1366,2026-03-31,-178.59,Withdrawal,Banking,0.0
3730,1313,2026-04-26,2.74,Round-Up,Banking,0.26
3731,1485,2026-04-13,141.34,One-Time Deposit,Banking,0.0
3732,1472,2026-03-04,1.14,Round-Up,Banking,0.86
3733,1139,2026-04-17,1.19,Round-Up,Invest,0.81
3734,1192,2026-04-12,1.39,Round-Up,Banking,0.61
3735,1353,2025-10-06,-231.2,Withdrawal,Banking,0.0
3736,1371,2025-09-14,-130.09,Withdrawal,Banking,0.0
3737,1200,2025-10-06,0.08,Round-Up,Banking,0.92
3738,1351,2026-04-06,0.43,Round-Up,Banking,0.57
3739,1147,2026-03-19,1.33,Round-Up,Banking,0.67
3740,1045,2025-10-08,0.85,Round-Up,Banking,0.15
3741,1377,2026-03-21,2.3,Round-Up,Invest,0.7
3742,1016,2025-11-27,0.33,Round-Up,Invest,0.67
3743,1298,2025-11-29,166.42,One-Time Deposit,Invest,0.0
3744,1044,2026-03-16,2.69,Round-Up,Invest,0.31
3745,1343,2026-02-02,2.73,Round-Up,Invest,0.27
3746,1165,2025-11-20,2.22,Round-Up,Banking,0.78
3747,1284,2026-03-14,0.33,Round-Up,Banking,0.67
3748,1441,2025-09-18,-104.18,Withdrawal,Invest,0.0
3749,1391,2026-03-30,0.4,Round-Up,Invest,0.6
3750,1072,2026-04-30,206.27,Recurring Deposit,Banking,0.0
3751,1285,2026-03-23,56.99,Recurring Deposit,Invest,0.0
3752,1121,2025-10-17,-179.75,Withdrawal,Invest,0.0
3753,1322,2025-10-24,48.85,Recurring Deposit,Banking,0.0
3754,1462,2025-11-09,9.13,Recurring Deposit,Banking,0.0
3755,1144,2025-12-26,44.15,Recurring Deposit,Banking,0.0
3756,1241,2026-01-23,2.03,Round-Up,Invest,0.97
3757,1358,2026-05-04,31.12,One-Time Deposit,Banking,0.0
3758,1250,2026-05-03,-53.43,Withdrawal,Banking,0.0
3759,1340,2025-11-29,192.33,Recurring Deposit,Banking,0.0
3760,1405,2025-10-13,-193.62,Withdrawal,Banking,0.0
3761,1320,2026-03-19,205.28,Recurring Deposit,Banking,0.0
3762,1255,2026-04-12,211.08,Recurring Deposit,Invest,0.0
3763,1079,2026-02-07,108.01,Recurring Deposit,Banking,0.0
3764,1267,2025-11-11,217.55,Recurring Deposit,Invest,0.0
3765,1073,2025-07-21,133.85,One-Time Deposit,Invest,0.0
3766,1312,2026-04-08,-120.3,Withdrawal,Invest,0.0
3767,1419,2026-04-17,181.04,Recurring Deposit,Banking,0.0
3768,1493,2025-09-21,57.39,Recurring Deposit,Banking,0.0
3769,1224,2026-03-11,198.43,Recurring Deposit,Banking,0.0
3770,1439,2026-04-16,2.63,Round-Up,Banking,0.37
3771,1295,2026-03-24,2.7,Round-Up,Invest,0.3
3772,1230,2026-04-27,-34.23,Withdrawal,Invest,0.0
3773,1154,2025-11-16,45.4,One-Time Deposit,Banking,0.0
3774,1250,2026-05-03,0.53,Round-Up,Banking,0.47
3775,1115,2026-02-23,2.91,Round-Up,Banking,0.09
3776,1260,2026-02-01,92.46,Recurring Deposit,Banking,0.0
3777,1410,2025-09-10,76.58,Recurring Deposit,Banking,0.0
3778,1017,2026-01-19,58.6,Recurring Deposit,Banking,0.0
3779,1202,2025-06-09,206.84,One-Time Deposit,Banking,0.0
3780,1479,2026-04-22,2.82,Round-Up,Banking,0.18
3781,1343,2025-12-26,0.04,Round-Up,Banking,0.96
3782,1455,2026-04-29,0.03,Round-Up,Banking,0.97
3783,1309,2025-11-30,224.8,Recurring Deposit,Banking,0.0
3784,1364,2025-09-24,1.47,Round-Up,Invest,0.53
3785,1028,2026-03-22,174.22,One-Time Deposit,Banking,0.0
3786,1232,2026-03-04,156.77,One-Time Deposit,Invest,0.0
3787,1367,2026-04-27,208.64,One-Time Deposit,Banking,0.0
3788,1475,2026-03-19,-209.79,Withdrawal,Banking,0.0
3789,1293,2025-12-17,0.04,Round-Up,Banking,0.96
3790,1086,2026-03-22,159.96,Recurring Deposit,Invest,0.0
3791,1446,2026-03-05,1.88,Round-Up,Banking,0.12
3792,1164,2025-09-07,0.46,Round-Up,Banking,0.54
3793,1050,2026-02-24,0.15,Round-Up,Banking,0.85
3794,1038,2026-04-18,1.62,Round-Up,Invest,0.38
3795,1004,2026-03-01,30.58,Recurring Deposit,Banking,0.0
3796,1363,2026-01-05,215.2,One-Time Deposit,Invest,0.0
3797,1221,2025-08-26,0.74,Round-Up,Invest,0.26
3798,1183,2026-03-07,1.95,Round-Up,Banking,0.05
3799,1107,2025-10-23,61.48,One-Time Deposit,Banking,0.0
3800,1001,2026-04-21,152.06,Recurring Deposit,Invest,0.0
3801,1015,2025-09-12,1.58,Round-Up,Invest,0.42
3802,1165,2025-11-21,75.91,One-Time Deposit,Banking,0.0
3803,1153,2026-01-05,55.86,Recurring Deposit,Banking,0.0
3804,1408,2025-11-20,192.31,One-Time Deposit,Invest,0.0
3805,1060,2026-03-19,1.74,Round-Up,Banking,0.26
3806,1407,2026-04-21,17.94,One-Time Deposit,Banking,0.0
3807,1334,2025-09-10,37.63,One-Time Deposit,Invest,0.0
3808,1500,2026-03-07,162.33,Recurring Deposit,Invest,0.0
3809,1186,2026-04-21,202.09,One-Time Deposit,Invest,0.0
3810,1024,2026-04-12,-198.84,Withdrawal,Invest,0.0
3811,1299,2026-02-10,1.55,Round-Up,Invest,0.45
3812,1415,2026-04-17,-222.42,Withdrawal,Banking,0.0
3813,1015,2025-09-21,58.25,One-Time Deposit,Invest,0.0
3814,1167,2026-03-30,31.29,Recurring Deposit,Invest,0.0
3815,1382,2026-05-04,0.28,Round-Up,Invest,0.72
3816,1241,2025-09-02,0.07,Round-Up,Invest,0.93
3817,1287,2026-04-29,147.6,Recurring Deposit,Invest,0.0
3818,1324,2025-08-06,240.93,Recurring Deposit,Invest,0.0
3819,1264,2026-01-12,1.85,Round-Up,Invest,0.15
3820,1355,2026-01-12,176.69,One-Time Deposit,Banking,0.0
3821,1361,2026-04-03,0.93,Round-Up,Banking,0.07
3822,1280,2026-04-25,-31.4,Withdrawal,Invest,0.0
3823,1482,2026-03-11,197.29,Recurring Deposit,Invest,0.0
3824,1254,2025-11-17,0.07,Round-Up,Invest,0.93
3825,1011,2025-08-14,12.06,Recurring Deposit,Banking,0.0
3826,1042,2026-04-21,-228.14,Withdrawal,Invest,0.0
3827,1187,2025-05-28,2.7,Round-Up,Banking,0.3
3828,1416,2026-04-30,58.53,Recurring Deposit,Banking,0.0
3829,1459,2026-03-17,2.99,Round-Up,Banking,0.01
3830,1130,2026-04-12,16.76,Recurring Deposit,Invest,0.0
3831,1383,2025-11-02,2.64,Round-Up,Banking,0.36
3832,1070,2026-03-04,1.81,Round-Up,Invest,0.19
3833,1373,2025-09-15,1.36,Round-Up,Invest,0.64
3834,1082,2026-01-17,0.68,Round-Up,Banking,0.32
3835,1122,2026-04-18,84.92,Recurring Deposit,Banking,0.0
3836,1054,2026-02-19,2.71,Round-Up,Banking,0.29
3837,1058,2025-11-21,0.71,Round-Up,Banking,0.29
3838,1352,2026-04-11,169.39,Recurring Deposit,Banking,0.0
3839,1458,2026-04-26,104.39,One-Time Deposit,Banking,0.0
3840,1261,2026-03-18,23.53,One-Time Deposit,Invest,0.0
3841,1457,2026-01-09,-151.67,Withdrawal,Banking,0.0
3842,1206,2025-09-16,162.22,Recurring Deposit,Banking,0.0
3843,1268,2026-04-11,1.27,Round-Up,Invest,0.73
3844,1315,2026-03-09,75.7,One-Time Deposit,Banking,0.0
3845,1147,2026-03-02,-245.45,Withdrawal,Banking,0.0
3846,1079,2026-01-29,2.32,Round-Up,Banking,0.68
3847,1155,2026-04-16,1.77,Round-Up,Banking,0.23
3848,1170,2026-02-05,0.83,Round-Up,Banking,0.17
3849,1427,2026-04-08,2.81,Round-Up,Invest,0.19
3850,1483,2026-04-04,234.49,Recurring Deposit,Invest,0.0
3851,1073,2025-07-23,185.11,Recurring Deposit,Invest,0.0
3852,1441,2025-11-14,-146.39,Withdrawal,Invest,0.0
3853,1265,2026-02-07,44.89,Recurring Deposit,Banking,0.0
3854,1461,2026-02-19,2.44,Round-Up,Banking,0.56
3855,1225,2025-10-04,1.02,Round-Up,Invest,0.98
3856,1142,2025-11-11,-183.53,Withdrawal,Banking,0.0
3857,1184,2026-02-09,0.08,Round-Up,Invest,0.92
3858,1176,2026-03-03,2.31,Round-Up,Banking,0.69
3859,1306,2025-12-14,-29.52,Withdrawal,Invest,0.0
3860,1139,2026-04-12,99.19,One-Time Deposit,Invest,0.0
3861,1345,2026-04-02,1.95,Round-Up,Banking,0.05
3862,1097,2026-04-30,138.61,Recurring Deposit,Banking,0.0
3863,1291,2026-04-29,-83.42,Withdrawal,Banking,0.0
3864,1018,2025-12-31,2.6,Round-Up,Invest,0.4
3865,1357,2026-01-19,37.36,Recurring Deposit,Invest,0.0
3866,1376,2026-02-07,2.45,Round-Up,Invest,0.55
3867,1366,2026-03-06,198.88,One-Time Deposit,Banking,0.0
3868,1232,2026-02-09,-242.3,Withdrawal,Invest,0.0
3869,1388,2025-09-21,-127.89,Withdrawal,Banking,0.0
3870,1160,2025-11-02,2.04,Round-Up,Banking,0.96
3871,1026,2025-11-20,0.57,Round-Up,Banking,0.43
3872,1440,2026-02-04,2.04,Round-Up,Banking,0.96
3873,1217,2025-09-09,22.57,One-Time Deposit,Banking,0.0
3874,1348,2026-02-15,2.39,Round-Up,Invest,0.61
3875,1433,2026-04-22,0.12,Round-Up,Invest,0.88
3876,1384,2026-02-07,2.01,Round-Up,Banking,0.99
3877,1154,2026-01-01,1.95,Round-Up,Banking,0.05
3878,1295,2026-04-15,2.82,Round-Up,Invest,0.18
3879,1263,2025-10-02,170.8,Recurring Deposit,Invest,0.0
3880,1143,2025-12-15,2.39,Round-Up,Banking,0.61
3881,1011,2025-07-11,2.71,Round-Up,Banking,0.29
3882,1269,2026-05-02,44.83,Recurring Deposit,Banking,0.0
3883,1417,2026-02-16,190.14,Recurring Deposit,Banking,0.0
3884,1481,2026-02-26,2.61,Round-Up,Invest,0.39
3885,1152,2026-04-25,2.25,Round-Up,Invest,0.75
3886,1132,2026-03-04,194.31,Recurring Deposit,Invest,0.0
3887,1209,2026-03-17,2.13,Round-Up,Invest,0.87
3888,1406,2025-05-26,188.48,Recurring Deposit,Banking,0.0
3889,1030,2025-08-13,2.93,Round-Up,Invest,0.07
3890,1081,2025-12-08,2.86,Round-Up,Banking,0.14
3891,1434,2025-11-19,86.59,One-Time Deposit,Banking,0.0
3892,1062,2026-04-04,241.41,Recurring Deposit,Invest,0.0
3893,1368,2026-04-26,-194.13,Withdrawal,Invest,0.0
3894,1398,2026-04-05,0.75,Round-Up,Banking,0.25
3895,1433,2026-05-03,239.57,One-Time Deposit,Invest,0.0
3896,1209,2026-03-15,1.09,Round-Up,Invest,0.91
3897,1296,2025-09-24,41.55,One-Time Deposit,Banking,0.0
3898,1080,2025-07-16,23.7,Recurring Deposit,Invest,0.0
3899,1466,2025-10-13,2.35,Round-Up,Invest,0.65
3900,1479,2026-04-16,-157.92,Withdrawal,Banking,0.0
3901,1464,2026-02-06,156.05,One-Time Deposit,Invest,0.0
3902,1404,2025-12-12,-72.58,Withdrawal,Banking,0.0
3903,1277,2026-02-26,114.19,Recurring Deposit,Invest,0.0
3904,1498,2025-12-04,2.95,Round-Up,Banking,0.05
3905,1075,2026-05-02,2.51,Round-Up,Invest,0.49
3906,1458,2026-04-30,1.44,Round-Up,Banking,0.56
3907,1345,2026-05-03,2.64,Round-Up,Banking,0.36
3908,1202,2025-06-10,138.01,One-Time Deposit,Invest,0.0
3909,1096,2025-12-08,236.89,One-Time Deposit,Banking,0.0
3910,1430,2026-04-15,-40.13,Withdrawal,Invest,0.0
3911,1244,2025-10-17,2.32,Round-Up,Banking,0.68
3912,1306,2025-06-09,23.84,Recurring Deposit,Invest,0.0
3913,1060,2026-02-05,-118.36,Withdrawal,Invest,0.0
3914,1115,2026-03-02,178.2,Recurring Deposit,Banking,0.0
3915,1040,2026-04-22,1.21,Round-Up,Invest,0.79
3916,1153,2025-11-20,126.25,One-Time Deposit,Banking,0.0
3917,1027,2025-10-21,0.23,Round-Up,Invest,0.77
3918,1376,2025-08-24,1.98,Round-Up,Invest,0.02
3919,1154,2025-12-23,2.15,Round-Up,Banking,0.85
3920,1408,2025-11-08,154.85,Recurring Deposit,Invest,0.0
3921,1188,2025-11-13,46.1,One-Time Deposit,Invest,0.0
3922,1331,2026-04-21,193.98,One-Time Deposit,Invest,0.0
3923,1429,2026-04-07,-145.94,Withdrawal,Banking,0.0
3924,1448,2026-04-06,2.82,Round-Up,Invest,0.18
3925,1110,2026-04-24,127.78,One-Time Deposit,Invest,0.0
3926,1424,2025-10-19,240.88,Recurring Deposit,Invest,0.0
3927,1270,2025-08-04,2.21,Round-Up,Banking,0.79
3928,1304,2025-06-24,53.88,One-Time Deposit,Banking,0.0
3929,1038,2026-01-12,2.1,Round-Up,Invest,0.9
3930,1066,2026-02-23,161.42,Recurring Deposit,Banking,0.0
3931,1228,2026-02-14,0.04,Round-Up,Banking,0.96
3932,1091,2026-01-06,2.61,Round-Up,Invest,0.39
3933,1496,2025-10-20,162.43,One-Time Deposit,Invest,0.0
3934,1383,2026-04-15,1.37,Round-Up,Banking,0.63
3935,1054,2026-02-20,2.56,Round-Up,Invest,0.44
3936,1007,2025-08-27,2.47,Round-Up,Banking,0.53
3937,1254,2025-10-07,2.68,Round-Up,Invest,0.32
3938,1176,2026-03-29,66.92,One-Time Deposit,Banking,0.0
3939,1430,2026-05-04,228.36,One-Time Deposit,Invest,0.0
3940,1314,2025-12-22,27.59,One-Time Deposit,Banking,0.0
3941,1072,2026-04-18,236.01,Recurring Deposit,Banking,0.0
3942,1392,2026-03-07,1.06,Round-Up,Invest,0.94
3943,1160,2025-11-11,1.3,Round-Up,Banking,0.7
3944,1403,2025-12-04,137.2,Recurring Deposit,Banking,0.0
3945,1020,2026-02-26,190.58,Recurring Deposit,Banking,0.0
3946,1041,2026-03-08,2.44,Round-Up,Invest,0.56
3947,1148,2025-08-20,2.24,Round-Up,Invest,0.76
3948,1147,2026-04-03,185.68,One-Time Deposit,Banking,0.0
3949,1374,2026-03-24,196.79,One-Time Deposit,Banking,0.0
3950,1042,2026-02-19,43.72,Recurring Deposit,Banking,0.0
3951,1046,2026-02-24,1.38,Round-Up,Invest,0.62
3952,1100,2026-01-05,107.67,Recurring Deposit,Banking,0.0
3953,1420,2026-04-02,1.65,Round-Up,Banking,0.35
3954,1297,2026-02-23,113.55,One-Time Deposit,Banking,0.0
3955,1400,2026-04-08,202.74,Recurring Deposit,Banking,0.0
3956,1085,2025-10-08,78.54,One-Time Deposit,Invest,0.0
3957,1345,2026-04-24,2.27,Round-Up,Banking,0.73
3958,1463,2025-09-12,-240.43,Withdrawal,Banking,0.0
3959,1228,2025-12-12,12.77,Recurring Deposit,Banking,0.0
3960,1021,2025-12-10,149.92,Recurring Deposit,Banking,0.0
3961,1471,2026-03-01,1.32,Round-Up,Invest,0.68
3962,1476,2026-03-24,0.71,Round-Up,Banking,0.29
3963,1129,2025-09-09,-180.4,Withdrawal,Invest,0.0
3964,1500,2025-12-19,182.98,One-Time Deposit,Invest,0.0
3965,1395,2026-04-25,19.46,Recurring Deposit,Invest,0.0
3966,1457,2026-01-07,0.84,Round-Up,Banking,0.16
3967,1438,2026-03-27,0.97,Round-Up,Banking,0.03
3968,1442,2025-09-04,-28.05,Withdrawal,Banking,0.0
3969,1480,2026-04-26,7.95,One-Time Deposit,Invest,0.0
3970,1351,2026-04-20,1.43,Round-Up,Banking,0.57
3971,1074,2026-04-08,1.56,Round-Up,Invest,0.44
3972,1178,2026-05-04,105.99,One-Time Deposit,Invest,0.0
3973,1010,2026-04-23,2.31,Round-Up,Banking,0.69
3974,1209,2026-03-06,192.82,One-Time Deposit,Invest,0.0
3975,1319,2025-09-17,2.33,Round-Up,Banking,0.67
3976,1177,2026-03-27,232.68,Recurring Deposit,Invest,0.0
3977,1029,2026-04-01,2.01,Round-Up,Invest,0.99
3978,1014,2025-10-31,-189.9,Withdrawal,Invest,0.0
3979,1184,2026-03-21,1.23,Round-Up,Invest,0.77
3980,1189,2026-02-18,203.8,One-Time Deposit,Banking,0.0
3981,1407,2026-04-22,2.94,Round-Up,Banking,0.06
3982,1322,2025-12-02,42.54,Recurring Deposit,Banking,0.0
3983,1291,2026-04-23,-62.27,Withdrawal,Banking,0.0
3984,1030,2025-09-20,70.1,Recurring Deposit,Invest,0.0
3985,1142,2025-07-30,205.53,One-Time Deposit,Banking,0.0
3986,1477,2025-09-06,203.63,One-Time Deposit,Banking,0.0
3987,1461,2025-10-02,126.36,Recurring Deposit,Invest,0.0
3988,1117,2026-04-04,-147.3,Withdrawal,Invest,0.0
3989,1087,2026-02-23,-207.6,Withdrawal,Invest,0.0
3990,1255,2026-02-10,2.18,Round-Up,Invest,0.82
3991,1151,2026-02-12,-17.29,Withdrawal,Invest,0.0
3992,1495,2026-01-16,1.74,Round-Up,Banking,0.26
3993,1468,2026-03-22,2.99,Round-Up,Invest,0.01
3994,1479,2026-04-30,0.84,Round-Up,Banking,0.16
3995,1112,2026-02-03,2.34,Round-Up,Banking,0.66
3996,1417,2026-02-23,20.87,Recurring Deposit,Invest,0.0
3997,1343,2026-02-14,161.05,Recurring Deposit,Invest,0.0
3998,1500,2025-12-19,209.45,Recurring Deposit,Invest,0.0
3999,1095,2026-03-05,167.91,One-Time Deposit,Banking,0.0
4000,1477,2025-08-02,109.14,One-Time Deposit,Banking,0.0
4001,1445,2026-01-12,35.22,Recurring Deposit,Invest,0.0
4002,1194,2026-02-28,1.52,Round-Up,Banking,0.48
4003,1404,2025-10-04,72.61,Recurring Deposit,Banking,0.0
4004,1224,2025-07-19,59.95,Recurring Deposit,Invest,0.0
4005,1468,2026-03-15,204.91,Recurring Deposit,Invest,0.0
4006,1390,2025-10-19,245.4,One-Time Deposit,Invest,0.0
4007,1323,2026-01-28,166.74,Recurring Deposit,Banking,0.0
4008,1140,2025-06-19,2.63,Round-Up,Banking,0.37
4009,1406,2025-12-06,0.47,Round-Up,Banking,0.53
4010,1109,2026-04-27,10.0,Recurring Deposit,Invest,0.0
4011,1171,2025-12-18,51.99,One-Time Deposit,Invest,0.0
4012,1118,2025-08-25,148.19,Recurring Deposit,Banking,0.0
4013,1265,2025-12-21,2.82,Round-Up,Invest,0.18
4014,1319,2025-09-09,0.73,Round-Up,Banking,0.27
4015,1405,2025-11-30,51.1,Recurring Deposit,Banking,0.0
4016,1476,2026-03-14,132.92,One-Time Deposit,Banking,0.0
4017,1457,2026-01-11,130.44,One-Time Deposit,Banking,0.0
4018,1238,2026-02-14,1.93,Round-Up,Banking,0.07
4019,1487,2026-04-11,0.99,Round-Up,Invest,0.01
4020,1132,2025-12-19,219.02,Recurring Deposit,Invest,0.0
4021,1375,2026-04-30,0.19,Round-Up,Invest,0.81
4022,1353,2026-02-03,176.54,Recurring Deposit,Banking,0.0
4023,1420,2026-04-14,160.8,Recurring Deposit,Banking,0.0
4024,1100,2026-01-08,2.96,Round-Up,Banking,0.04
4025,1449,2026-03-06,157.55,Recurring Deposit,Banking,0.0
4026,1190,2026-04-04,139.92,One-Time Deposit,Banking,0.0
4027,1198,2026-03-01,1.2,Round-Up,Invest,0.8
4028,1049,2026-04-14,2.24,Round-Up,Banking,0.76
4029,1459,2026-04-12,0.41,Round-Up,Banking,0.59
4030,1123,2025-12-06,25.01,Recurring Deposit,Invest,0.0
4031,1425,2025-06-26,77.18,One-Time Deposit,Invest,0.0
4032,1265,2026-01-06,246.72,One-Time Deposit,Invest,0.0
4033,1033,2026-03-04,10.29,Recurring Deposit,Invest,0.0
4034,1494,2026-02-09,169.86,Recurring Deposit,Banking,0.0
4035,1186,2026-03-31,154.09,One-Time Deposit,Invest,0.0
4036,1438,2026-04-16,163.41,Recurring Deposit,Invest,0.0
4037,1479,2026-04-22,0.07,Round-Up,Banking,0.93
4038,1146,2026-05-02,60.55,Recurring Deposit,Banking,0.0
4039,1224,2025-08-10,110.51,One-Time Deposit,Banking,0.0
4040,1139,2026-04-09,28.49,Recurring Deposit,Invest,0.0
4041,1285,2026-03-08,23.28,One-Time Deposit,Invest,0.0
4042,1291,2026-04-22,0.19,Round-Up,Banking,0.81
4043,1049,2025-11-05,145.38,One-Time Deposit,Banking,0.0
4044,1395,2026-04-14,1.56,Round-Up,Invest,0.44
4045,1242,2026-02-15,76.94,Recurring Deposit,Banking,0.0
4046,1351,2026-04-12,82.38,One-Time Deposit,Banking,0.0
4047,1329,2025-06-15,55.78,Recurring Deposit,Invest,0.0
4048,1434,2026-01-20,105.82,Recurring Deposit,Banking,0.0
4049,1183,2026-04-12,54.75,Recurring Deposit,Banking,0.0
4050,1331,2026-03-04,0.36,Round-Up,Invest,0.64
4051,1023,2026-05-04,-35.36,Withdrawal,Banking,0.0
4052,1274,2026-01-27,237.32,Recurring Deposit,Banking,0.0
4053,1312,2026-03-25,27.01,Recurring Deposit,Invest,0.0
4054,1282,2026-04-28,2.23,Round-Up,Invest,0.77
4055,1017,2026-02-07,209.16,One-Time Deposit,Banking,0.0
4056,1079,2026-03-01,2.55,Round-Up,Banking,0.45
4057,1045,2026-01-05,228.51,One-Time Deposit,Banking,0.0
4058,1480,2026-03-15,2.26,Round-Up,Invest,0.74
4059,1038,2026-04-21,48.2,One-Time Deposit,Invest,0.0
4060,1362,2026-05-03,66.78,One-Time Deposit,Banking,0.0
4061,1131,2026-03-03,1.05,Round-Up,Banking,0.95
4062,1014,2025-10-15,81.16,One-Time Deposit,Invest,0.0
4063,1445,2026-04-01,146.03,Recurring Deposit,Invest,0.0
4064,1020,2026-01-16,0.85,Round-Up,Banking,0.15
4065,1468,2026-02-17,98.66,Recurring Deposit,Invest,0.0
4066,1368,2026-05-02,1.22,Round-Up,Invest,0.78
4067,1244,2025-11-25,1.47,Round-Up,Banking,0.53
4068,1493,2025-10-29,1.07,Round-Up,Banking,0.93
4069,1198,2025-09-25,131.83,Recurring Deposit,Invest,0.0
4070,1295,2026-04-18,2.03,Round-Up,Invest,0.97
4071,1155,2026-03-19,95.22,Recurring Deposit,Banking,0.0
4072,1351,2026-03-26,197.31,One-Time Deposit,Invest,0.0
4073,1064,2025-10-16,0.47,Round-Up,Banking,0.53
4074,1337,2026-04-15,240.14,Recurring Deposit,Banking,0.0
4075,1073,2025-07-23,0.77,Round-Up,Invest,0.23
4076,1097,2026-04-27,81.86,Recurring Deposit,Banking,0.0
4077,1178,2026-04-22,2.71,Round-Up,Invest,0.29
4078,1433,2026-04-14,1.37,Round-Up,Invest,0.63
4079,1150,2026-04-30,162.27,Recurring Deposit,Invest,0.0
4080,1229,2026-02-06,-9.53,Withdrawal,Invest,0.0
4081,1226,2025-12-31,1.42,Round-Up,Banking,0.58
4082,1364,2025-11-21,87.21,Recurring Deposit,Invest,0.0
4083,1414,2026-02-17,2.99,Round-Up,Invest,0.01
4084,1416,2026-03-03,43.89,Recurring Deposit,Banking,0.0
4085,1315,2026-01-24,133.25,Recurring Deposit,Banking,0.0
4086,1160,2026-04-27,2.25,Round-Up,Banking,0.75
4087,1490,2026-03-25,2.69,Round-Up,Banking,0.31
4088,1146,2026-04-28,0.24,Round-Up,Banking,0.76
4089,1094,2026-04-28,2.79,Round-Up,Banking,0.21
4090,1446,2026-03-30,1.2,Round-Up,Banking,0.8
4091,1323,2025-12-01,162.87,One-Time Deposit,Banking,0.0
4092,1069,2026-01-11,-213.08,Withdrawal,Invest,0.0
4093,1309,2026-01-27,2.15,Round-Up,Banking,0.85
4094,1276,2025-09-01,192.96,One-Time Deposit,Banking,0.0
4095,1414,2025-10-16,53.91,One-Time Deposit,Invest,0.0
4096,1122,2026-04-25,-244.53,Withdrawal,Banking,0.0
4097,1497,2026-03-23,230.26,One-Time Deposit,Banking,0.0
4098,1125,2026-02-24,44.98,One-Time Deposit,Banking,0.0
4099,1179,2025-12-05,141.9,One-Time Deposit,Invest,0.0
4100,1330,2025-10-13,0.6,Round-Up,Banking,0.4
4101,1378,2026-05-01,0.75,Round-Up,Banking,0.25
4102,1215,2026-04-02,0.67,Round-Up,Invest,0.33
4103,1112,2026-03-07,1.65,Round-Up,Banking,0.35
4104,1055,2026-01-22,158.67,One-Time Deposit,Banking,0.0
4105,1181,2026-03-31,2.74,Round-Up,Banking,0.26
4106,1259,2026-04-05,134.2,One-Time Deposit,Banking,0.0
4107,1329,2026-03-15,0.25,Round-Up,Invest,0.75
4108,1255,2025-11-29,-65.45,Withdrawal,Invest,0.0
4109,1265,2026-04-28,101.37,Recurring Deposit,Banking,0.0
4110,1330,2025-11-10,0.29,Round-Up,Banking,0.71
4111,1087,2025-10-03,1.17,Round-Up,Invest,0.83
4112,1115,2025-11-20,145.32,One-Time Deposit,Banking,0.0
4113,1224,2025-12-06,1.74,Round-Up,Invest,0.26
4114,1328,2026-03-21,1.63,Round-Up,Banking,0.37
4115,1033,2026-03-04,1.02,Round-Up,Invest,0.98
4116,1282,2026-03-24,-206.03,Withdrawal,Invest,0.0
4117,1345,2026-04-28,64.93,Recurring Deposit,Banking,0.0
4118,1446,2026-04-18,167.2,One-Time Deposit,Banking,0.0
4119,1140,2025-09-18,28.28,One-Time Deposit,Banking,0.0
4120,1226,2025-12-11,-10.69,Withdrawal,Banking,0.0
4121,1308,2026-05-02,-139.43,Withdrawal,Invest,0.0
4122,1399,2026-03-12,-59.97,Withdrawal,Banking,0.0
4123,1034,2026-04-05,0.48,Round-Up,Banking,0.52
4124,1499,2026-01-30,1.39,Round-Up,Banking,0.61
4125,1335,2025-11-25,127.0,Recurring Deposit,Banking,0.0
4126,1194,2026-03-23,200.09,One-Time Deposit,Banking,0.0
4127,1299,2026-02-16,0.09,Round-Up,Invest,0.91
4128,1215,2026-02-18,1.67,Round-Up,Invest,0.33
4129,1410,2025-10-11,80.3,Recurring Deposit,Banking,0.0
4130,1469,2026-04-04,69.5,Recurring Deposit,Invest,0.0
4131,1410,2025-08-06,2.61,Round-Up,Banking,0.39
4132,1229,2025-11-15,54.02,Recurring Deposit,Invest,0.0
4133,1046,2026-04-11,204.78,One-Time Deposit,Invest,0.0
4134,1074,2026-03-26,133.12,Recurring Deposit,Invest,0.0
4135,1001,2026-04-05,1.84,Round-Up,Invest,0.16
4136,1100,2026-02-27,1.43,Round-Up,Banking,0.57
4137,1493,2025-11-24,1.26,Round-Up,Banking,0.74
4138,1390,2026-01-31,25.11,One-Time Deposit,Invest,0.0
4139,1368,2026-04-28,31.79,One-Time Deposit,Invest,0.0
4140,1352,2026-03-21,1.2,Round-Up,Invest,0.8
4141,1010,2026-05-04,-31.85,Withdrawal,Banking,0.0
4142,1275,2026-01-02,2.32,Round-Up,Invest,0.68
4143,1337,2026-04-23,2.75,Round-Up,Banking,0.25
4144,1405,2025-07-19,119.34,One-Time Deposit,Banking,0.0
4145,1424,2026-01-28,144.51,One-Time Deposit,Invest,0.0
4146,1329,2026-02-09,2.96,Round-Up,Invest,0.04
4147,1482,2026-03-12,228.73,Recurring Deposit,Invest,0.0
4148,1167,2025-10-01,193.32,One-Time Deposit,Invest,0.0
4149,1097,2026-05-03,246.03,One-Time Deposit,Banking,0.0
4150,1137,2026-04-12,121.73,Recurring Deposit,Banking,0.0
4151,1364,2025-09-23,1.91,Round-Up,Banking,0.09
4152,1236,2026-03-31,239.11,One-Time Deposit,Banking,0.0
4153,1432,2026-02-09,6.01,Recurring Deposit,Banking,0.0
4154,1171,2026-04-09,2.65,Round-Up,Invest,0.35
4155,1388,2025-11-04,2.53,Round-Up,Banking,0.47
4156,1469,2026-03-14,-191.5,Withdrawal,Invest,0.0
4157,1292,2026-05-04,1.62,Round-Up,Banking,0.38
4158,1144,2026-02-24,100.37,One-Time Deposit,Banking,0.0
4159,1456,2025-12-30,-64.04,Withdrawal,Banking,0.0
4160,1250,2026-05-04,1.64,Round-Up,Banking,0.36
4161,1396,2026-02-19,1.31,Round-Up,Banking,0.69
4162,1318,2025-10-27,46.87,Recurring Deposit,Banking,0.0
4163,1160,2026-01-03,169.87,Recurring Deposit,Banking,0.0
4164,1370,2025-09-19,95.25,One-Time Deposit,Banking,0.0
4165,1396,2026-04-09,84.16,One-Time Deposit,Banking,0.0
4166,1042,2026-02-13,118.01,Recurring Deposit,Banking,0.0
4167,1230,2025-12-12,137.93,Recurring Deposit,Invest,0.0
4168,1112,2026-02-22,1.5,Round-Up,Banking,0.5
4169,1049,2026-02-18,1.35,Round-Up,Banking,0.65
4170,1279,2026-03-29,221.32,One-Time Deposit,Banking,0.0
4171,1383,2025-11-23,73.11,Recurring Deposit,Banking,0.0
4172,1464,2026-04-22,49.2,Recurring Deposit,Invest,0.0
4173,1111,2026-03-02,-191.32,Withdrawal,Banking,0.0
4174,1202,2025-06-07,49.97,Recurring Deposit,Invest,0.0
4175,1117,2026-04-07,15.11,One-Time Deposit,Banking,0.0
4176,1259,2026-04-02,0.89,Round-Up,Banking,0.11
4177,1409,2025-10-26,63.74,Recurring Deposit,Invest,0.0
4178,1105,2026-04-21,47.09,Recurring Deposit,Invest,0.0
4179,1084,2025-10-26,245.49,One-Time Deposit,Banking,0.0
4180,1405,2025-12-25,2.06,Round-Up,Banking,0.94
4181,1476,2026-03-02,-226.34,Withdrawal,Invest,0.0
4182,1423,2025-08-12,48.66,One-Time Deposit,Invest,0.0
4183,1258,2026-04-13,2.19,Round-Up,Banking,0.81
4184,1299,2026-02-12,127.99,One-Time Deposit,Invest,0.0
4185,1329,2026-02-20,24.26,Recurring Deposit,Invest,0.0
4186,1014,2025-11-08,2.54,Round-Up,Invest,0.46
4187,1480,2025-12-20,223.56,Recurring Deposit,Invest,0.0
4188,1231,2025-06-16,1.36,Round-Up,Invest,0.64
4189,1390,2025-12-29,0.04,Round-Up,Invest,0.96
4190,1191,2025-12-22,2.38,Round-Up,Invest,0.62
4191,1324,2025-11-07,189.7,Recurring Deposit,Invest,0.0
4192,1374,2026-03-25,-179.91,Withdrawal,Banking,0.0
4193,1413,2025-11-08,11.52,Recurring Deposit,Banking,0.0
4194,1098,2026-04-20,-48.79,Withdrawal,Banking,0.0
4195,1183,2026-03-27,2.06,Round-Up,Banking,0.94
4196,1332,2026-04-18,2.74,Round-Up,Banking,0.26
4197,1021,2025-11-26,88.81,One-Time Deposit,Banking,0.0
4198,1187,2025-11-14,1.51,Round-Up,Invest,0.49
4199,1483,2026-02-22,7.96,Recurring Deposit,Invest,0.0
4200,1251,2026-05-04,179.23,Recurring Deposit,Banking,0.0
4201,1194,2026-01-24,-152.75,Withdrawal,Banking,0.0
4202,1112,2025-10-01,1.35,Round-Up,Banking,0.65
4203,1215,2026-03-15,226.64,One-Time Deposit,Invest,0.0
4204,1498,2025-12-30,40.89,One-Time Deposit,Invest,0.0
4205,1116,2026-03-12,1.42,Round-Up,Invest,0.58
4206,1241,2025-11-14,248.97,One-Time Deposit,Invest,0.0
4207,1473,2026-04-20,1.96,Round-Up,Banking,0.04
4208,1069,2026-01-10,1.42,Round-Up,Invest,0.58
4209,1487,2026-04-29,0.44,Round-Up,Invest,0.56
4210,1211,2026-04-23,1.53,Round-Up,Invest,0.47
4211,1132,2026-02-12,60.72,One-Time Deposit,Banking,0.0
4212,1363,2026-02-01,0.49,Round-Up,Invest,0.51
4213,1450,2025-07-10,2.07,Round-Up,Banking,0.93
4214,1222,2026-04-10,1.79,Round-Up,Invest,0.21
4215,1439,2025-12-04,2.25,Round-Up,Banking,0.75
4216,1096,2025-11-24,0.46,Round-Up,Invest,0.54
4217,1151,2026-03-21,2.83,Round-Up,Invest,0.17
4218,1022,2026-05-04,78.56,One-Time Deposit,Banking,0.0
4219,1426,2025-11-02,237.16,Recurring Deposit,Invest,0.0
4220,1366,2026-04-29,129.48,One-Time Deposit,Banking,0.0
4221,1184,2026-02-22,142.51,Recurring Deposit,Invest,0.0
4222,1263,2025-09-17,237.57,One-Time Deposit,Invest,0.0
4223,1326,2026-04-28,165.2,One-Time Deposit,Invest,0.0
4224,1459,2026-04-04,239.67,Recurring Deposit,Invest,0.0
4225,1003,2026-03-27,1.98,Round-Up,Banking,0.02
4226,1167,2025-07-21,212.43,Recurring Deposit,Invest,0.0
4227,1275,2026-04-19,2.21,Round-Up,Invest,0.79
4228,1273,2026-04-14,0.14,Round-Up,Invest,0.86
4229,1192,2026-03-01,214.63,Recurring Deposit,Banking,0.0
4230,1058,2025-08-19,2.0,Round-Up,Banking,0.0
4231,1359,2025-12-25,0.3,Round-Up,Banking,0.7
4232,1064,2025-08-31,2.92,Round-Up,Banking,0.08
4233,1498,2026-01-14,2.61,Round-Up,Banking,0.39
4234,1312,2026-05-01,1.88,Round-Up,Invest,0.12
4235,1065,2026-03-18,32.07,One-Time Deposit,Banking,0.0
4236,1187,2025-07-01,229.04,Recurring Deposit,Banking,0.0
4237,1372,2025-07-20,72.7,Recurring Deposit,Invest,0.0
4238,1027,2025-10-06,2.55,Round-Up,Invest,0.45
4239,1097,2026-04-28,-33.7,Withdrawal,Banking,0.0
4240,1374,2026-04-11,71.03,One-Time Deposit,Banking,0.0
4241,1139,2026-04-27,1.68,Round-Up,Invest,0.32
4242,1172,2025-05-13,124.33,Recurring Deposit,Banking,0.0
4243,1162,2025-09-03,5.02,Recurring Deposit,Invest,0.0
4244,1478,2026-05-04,222.72,Recurring Deposit,Banking,0.0
4245,1423,2025-08-10,1.83,Round-Up,Invest,0.17
4246,1493,2025-09-19,194.55,One-Time Deposit,Invest,0.0
4247,1081,2025-12-31,120.29,Recurring Deposit,Banking,0.0
4248,1310,2025-06-16,133.35,One-Time Deposit,Banking,0.0
4249,1438,2026-04-08,56.03,Recurring Deposit,Banking,0.0
4250,1481,2026-04-04,153.81,One-Time Deposit,Banking,0.0
4251,1022,2026-03-13,136.62,Recurring Deposit,Banking,0.0
4252,1027,2025-10-27,1.36,Round-Up,Invest,0.64
4253,1439,2026-01-24,63.34,One-Time Deposit,Banking,0.0
4254,1242,2026-03-01,0.99,Round-Up,Banking,0.01
4255,1209,2026-03-15,21.24,Recurring Deposit,Invest,0.0
4256,1066,2026-03-19,8.38,Recurring Deposit,Invest,0.0
4257,1428,2026-02-26,1.65,Round-Up,Banking,0.35
4258,1058,2025-12-29,171.52,Recurring Deposit,Banking,0.0
4259,1319,2025-08-09,1.73,Round-Up,Banking,0.27
4260,1068,2026-05-02,2.48,Round-Up,Invest,0.52
4261,1057,2026-03-02,0.39,Round-Up,Invest,0.61
4262,1285,2026-05-04,1.31,Round-Up,Invest,0.69
4263,1109,2026-04-04,1.83,Round-Up,Banking,0.17
4264,1012,2025-11-05,2.03,Round-Up,Banking,0.97
4265,1320,2026-04-10,186.66,Recurring Deposit,Banking,0.0
4266,1017,2026-05-03,148.25,Recurring Deposit,Banking,0.0
4267,1052,2026-04-20,72.64,One-Time Deposit,Banking,0.0
4268,1275,2025-11-24,0.29,Round-Up,Invest,0.71
4269,1348,2026-03-11,-66.72,Withdrawal,Invest,0.0
4270,1257,2026-01-24,226.21,Recurring Deposit,Banking,0.0
4271,1173,2026-03-18,2.98,Round-Up,Banking,0.02
4272,1179,2025-12-05,125.79,Recurring Deposit,Invest,0.0
4273,1020,2026-02-06,2.06,Round-Up,Banking,0.94
4274,1058,2026-01-07,138.96,One-Time Deposit,Banking,0.0
4275,1179,2025-11-18,85.49,One-Time Deposit,Invest,0.0
4276,1305,2026-03-04,2.99,Round-Up,Banking,0.01
4277,1217,2025-08-28,138.22,Recurring Deposit,Banking,0.0
4278,1339,2025-10-10,1.84,Round-Up,Invest,0.16
4279,1184,2026-02-11,0.25,Round-Up,Invest,0.75
4280,1029,2026-03-22,-153.12,Withdrawal,Invest,0.0
4281,1318,2025-07-12,-101.39,Withdrawal,Banking,0.0
4282,1188,2025-11-30,164.32,Recurring Deposit,Invest,0.0
4283,1286,2026-02-11,191.72,One-Time Deposit,Banking,0.0
4284,1324,2025-10-16,1.96,Round-Up,Banking,0.04
4285,1334,2025-09-01,121.68,Recurring Deposit,Invest,0.0
4286,1091,2025-12-11,2.28,Round-Up,Invest,0.72
4287,1392,2026-03-23,0.73,Round-Up,Banking,0.27
4288,1278,2026-04-08,198.8,One-Time Deposit,Banking,0.0
4289,1245,2026-02-08,0.89,Round-Up,Invest,0.11
4290,1405,2025-09-20,0.04,Round-Up,Banking,0.96
4291,1007,2025-08-11,1.9,Round-Up,Banking,0.1
4292,1425,2025-08-27,0.35,Round-Up,Invest,0.65
4293,1063,2025-05-26,1.98,Round-Up,Banking,0.02
4294,1499,2025-10-03,2.78,Round-Up,Banking,0.22
4295,1190,2026-03-28,2.91,Round-Up,Banking,0.09
4296,1284,2026-03-19,228.33,Recurring Deposit,Banking,0.0
4297,1293,2025-11-08,196.86,Recurring Deposit,Banking,0.0
4298,1371,2025-11-16,56.35,One-Time Deposit,Banking,0.0
4299,1271,2026-03-16,183.92,One-Time Deposit,Banking,0.0
4300,1075,2026-01-27,2.36,Round-Up,Invest,0.64
4301,1324,2025-08-30,0.23,Round-Up,Banking,0.77
4302,1016,2025-09-21,1.23,Round-Up,Invest,0.77
4303,1237,2026-02-04,167.28,One-Time Deposit,Banking,0.0
4304,1203,2026-04-21,154.51,Recurring Deposit,Invest,0.0
4305,1185,2026-05-02,195.34,One-Time Deposit,Banking,0.0
4306,1053,2026-01-15,2.06,Round-Up,Invest,0.94
4307,1317,2025-11-07,1.81,Round-Up,Banking,0.19
4308,1028,2026-04-30,177.93,Recurring Deposit,Banking,0.0
4309,1365,2025-09-03,2.81,Round-Up,Banking,0.19
4310,1131,2026-04-03,83.47,Recurring Deposit,Banking,0.0
4311,1401,2025-09-23,247.96,One-Time Deposit,Invest,0.0
4312,1236,2026-04-17,149.65,Recurring Deposit,Banking,0.0
4313,1434,2025-10-26,-179.13,Withdrawal,Banking,0.0
4314,1447,2026-01-24,-133.95,Withdrawal,Banking,0.0
4315,1344,2026-02-09,193.64,One-Time Deposit,Invest,0.0
4316,1349,2026-05-02,189.26,One-Time Deposit,Invest,0.0
4317,1430,2026-05-01,1.31,Round-Up,Invest,0.69
4318,1114,2026-04-23,-249.45,Withdrawal,Banking,0.0
4319,1208,2026-04-17,117.65,One-Time Deposit,Banking,0.0
4320,1280,2026-01-08,1.99,Round-Up,Invest,0.01
4321,1444,2025-12-14,1.5,Round-Up,Banking,0.5
4322,1220,2026-03-26,2.0,Round-Up,Invest,0.0
4323,1372,2025-07-14,117.01,One-Time Deposit,Invest,0.0
4324,1028,2026-03-07,242.45,One-Time Deposit,Banking,0.0
4325,1245,2026-02-10,2.82,Round-Up,Invest,0.18
4326,1266,2025-12-29,1.86,Round-Up,Invest,0.14
4327,1236,2026-03-28,-124.12,Withdrawal,Banking,0.0
4328,1010,2026-04-22,5.36,Recurring Deposit,Invest,0.0
4329,1344,2025-08-26,225.29,Recurring Deposit,Banking,0.0
4330,1290,2025-11-05,0.37,Round-Up,Invest,0.63
4331,1152,2026-04-19,68.14,Recurring Deposit,Banking,0.0
4332,1371,2025-11-10,205.98,One-Time Deposit,Banking,0.0
4333,1495,2025-12-29,1.76,Round-Up,Banking,0.24
4334,1234,2026-04-27,0.91,Round-Up,Banking,0.09
4335,1155,2026-03-23,1.92,Round-Up,Banking,0.08
4336,1403,2025-09-17,1.11,Round-Up,Banking,0.89
4337,1325,2025-10-14,-196.58,Withdrawal,Banking,0.0
4338,1334,2025-08-31,1.91,Round-Up,Banking,0.09
4339,1473,2026-02-28,0.65,Round-Up,Banking,0.35
4340,1391,2026-03-03,80.16,One-Time Deposit,Invest,0.0
4341,1424,2026-04-20,2.54,Round-Up,Invest,0.46
4342,1446,2026-04-28,127.61,One-Time Deposit,Banking,0.0
4343,1100,2025-12-04,1.61,Round-Up,Invest,0.39
4344,1075,2025-08-21,141.47,Recurring Deposit,Invest,0.0
4345,1270,2025-07-18,1.05,Round-Up,Banking,0.95
4346,1352,2025-12-12,124.01,One-Time Deposit,Banking,0.0
4347,1465,2026-05-03,87.01,Recurring Deposit,Invest,0.0
4348,1467,2025-07-09,52.83,Recurring Deposit,Invest,0.0
4349,1246,2026-04-28,164.09,Recurring Deposit,Banking,0.0
4350,1039,2025-12-25,169.99,One-Time Deposit,Banking,0.0
4351,1403,2026-04-30,0.92,Round-Up,Invest,0.08
4352,1008,2026-04-24,219.31,One-Time Deposit,Banking,0.0
4353,1451,2026-03-01,177.59,Recurring Deposit,Banking,0.0
4354,1433,2026-04-17,173.44,Recurring Deposit,Invest,0.0
4355,1379,2026-01-23,2.36,Round-Up,Invest,0.64
4356,1459,2026-03-23,0.15,Round-Up,Invest,0.85
4357,1412,2025-11-04,204.08,Recurring Deposit,Invest,0.0
4358,1338,2026-04-27,2.45,Round-Up,Invest,0.55
4359,1321,2026-04-16,1.87,Round-Up,Banking,0.13
4360,1350,2026-04-29,0.58,Round-Up,Banking,0.42
4361,1296,2026-01-06,52.81,One-Time Deposit,Banking,0.0
4362,1005,2026-04-08,-194.98,Withdrawal,Banking,0.0
4363,1122,2026-04-10,69.16,One-Time Deposit,Banking,0.0
4364,1407,2026-04-25,0.19,Round-Up,Banking,0.81
4365,1004,2026-02-20,1.79,Round-Up,Banking,0.21
4366,1413,2026-01-26,2.15,Round-Up,Banking,0.85
4367,1003,2026-04-03,183.43,One-Time Deposit,Banking,0.0
4368,1202,2025-06-11,93.61,One-Time Deposit,Banking,0.0
4369,1065,2026-04-01,0.84,Round-Up,Banking,0.16
4370,1334,2025-10-30,63.78,Recurring Deposit,Banking,0.0
4371,1451,2025-11-09,174.52,Recurring Deposit,Banking,0.0
4372,1367,2026-03-15,2.19,Round-Up,Banking,0.81
4373,1290,2025-07-16,2.46,Round-Up,Invest,0.54
4374,1438,2026-04-01,-61.92,Withdrawal,Invest,0.0
4375,1168,2025-07-07,0.3,Round-Up,Invest,0.7
4376,1449,2026-01-12,69.44,Recurring Deposit,Banking,0.0
4377,1241,2026-01-06,35.1,One-Time Deposit,Invest,0.0
4378,1351,2026-03-29,46.58,Recurring Deposit,Banking,0.0
4379,1012,2025-12-03,86.86,Recurring Deposit,Banking,0.0
4380,1306,2026-03-07,106.43,Recurring Deposit,Invest,0.0
4381,1124,2026-02-14,226.41,Recurring Deposit,Invest,0.0
4382,1274,2026-03-13,-52.93,Withdrawal,Banking,0.0
4383,1165,2025-11-04,243.08,One-Time Deposit,Banking,0.0
4384,1024,2026-02-07,0.02,Round-Up,Invest,0.98
4385,1390,2025-08-31,0.34,Round-Up,Invest,0.66
4386,1042,2026-04-02,232.71,Recurring Deposit,Banking,0.0
4387,1412,2025-12-16,189.54,Recurring Deposit,Invest,0.0
4388,1433,2026-04-26,2.54,Round-Up,Invest,0.46
4389,1490,2026-02-28,2.59,Round-Up,Banking,0.41
4390,1299,2026-03-30,130.06,Recurring Deposit,Invest,0.0
4391,1476,2026-03-06,0.74,Round-Up,Invest,0.26
4392,1040,2026-04-14,97.67,One-Time Deposit,Invest,0.0
4393,1292,2026-05-03,15.28,Recurring Deposit,Banking,0.0
4394,1311,2025-11-06,191.87,One-Time Deposit,Banking,0.0
4395,1372,2025-07-15,1.55,Round-Up,Invest,0.45
4396,1414,2025-06-16,2.21,Round-Up,Invest,0.79
4397,1120,2025-10-25,0.29,Round-Up,Banking,0.71
4398,1012,2025-11-17,0.9,Round-Up,Banking,0.1
4399,1009,2026-01-11,65.69,One-Time Deposit,Invest,0.0
4400,1223,2026-03-01,226.3,One-Time Deposit,Banking,0.0
4401,1321,2025-09-22,2.82,Round-Up,Banking,0.18
4402,1336,2025-12-23,2.97,Round-Up,Banking,0.03
4403,1418,2025-09-10,1.58,Round-Up,Banking,0.42
4404,1092,2026-03-16,-11.15,Withdrawal,Banking,0.0
4405,1426,2026-04-10,62.59,One-Time Deposit,Banking,0.0
4406,1112,2025-10-18,86.6,Recurring Deposit,Banking,0.0
4407,1465,2026-05-03,158.5,Recurring Deposit,Invest,0.0
4408,1448,2026-02-09,37.27,One-Time Deposit,Invest,0.0
4409,1175,2026-04-19,112.15,Recurring Deposit,Invest,0.0
4410,1312,2026-04-13,0.61,Round-Up,Invest,0.39
4411,1431,2026-02-28,214.55,Recurring Deposit,Invest,0.0
4412,1359,2026-02-27,2.2,Round-Up,Invest,0.8
4413,1006,2025-09-03,92.2,Recurring Deposit,Invest,0.0
4414,1374,2026-03-15,0.84,Round-Up,Banking,0.16
4415,1059,2026-02-18,228.71,Recurring Deposit,Banking,0.0
4416,1196,2026-04-24,1.15,Round-Up,Invest,0.85
4417,1492,2026-02-25,224.32,Recurring Deposit,Invest,0.0
4418,1241,2025-10-30,2.14,Round-Up,Invest,0.86
4419,1002,2026-02-19,211.03,Recurring Deposit,Banking,0.0
4420,1261,2026-03-25,196.08,One-Time Deposit,Invest,0.0
4421,1248,2026-04-29,0.44,Round-Up,Invest,0.56
4422,1319,2025-09-29,81.34,One-Time Deposit,Banking,0.0
4423,1414,2025-12-14,-228.38,Withdrawal,Invest,0.0
4424,1289,2026-04-21,0.45,Round-Up,Invest,0.55
4425,1175,2026-03-08,-160.35,Withdrawal,Invest,0.0
4426,1093,2025-10-04,108.92,One-Time Deposit,Banking,0.0
4427,1296,2025-11-16,109.77,Recurring Deposit,Banking,0.0
4428,1261,2026-03-18,2.37,Round-Up,Invest,0.63
4429,1184,2026-04-07,92.2,One-Time Deposit,Invest,0.0
4430,1370,2025-09-28,199.22,Recurring Deposit,Banking,0.0
4431,1379,2025-11-28,2.67,Round-Up,Invest,0.33
4432,1314,2026-01-09,173.99,One-Time Deposit,Banking,0.0
4433,1207,2025-09-30,0.62,Round-Up,Banking,0.38
4434,1212,2026-03-11,2.12,Round-Up,Banking,0.88
4435,1275,2026-02-02,166.74,One-Time Deposit,Invest,0.0
4436,1461,2025-11-20,53.31,Recurring Deposit,Banking,0.0
4437,1205,2026-04-16,188.87,One-Time Deposit,Invest,0.0
4438,1061,2025-12-17,1.44,Round-Up,Invest,0.56
4439,1327,2026-03-14,1.54,Round-Up,Banking,0.46
4440,1293,2026-03-26,1.21,Round-Up,Banking,0.79
4441,1351,2026-02-14,140.61,One-Time Deposit,Banking,0.0
4442,1242,2026-02-19,51.3,Recurring Deposit,Banking,0.0
4443,1188,2026-04-06,90.35,Recurring Deposit,Banking,0.0
4444,1034,2026-04-12,1.76,Round-Up,Banking,0.24
4445,1360,2026-04-13,74.83,Recurring Deposit,Invest,0.0
4446,1364,2026-04-21,43.11,One-Time Deposit,Invest,0.0
4447,1395,2026-04-24,248.18,Recurring Deposit,Invest,0.0
4448,1409,2026-03-14,2.72,Round-Up,Banking,0.28
4449,1386,2026-02-28,171.66,Recurring Deposit,Banking,0.0
4450,1018,2026-03-25,0.66,Round-Up,Invest,0.34
4451,1402,2026-01-10,0.38,Round-Up,Invest,0.62
4452,1014,2025-08-21,1.56,Round-Up,Invest,0.44
4453,1467,2025-09-23,1.65,Round-Up,Invest,0.35
4454,1159,2026-05-01,1.01,Round-Up,Banking,0.99
4455,1026,2026-01-11,1.89,Round-Up,Banking,0.11
4456,1444,2026-03-16,0.22,Round-Up,Banking,0.78
4457,1004,2026-02-25,247.36,Recurring Deposit,Banking,0.0
4458,1351,2026-03-21,1.64,Round-Up,Banking,0.36
4459,1169,2026-03-13,209.41,One-Time Deposit,Invest,0.0
4460,1174,2026-04-02,2.64,Round-Up,Invest,0.36
4461,1387,2026-02-05,-150.73,Withdrawal,Invest,0.0
4462,1377,2026-01-15,-96.89,Withdrawal,Invest,0.0
4463,1115,2025-12-31,1.18,Round-Up,Banking,0.82
4464,1070,2026-04-17,43.92,One-Time Deposit,Invest,0.0
4465,1066,2025-11-06,2.3,Round-Up,Banking,0.7
4466,1221,2025-09-16,-138.95,Withdrawal,Invest,0.0
4467,1042,2026-04-25,51.39,One-Time Deposit,Banking,0.0
4468,1295,2026-04-01,1.52,Round-Up,Invest,0.48
4469,1321,2026-04-25,1.78,Round-Up,Banking,0.22
4470,1214,2025-12-30,2.28,Round-Up,Invest,0.72
4471,1073,2025-07-18,1.83,Round-Up,Invest,0.17
4472,1022,2026-04-26,229.44,Recurring Deposit,Banking,0.0
4473,1031,2026-04-20,145.95,One-Time Deposit,Invest,0.0
4474,1235,2025-11-15,2.85,Round-Up,Invest,0.15
4475,1039,2026-01-15,1.14,Round-Up,Banking,0.86
4476,1035,2026-01-09,1.74,Round-Up,Banking,0.26
4477,1109,2026-01-14,0.27,Round-Up,Invest,0.73
4478,1287,2026-04-19,241.96,Recurring Deposit,Invest,0.0
4479,1461,2025-09-29,1.24,Round-Up,Banking,0.76
4480,1345,2026-04-01,111.55,One-Time Deposit,Banking,0.0
4481,1044,2026-05-02,1.55,Round-Up,Invest,0.45
4482,1102,2025-12-27,2.2,Round-Up,Banking,0.8
4483,1405,2026-01-04,199.57,One-Time Deposit,Banking,0.0
4484,1123,2026-04-05,156.34,One-Time Deposit,Invest,0.0
4485,1455,2026-04-25,2.7,Round-Up,Banking,0.3
4486,1021,2025-08-05,210.51,One-Time Deposit,Invest,0.0
4487,1477,2025-09-04,50.84,One-Time Deposit,Banking,0.0
4488,1139,2026-04-23,1.31,Round-Up,Invest,0.69
4489,1171,2026-03-21,97.28,One-Time Deposit,Invest,0.0
4490,1344,2026-02-09,156.03,Recurring Deposit,Invest,0.0
4491,1370,2025-10-04,1.39,Round-Up,Banking,0.61
4492,1435,2026-03-28,89.44,One-Time Deposit,Invest,0.0
4493,1313,2026-04-27,0.77,Round-Up,Banking,0.23
4494,1472,2026-03-17,2.26,Round-Up,Banking,0.74
4495,1223,2025-11-13,226.63,One-Time Deposit,Banking,0.0
4496,1261,2026-04-28,145.91,Recurring Deposit,Invest,0.0
4497,1441,2025-09-18,232.5,Recurring Deposit,Invest,0.0
4498,1098,2026-04-14,2.49,Round-Up,Banking,0.51
4499,1422,2026-03-04,2.38,Round-Up,Invest,0.62
4500,1095,2026-04-01,143.46,One-Time Deposit,Banking,0.0
4501,1497,2026-01-23,1.08,Round-Up,Banking,0.92
4502,1246,2026-04-20,59.28,Recurring Deposit,Banking,0.0
4503,1500,2026-04-12,216.1,Recurring Deposit,Invest,0.0
4504,1299,2026-02-17,-150.02,Withdrawal,Invest,0.0
4505,1233,2026-03-19,2.57,Round-Up,Invest,0.43
4506,1148,2025-07-22,2.86,Round-Up,Invest,0.14
4507,1186,2026-04-17,192.72,Recurring Deposit,Invest,0.0
4508,1290,2026-03-10,81.14,Recurring Deposit,Invest,0.0
4509,1356,2025-08-08,202.28,Recurring Deposit,Invest,0.0
4510,1201,2026-03-11,2.13,Round-Up,Banking,0.87
4511,1387,2025-11-24,72.28,One-Time Deposit,Invest,0.0
4512,1352,2026-02-24,238.43,One-Time Deposit,Invest,0.0
4513,1005,2026-02-28,1.08,Round-Up,Invest,0.92
4514,1026,2026-02-18,246.49,One-Time Deposit,Banking,0.0
4515,1166,2025-09-01,94.3,One-Time Deposit,Banking,0.0
4516,1253,2026-03-21,0.05,Round-Up,Banking,0.95
4517,1012,2025-09-16,1.06,Round-Up,Banking,0.94
4518,1139,2026-04-16,173.45,One-Time Deposit,Invest,0.0
4519,1172,2025-05-30,14.39,One-Time Deposit,Banking,0.0
4520,1170,2026-04-06,76.47,Recurring Deposit,Banking,0.0
4521,1184,2026-03-29,2.68,Round-Up,Invest,0.32
4522,1352,2025-12-22,2.52,Round-Up,Banking,0.48
4523,1150,2026-04-25,-240.36,Withdrawal,Invest,0.0
4524,1383,2026-02-22,-57.31,Withdrawal,Banking,0.0
4525,1314,2026-04-22,0.59,Round-Up,Banking,0.41
4526,1174,2026-03-05,175.91,Recurring Deposit,Invest,0.0
4527,1013,2025-10-19,1.65,Round-Up,Banking,0.35
4528,1198,2025-09-03,0.56,Round-Up,Invest,0.44
4529,1260,2026-02-20,2.52,Round-Up,Banking,0.48
4530,1093,2025-08-26,1.19,Round-Up,Banking,0.81
4531,1052,2026-02-24,171.83,Recurring Deposit,Banking,0.0
4532,1118,2025-09-06,28.23,Recurring Deposit,Banking,0.0
4533,1498,2025-12-27,-159.76,Withdrawal,Invest,0.0
4534,1134,2026-04-17,220.37,Recurring Deposit,Banking,0.0
4535,1048,2025-12-19,2.68,Round-Up,Banking,0.32
4536,1306,2025-10-11,185.74,Recurring Deposit,Invest,0.0
4537,1244,2026-02-11,-11.22,Withdrawal,Banking,0.0
4538,1004,2026-05-01,231.92,Recurring Deposit,Banking,0.0
4539,1267,2026-02-16,245.81,Recurring Deposit,Invest,0.0
4540,1173,2026-05-01,-91.77,Withdrawal,Banking,0.0
4541,1219,2026-03-18,1.83,Round-Up,Invest,0.17
4542,1010,2026-04-28,166.35,Recurring Deposit,Banking,0.0
4543,1380,2026-01-12,12.31,Recurring Deposit,Banking,0.0
4544,1247,2026-01-08,-123.21,Withdrawal,Banking,0.0
4545,1138,2026-03-22,1.29,Round-Up,Invest,0.71
4546,1045,2025-12-20,120.97,One-Time Deposit,Banking,0.0
4547,1336,2025-12-24,9.48,Recurring Deposit,Banking,0.0
4548,1492,2026-03-17,1.53,Round-Up,Invest,0.47
4549,1112,2025-11-19,8.91,One-Time Deposit,Banking,0.0
4550,1097,2026-04-29,1.03,Round-Up,Banking,0.97
4551,1306,2025-08-12,0.54,Round-Up,Invest,0.46
4552,1175,2026-04-23,2.82,Round-Up,Invest,0.18
4553,1482,2025-12-20,163.43,One-Time Deposit,Invest,0.0
4554,1262,2025-07-23,2.4,Round-Up,Banking,0.6
4555,1215,2026-02-08,72.94,One-Time Deposit,Invest,0.0
4556,1082,2026-01-22,2.37,Round-Up,Banking,0.63
4557,1496,2025-10-08,2.81,Round-Up,Invest,0.19
4558,1292,2026-05-02,1.87,Round-Up,Banking,0.13
4559,1250,2026-05-04,2.69,Round-Up,Banking,0.31
4560,1219,2025-12-24,129.4,One-Time Deposit,Invest,0.0
4561,1101,2025-07-31,184.27,Recurring Deposit,Banking,0.0
4562,1471,2026-03-18,2.32,Round-Up,Invest,0.68
4563,1049,2026-01-10,0.82,Round-Up,Banking,0.18
4564,1022,2026-03-12,172.71,Recurring Deposit,Banking,0.0
4565,1370,2025-09-09,2.34,Round-Up,Banking,0.66
4566,1064,2025-08-23,-28.77,Withdrawal,Banking,0.0
4567,1004,2026-03-09,49.44,Recurring Deposit,Banking,0.0
4568,1139,2026-04-16,2.05,Round-Up,Invest,0.95
4569,1153,2026-02-03,0.92,Round-Up,Banking,0.08
4570,1162,2025-08-28,193.09,One-Time Deposit,Invest,0.0
4571,1311,2026-01-19,1.39,Round-Up,Banking,0.61
4572,1290,2026-01-30,1.8,Round-Up,Invest,0.2
4573,1007,2025-09-15,1.25,Round-Up,Banking,0.75
4574,1291,2026-04-12,10.05,Recurring Deposit,Banking,0.0
4575,1268,2026-05-01,102.64,One-Time Deposit,Invest,0.0
4576,1489,2026-05-02,0.24,Round-Up,Invest,0.76
4577,1145,2026-02-03,102.88,Recurring Deposit,Banking,0.0
4578,1460,2026-03-18,2.55,Round-Up,Invest,0.45
4579,1463,2025-12-14,244.16,One-Time Deposit,Banking,0.0
4580,1119,2025-10-26,0.21,Round-Up,Invest,0.79
4581,1248,2026-01-22,40.53,One-Time Deposit,Invest,0.0
4582,1252,2026-01-15,-98.02,Withdrawal,Banking,0.0
4583,1448,2026-04-17,0.48,Round-Up,Invest,0.52
4584,1120,2025-11-15,0.82,Round-Up,Banking,0.18
4585,1499,2025-09-02,0.7,Round-Up,Banking,0.3
4586,1012,2026-01-06,1.2,Round-Up,Banking,0.8
4587,1065,2026-04-15,0.68,Round-Up,Banking,0.32
4588,1457,2025-12-28,200.98,Recurring Deposit,Banking,0.0
4589,1314,2026-02-19,-213.5,Withdrawal,Banking,0.0
4590,1259,2025-08-29,1.84,Round-Up,Banking,0.16
4591,1096,2025-09-17,218.46,One-Time Deposit,Invest,0.0
4592,1217,2025-09-10,165.25,One-Time Deposit,Banking,0.0
4593,1238,2026-02-11,75.98,One-Time Deposit,Banking,0.0
4594,1052,2026-02-06,2.8,Round-Up,Banking,0.2
4595,1015,2025-09-05,0.88,Round-Up,Invest,0.12
4596,1239,2026-02-04,145.74,One-Time Deposit,Invest,0.0
4597,1410,2025-11-05,2.2,Round-Up,Banking,0.8
4598,1250,2026-05-03,69.07,Recurring Deposit,Banking,0.0
4599,1088,2026-03-28,106.93,Recurring Deposit,Invest,0.0
4600,1370,2025-06-29,1.48,Round-Up,Banking,0.52
4601,1294,2026-04-23,2.04,Round-Up,Invest,0.96
4602,1363,2026-02-22,-126.52,Withdrawal,Invest,0.0
4603,1073,2025-07-19,57.14,One-Time Deposit,Invest,0.0
4604,1393,2025-09-11,169.84,Recurring Deposit,Invest,0.0
4605,1232,2026-01-21,0.96,Round-Up,Invest,0.04
4606,1388,2025-09-09,20.11,One-Time Deposit,Banking,0.0
4607,1442,2025-11-03,99.3,One-Time Deposit,Banking,0.0
4608,1155,2026-02-09,105.41,Recurring Deposit,Banking,0.0
4609,1401,2025-12-14,1.47,Round-Up,Invest,0.53
4610,1266,2026-04-29,0.02,Round-Up,Invest,0.98
4611,1057,2026-05-01,1.95,Round-Up,Invest,0.05
4612,1114,2026-04-26,45.03,Recurring Deposit,Banking,0.0
4613,1492,2026-03-25,-103.85,Withdrawal,Invest,0.0
4614,1351,2026-03-29,-226.63,Withdrawal,Invest,0.0
4615,1378,2026-05-02,-59.98,Withdrawal,Banking,0.0
4616,1025,2026-04-13,0.68,Round-Up,Banking,0.32
4617,1079,2026-02-13,2.81,Round-Up,Invest,0.19
4618,1227,2026-02-24,1.3,Round-Up,Banking,0.7
4619,1380,2026-04-01,0.14,Round-Up,Banking,0.86
4620,1358,2026-04-22,234.57,Recurring Deposit,Banking,0.0
4621,1178,2026-04-19,109.86,Recurring Deposit,Invest,0.0
4622,1447,2026-04-19,1.77,Round-Up,Banking,0.23
4623,1383,2025-09-06,152.6,One-Time Deposit,Invest,0.0
4624,1452,2025-12-21,-39.55,Withdrawal,Banking,0.0
4625,1310,2026-02-14,235.19,One-Time Deposit,Banking,0.0
4626,1203,2026-04-28,2.41,Round-Up,Invest,0.59
4627,1228,2026-01-13,15.97,One-Time Deposit,Banking,0.0
4628,1392,2025-08-19,1.38,Round-Up,Banking,0.62
4629,1286,2026-01-28,87.23,One-Time Deposit,Banking,0.0
4630,1224,2026-03-22,1.31,Round-Up,Banking,0.69
4631,1277,2026-03-26,2.38,Round-Up,Invest,0.62
4632,1143,2025-12-18,-89.96,Withdrawal,Banking,0.0
4633,1339,2025-08-09,159.14,One-Time Deposit,Invest,0.0
4634,1418,2025-08-12,6.65,One-Time Deposit,Banking,0.0
4635,1200,2026-04-26,-245.6,Withdrawal,Banking,0.0
4636,1033,2026-03-14,1.99,Round-Up,Invest,0.01
4637,1130,2026-03-17,2.72,Round-Up,Invest,0.28
4638,1109,2026-01-09,180.37,Recurring Deposit,Banking,0.0
4639,1008,2026-04-29,1.45,Round-Up,Banking,0.55
4640,1303,2026-05-03,32.37,Recurring Deposit,Banking,0.0
4641,1498,2025-12-28,0.97,Round-Up,Invest,0.03
4642,1085,2025-10-22,2.9,Round-Up,Invest,0.1
4643,1392,2025-12-11,46.22,One-Time Deposit,Banking,0.0
4644,1157,2026-04-25,2.71,Round-Up,Invest,0.29
4645,1009,2026-02-19,108.1,Recurring Deposit,Invest,0.0
4646,1412,2026-04-09,136.76,One-Time Deposit,Invest,0.0
4647,1019,2026-02-17,-16.6,Withdrawal,Invest,0.0
4648,1247,2026-03-30,216.01,Recurring Deposit,Banking,0.0
4649,1296,2026-01-05,0.08,Round-Up,Invest,0.92
4650,1279,2026-01-21,93.24,Recurring Deposit,Invest,0.0
4651,1048,2026-01-11,22.62,One-Time Deposit,Banking,0.0
4652,1421,2025-12-20,38.51,Recurring Deposit,Banking,0.0
4653,1336,2026-01-23,168.12,Recurring Deposit,Invest,0.0
4654,1128,2026-02-28,174.68,One-Time Deposit,Banking,0.0
4655,1154,2026-03-01,170.86,One-Time Deposit,Banking,0.0
4656,1371,2025-09-12,140.27,One-Time Deposit,Banking,0.0
4657,1175,2026-03-17,0.36,Round-Up,Invest,0.64
4658,1353,2026-03-13,0.73,Round-Up,Banking,0.27
4659,1073,2025-07-18,115.11,One-Time Deposit,Invest,0.0
4660,1290,2025-07-27,1.66,Round-Up,Invest,0.34
4661,1225,2025-10-24,2.62,Round-Up,Invest,0.38
4662,1292,2026-05-02,1.54,Round-Up,Banking,0.46
4663,1124,2026-02-26,82.15,One-Time Deposit,Invest,0.0
4664,1276,2025-10-27,1.69,Round-Up,Banking,0.31
4665,1329,2025-07-29,55.5,Recurring Deposit,Invest,0.0
4666,1418,2026-04-30,0.41,Round-Up,Banking,0.59
4667,1398,2026-04-10,249.93,One-Time Deposit,Banking,0.0
4668,1191,2025-09-06,0.57,Round-Up,Invest,0.43
4669,1134,2026-03-31,211.37,Recurring Deposit,Banking,0.0
4670,1426,2026-02-18,1.78,Round-Up,Invest,0.22
4671,1292,2026-05-03,-249.04,Withdrawal,Banking,0.0
4672,1274,2026-03-22,-88.97,Withdrawal,Banking,0.0
4673,1499,2025-07-11,190.23,Recurring Deposit,Banking,0.0
4674,1019,2025-10-05,-61.06,Withdrawal,Invest,0.0
4675,1327,2026-01-04,0.73,Round-Up,Banking,0.27
4676,1129,2025-09-05,177.69,One-Time Deposit,Invest,0.0
4677,1156,2026-04-10,186.57,Recurring Deposit,Invest,0.0
4678,1387,2025-11-08,55.76,Recurring Deposit,Invest,0.0
4679,1476,2026-03-25,212.94,Recurring Deposit,Banking,0.0
4680,1433,2026-05-02,108.14,Recurring Deposit,Invest,0.0
4681,1013,2025-11-23,-58.01,Withdrawal,Invest,0.0
4682,1211,2026-04-29,2.59,Round-Up,Invest,0.41
4683,1380,2026-01-04,216.52,Recurring Deposit,Banking,0.0
4684,1108,2026-05-02,241.94,Recurring Deposit,Invest,0.0
4685,1148,2026-02-15,188.31,Recurring Deposit,Banking,0.0
4686,1025,2026-05-01,2.76,Round-Up,Banking,0.24
4687,1366,2026-04-13,38.0,Recurring Deposit,Banking,0.0
4688,1115,2026-01-12,-23.69,Withdrawal,Banking,0.0
4689,1140,2026-04-14,0.02,Round-Up,Banking,0.98
4690,1271,2026-03-25,98.84,One-Time Deposit,Invest,0.0
4691,1338,2026-02-08,0.84,Round-Up,Invest,0.16
4692,1208,2026-03-20,-32.85,Withdrawal,Banking,0.0
4693,1399,2026-03-12,221.15,One-Time Deposit,Banking,0.0
4694,1327,2026-04-19,0.97,Round-Up,Banking,0.03
4695,1227,2026-01-18,2.91,Round-Up,Banking,0.09
4696,1045,2026-02-10,96.03,Recurring Deposit,Banking,0.0
4697,1001,2026-04-26,1.28,Round-Up,Invest,0.72
4698,1485,2026-02-27,82.82,One-Time Deposit,Banking,0.0
4699,1424,2025-10-17,-112.41,Withdrawal,Invest,0.0
4700,1261,2026-03-22,154.54,Recurring Deposit,Invest,0.0
4701,1015,2025-10-28,1.94,Round-Up,Invest,0.06
4702,1343,2026-05-02,-210.29,Withdrawal,Banking,0.0
4703,1357,2026-02-10,225.53,Recurring Deposit,Invest,0.0
4704,1462,2026-01-23,0.31,Round-Up,Banking,0.69
4705,1405,2026-04-14,0.43,Round-Up,Banking,0.57
4706,1160,2025-12-15,0.49,Round-Up,Banking,0.51
4707,1203,2026-05-01,185.08,Recurring Deposit,Invest,0.0
4708,1467,2025-10-03,2.05,Round-Up,Invest,0.95
4709,1202,2025-09-05,1.97,Round-Up,Banking,0.03
4710,1180,2025-06-23,23.62,Recurring Deposit,Banking,0.0
4711,1025,2026-05-01,21.57,One-Time Deposit,Banking,0.0
4712,1318,2025-08-11,42.51,Recurring Deposit,Banking,0.0
4713,1132,2026-01-30,41.13,Recurring Deposit,Invest,0.0
4714,1450,2025-09-07,0.44,Round-Up,Banking,0.56
4715,1316,2026-01-06,43.56,Recurring Deposit,Banking,0.0
4716,1322,2026-01-10,0.4,Round-Up,Banking,0.6
4717,1394,2026-03-13,146.63,One-Time Deposit,Invest,0.0
4718,1278,2026-02-22,95.22,One-Time Deposit,Banking,0.0
4719,1320,2026-03-25,1.98,Round-Up,Banking,0.02
4720,1401,2025-09-08,-149.8,Withdrawal,Invest,0.0
4721,1005,2026-01-26,33.55,One-Time Deposit,Banking,0.0
4722,1125,2026-03-18,1.19,Round-Up,Banking,0.81
4723,1135,2026-03-29,-201.68,Withdrawal,Banking,0.0
4724,1482,2026-01-17,138.27,One-Time Deposit,Invest,0.0
4725,1434,2025-12-17,41.65,Recurring Deposit,Banking,0.0
4726,1059,2026-02-10,197.78,One-Time Deposit,Banking,0.0
4727,1456,2026-03-01,80.42,Recurring Deposit,Banking,0.0
4728,1307,2026-04-11,1.24,Round-Up,Banking,0.76
4729,1280,2026-01-02,2.46,Round-Up,Invest,0.54
4730,1187,2025-12-15,231.05,One-Time Deposit,Invest,0.0
4731,1409,2026-02-26,1.54,Round-Up,Banking,0.46
4732,1027,2025-10-22,226.87,Recurring Deposit,Invest,0.0
4733,1089,2026-03-24,1.73,Round-Up,Banking,0.27
4734,1046,2026-02-23,2.7,Round-Up,Invest,0.3
4735,1195,2025-11-19,2.34,Round-Up,Invest,0.66
4736,1421,2025-11-17,51.7,Recurring Deposit,Banking,0.0
4737,1108,2026-04-20,82.57,Recurring Deposit,Banking,0.0
4738,1402,2026-03-01,1.08,Round-Up,Invest,0.92
4739,1474,2026-03-31,86.4,One-Time Deposit,Banking,0.0
4740,1332,2026-02-04,0.95,Round-Up,Banking,0.05
4741,1141,2026-05-02,185.4,One-Time Deposit,Banking,0.0
4742,1450,2025-07-29,1.1,Round-Up,Banking,0.9
4743,1327,2026-01-16,238.96,One-Time Deposit,Banking,0.0
4744,1266,2026-04-21,182.48,One-Time Deposit,Banking,0.0
4745,1430,2026-04-22,-175.23,Withdrawal,Invest,0.0
4746,1456,2026-03-01,0.3,Round-Up,Banking,0.7
4747,1316,2026-03-26,221.33,Recurring Deposit,Invest,0.0
4748,1391,2026-04-23,77.58,One-Time Deposit,Banking,0.0
4749,1495,2025-10-23,-78.52,Withdrawal,Banking,0.0
4750,1142,2025-10-07,2.48,Round-Up,Banking,0.52
4751,1392,2025-10-05,2.99,Round-Up,Invest,0.01
4752,1031,2026-05-04,228.44,Recurring Deposit,Invest,0.0
4753,1248,2026-04-01,0.06,Round-Up,Invest,0.94
4754,1378,2026-05-01,0.69,Round-Up,Invest,0.31
4755,1219,2026-04-07,2.92,Round-Up,Invest,0.08
4756,1381,2025-07-26,81.52,Recurring Deposit,Invest,0.0
4757,1248,2026-01-21,1.7,Round-Up,Invest,0.3
4758,1142,2025-10-27,245.83,Recurring Deposit,Banking,0.0
4759,1218,2026-03-17,168.37,One-Time Deposit,Banking,0.0
4760,1247,2026-03-23,0.07,Round-Up,Banking,0.93
4761,1166,2025-09-04,1.84,Round-Up,Banking,0.16
4762,1165,2025-11-07,0.08,Round-Up,Banking,0.92
4763,1250,2026-05-04,213.6,One-Time Deposit,Banking,0.0
4764,1234,2026-04-26,50.3,Recurring Deposit,Invest,0.0
4765,1471,2026-03-20,30.58,One-Time Deposit,Invest,0.0
4766,1239,2026-02-16,0.47,Round-Up,Invest,0.53
4767,1181,2026-01-25,129.21,Recurring Deposit,Banking,0.0
4768,1261,2026-04-02,221.75,Recurring Deposit,Invest,0.0
4769,1389,2026-04-12,15.38,Recurring Deposit,Invest,0.0
4770,1452,2025-11-03,57.02,Recurring Deposit,Banking,0.0
4771,1027,2025-09-02,0.27,Round-Up,Invest,0.73
4772,1397,2026-03-12,207.34,Recurring Deposit,Banking,0.0
4773,1449,2025-09-25,1.65,Round-Up,Banking,0.35
4774,1262,2026-02-25,2.77,Round-Up,Banking,0.23
4775,1129,2025-08-29,36.8,Recurring Deposit,Invest,0.0
4776,1079,2026-01-10,-102.32,Withdrawal,Invest,0.0
4777,1001,2026-04-06,246.26,Recurring Deposit,Banking,0.0
4778,1087,2025-10-01,0.37,Round-Up,Invest,0.63
4779,1367,2026-05-01,2.96,Round-Up,Banking,0.04
4780,1133,2026-02-15,178.77,One-Time Deposit,Invest,0.0
4781,1353,2026-05-02,238.06,Recurring Deposit,Banking,0.0
4782,1353,2026-01-14,2.31,Round-Up,Banking,0.69
4783,1411,2025-11-06,38.53,Recurring Deposit,Invest,0.0
4784,1031,2026-05-01,2.18,Round-Up,Invest,0.82
4785,1463,2025-12-08,240.23,Recurring Deposit,Banking,0.0
4786,1318,2025-11-17,-175.82,Withdrawal,Banking,0.0
4787,1249,2026-04-30,0.83,Round-Up,Banking,0.17
4788,1239,2025-12-04,1.21,Round-Up,Invest,0.79
4789,1050,2025-12-10,28.63,Recurring Deposit,Invest,0.0
4790,1085,2026-03-03,46.38,One-Time Deposit,Invest,0.0
4791,1056,2025-08-30,245.75,Recurring Deposit,Invest,0.0
4792,1168,2025-06-13,125.83,One-Time Deposit,Invest,0.0
4793,1023,2026-04-21,1.54,Round-Up,Banking,0.46
4794,1244,2025-10-05,239.06,Recurring Deposit,Banking,0.0
4795,1031,2026-04-28,2.46,Round-Up,Invest,0.54
4796,1479,2026-04-16,-209.89,Withdrawal,Banking,0.0
4797,1122,2026-04-21,0.7,Round-Up,Banking,0.3
4798,1241,2026-01-07,29.92,Recurring Deposit,Invest,0.0
4799,1383,2025-12-10,2.39,Round-Up,Banking,0.61
4800,1222,2026-01-28,0.96,Round-Up,Invest,0.04
4801,1114,2026-04-20,1.94,Round-Up,Banking,0.06
4802,1022,2026-02-14,211.24,Recurring Deposit,Banking,0.0
4803,1385,2026-04-02,62.69,One-Time Deposit,Banking,0.0
4804,1458,2026-05-03,101.5,Recurring Deposit,Banking,0.0
4805,1231,2025-11-01,2.73,Round-Up,Invest,0.27
4806,1057,2026-03-08,225.21,Recurring Deposit,Invest,0.0
4807,1234,2026-04-30,128.6,Recurring Deposit,Invest,0.0
4808,1106,2026-03-12,2.56,Round-Up,Invest,0.44
4809,1184,2026-04-22,2.88,Round-Up,Invest,0.12
4810,1202,2025-09-08,16.98,One-Time Deposit,Banking,0.0
4811,1341,2026-01-28,1.69,Round-Up,Banking,0.31
4812,1113,2026-04-22,1.25,Round-Up,Banking,0.75
4813,1494,2026-04-26,173.56,Recurring Deposit,Invest,0.0
4814,1314,2026-04-28,1.27,Round-Up,Banking,0.73
4815,1460,2026-04-04,219.63,Recurring Deposit,Invest,0.0
4816,1465,2026-04-17,-127.14,Withdrawal,Banking,0.0
4817,1118,2025-07-15,59.35,One-Time Deposit,Banking,0.0
4818,1125,2026-05-01,202.26,One-Time Deposit,Banking,0.0
4819,1293,2025-11-04,1.59,Round-Up,Banking,0.41
4820,1077,2025-12-17,234.24,Recurring Deposit,Banking,0.0
4821,1084,2025-09-17,0.61,Round-Up,Banking,0.39
4822,1007,2025-08-27,46.09,One-Time Deposit,Banking,0.0
4823,1310,2025-09-26,-125.86,Withdrawal,Banking,0.0
4824,1264,2026-05-04,17.38,One-Time Deposit,Invest,0.0
4825,1169,2026-03-04,13.92,Recurring Deposit,Invest,0.0
4826,1487,2026-04-22,1.26,Round-Up,Invest,0.74
4827,1327,2025-10-17,2.03,Round-Up,Banking,0.97
4828,1410,2025-08-10,7.29,Recurring Deposit,Banking,0.0
4829,1014,2025-11-19,0.98,Round-Up,Invest,0.02
4830,1077,2025-11-24,121.96,Recurring Deposit,Invest,0.0
4831,1177,2026-03-10,1.96,Round-Up,Banking,0.04
4832,1114,2026-03-21,38.19,Recurring Deposit,Banking,0.0
4833,1500,2025-12-11,2.48,Round-Up,Invest,0.52
4834,1267,2025-10-19,179.03,One-Time Deposit,Invest,0.0
4835,1040,2026-05-04,170.51,One-Time Deposit,Invest,0.0
4836,1279,2026-04-28,101.47,One-Time Deposit,Banking,0.0
4837,1500,2026-01-19,1.74,Round-Up,Invest,0.26
4838,1456,2026-02-27,127.37,One-Time Deposit,Banking,0.0
4839,1469,2026-04-29,1.22,Round-Up,Invest,0.78
4840,1403,2025-08-27,2.46,Round-Up,Banking,0.54
4841,1185,2026-05-02,0.55,Round-Up,Invest,0.45
4842,1155,2026-04-30,27.8,One-Time Deposit,Invest,0.0
4843,1248,2026-01-24,2.84,Round-Up,Invest,0.16
4844,1182,2026-04-17,-187.04,Withdrawal,Invest,0.0
4845,1416,2026-04-24,81.68,One-Time Deposit,Banking,0.0
4846,1165,2025-10-02,2.19,Round-Up,Banking,0.81
4847,1254,2025-06-23,224.33,One-Time Deposit,Invest,0.0
4848,1226,2025-07-10,48.5,Recurring Deposit,Banking,0.0
4849,1357,2026-01-31,2.46,Round-Up,Invest,0.54
4850,1377,2026-03-23,179.81,Recurring Deposit,Banking,0.0
4851,1180,2025-09-24,102.12,One-Time Deposit,Banking,0.0
4852,1385,2026-05-04,2.42,Round-Up,Banking,0.58
4853,1069,2026-01-20,60.8,Recurring Deposit,Invest,0.0
4854,1067,2026-03-07,0.14,Round-Up,Banking,0.86
4855,1087,2025-12-05,0.62,Round-Up,Invest,0.38
4856,1006,2025-08-10,204.78,Recurring Deposit,Invest,0.0
4857,1055,2025-12-21,141.14,One-Time Deposit,Banking,0.0
4858,1115,2026-05-01,236.18,Recurring Deposit,Banking,0.0
4859,1290,2026-03-12,227.74,One-Time Deposit,Invest,0.0
4860,1449,2025-11-27,123.31,Recurring Deposit,Banking,0.0
4861,1053,2026-01-29,82.98,Recurring Deposit,Invest,0.0
4862,1019,2025-11-16,1.37,Round-Up,Invest,0.63
4863,1291,2026-04-23,170.35,Recurring Deposit,Banking,0.0
4864,1463,2026-02-10,127.1,One-Time Deposit,Banking,0.0
4865,1184,2026-03-13,1.58,Round-Up,Invest,0.42
4866,1272,2026-05-04,49.92,One-Time Deposit,Banking,0.0
4867,1479,2026-04-26,2.6,Round-Up,Banking,0.4
4868,1450,2025-07-23,173.16,Recurring Deposit,Banking,0.0
4869,1283,2026-04-16,65.44,One-Time Deposit,Banking,0.0
4870,1471,2026-02-22,-112.76,Withdrawal,Invest,0.0
4871,1344,2025-09-22,2.36,Round-Up,Banking,0.64
4872,1070,2026-03-19,158.34,One-Time Deposit,Invest,0.0
4873,1053,2025-12-19,1.76,Round-Up,Invest,0.24
4874,1467,2026-01-11,182.0,One-Time Deposit,Invest,0.0
4875,1469,2026-04-03,182.54,Recurring Deposit,Invest,0.0
4876,1470,2026-03-06,150.01,Recurring Deposit,Banking,0.0
4877,1031,2026-04-22,39.84,Recurring Deposit,Invest,0.0
4878,1310,2025-09-09,132.33,Recurring Deposit,Banking,0.0
4879,1164,2026-03-16,1.08,Round-Up,Banking,0.92
4880,1382,2026-04-12,2.21,Round-Up,Invest,0.79
4881,1161,2025-12-25,70.41,Recurring Deposit,Invest,0.0
4882,1301,2025-11-15,61.52,One-Time Deposit,Banking,0.0
4883,1301,2025-10-26,2.46,Round-Up,Banking,0.54
4884,1170,2025-10-20,130.18,One-Time Deposit,Banking,0.0
4885,1008,2026-04-29,1.3,Round-Up,Banking,0.7
4886,1452,2025-12-27,2.95,Round-Up,Banking,0.05
4887,1451,2025-11-27,203.71,Recurring Deposit,Banking,0.0
4888,1100,2026-03-01,2.15,Round-Up,Banking,0.85
4889,1166,2025-12-25,1.61,Round-Up,Banking,0.39
4890,1248,2026-04-19,2.45,Round-Up,Invest,0.55
4891,1234,2026-04-27,67.02,Recurring Deposit,Banking,0.0
4892,1038,2026-03-05,-59.78,Withdrawal,Invest,0.0
4893,1019,2026-04-06,239.64,Recurring Deposit,Invest,0.0
4894,1036,2026-01-01,2.2,Round-Up,Banking,0.8
4895,1484,2026-03-28,-16.38,Withdrawal,Banking,0.0
4896,1002,2025-10-21,242.73,Recurring Deposit,Banking,0.0
4897,1461,2025-10-12,199.74,Recurring Deposit,Banking,0.0
4898,1167,2025-11-29,67.33,Recurring Deposit,Invest,0.0
4899,1318,2025-09-15,2.08,Round-Up,Banking,0.92
4900,1147,2026-04-14,216.26,One-Time Deposit,Banking,0.0
4901,1028,2026-02-20,1.11,Round-Up,Banking,0.89
4902,1330,2026-04-13,0.14,Round-Up,Invest,0.86
4903,1315,2026-04-21,136.04,Recurring Deposit,Banking,0.0
4904,1038,2026-01-21,103.32,Recurring Deposit,Invest,0.0
4905,1040,2026-04-20,161.68,Recurring Deposit,Invest,0.0
4906,1421,2026-04-17,120.96,One-Time Deposit,Banking,0.0
4907,1256,2026-04-28,1.53,Round-Up,Invest,0.47
4908,1179,2025-12-15,1.76,Round-Up,Invest,0.24
4909,1037,2026-03-29,0.73,Round-Up,Banking,0.27
4910,1344,2025-11-13,118.7,One-Time Deposit,Banking,0.0
4911,1362,2026-01-13,147.08,One-Time Deposit,Banking,0.0
4912,1453,2025-08-30,1.42,Round-Up,Banking,0.58
4913,1327,2026-03-08,-105.65,Withdrawal,Banking,0.0
4914,1251,2026-04-05,2.78,Round-Up,Banking,0.22
4915,1426,2025-06-30,37.18,Recurring Deposit,Invest,0.0
4916,1349,2026-04-13,165.09,One-Time Deposit,Invest,0.0
4917,1093,2025-11-01,1.43,Round-Up,Banking,0.57
4918,1146,2026-04-30,222.91,Recurring Deposit,Banking,0.0
4919,1259,2025-12-12,146.99,Recurring Deposit,Invest,0.0
4920,1129,2025-08-26,81.66,One-Time Deposit,Invest,0.0
4921,1357,2026-01-17,45.02,One-Time Deposit,Invest,0.0
4922,1411,2025-12-04,0.02,Round-Up,Invest,0.98
4923,1074,2026-04-27,137.29,Recurring Deposit,Invest,0.0
4924,1035,2026-01-01,-53.1,Withdrawal,Banking,0.0
4925,1068,2025-12-09,2.75,Round-Up,Banking,0.25
4926,1325,2025-12-18,0.34,Round-Up,Banking,0.66
4927,1182,2026-05-04,-13.07,Withdrawal,Invest,0.0
4928,1332,2026-01-18,0.71,Round-Up,Banking,0.29
4929,1169,2026-04-14,198.38,Recurring Deposit,Invest,0.0
4930,1082,2026-02-08,65.12,One-Time Deposit,Banking,0.0
4931,1099,2026-02-05,133.35,One-Time Deposit,Banking,0.0
4932,1500,2025-12-11,2.61,Round-Up,Invest,0.39
4933,1488,2026-01-16,2.02,Round-Up,Banking,0.98
4934,1252,2026-01-09,1.09,Round-Up,Banking,0.91
4935,1148,2025-12-29,248.45,Recurring Deposit,Banking,0.0
4936,1039,2026-03-27,94.5,Recurring Deposit,Banking,0.0
4937,1485,2026-03-09,140.33,Recurring Deposit,Banking,0.0
4938,1437,2026-05-02,85.32,One-Time Deposit,Invest,0.0
4939,1041,2025-10-13,2.9,Round-Up,Invest,0.1
4940,1047,2026-04-30,2.95,Round-Up,Invest,0.05
4941,1339,2025-11-25,48.8,Recurring Deposit,Invest,0.0
4942,1221,2025-09-16,225.49,One-Time Deposit,Invest,0.0
4943,1379,2025-09-10,0.91,Round-Up,Invest,0.09
4944,1489,2026-05-04,1.12,Round-Up,Invest,0.88
4945,1337,2026-02-17,0.5,Round-Up,Banking,0.5
4946,1019,2025-11-10,0.64,Round-Up,Invest,0.36
4947,1487,2026-04-16,135.03,Recurring Deposit,Invest,0.0
4948,1136,2026-04-17,-164.88,Withdrawal,Banking,0.0
4949,1141,2026-03-22,17.95,Recurring Deposit,Banking,0.0
4950,1087,2025-07-26,-76.77,Withdrawal,Invest,0.0
4951,1393,2025-08-27,-117.92,Withdrawal,Invest,0.0
4952,1249,2025-09-26,70.31,One-Time Deposit,Banking,0.0
4953,1466,2025-10-24,2.56,Round-Up,Invest,0.44
4954,1156,2025-12-29,26.24,Recurring Deposit,Invest,0.0
4955,1414,2026-01-21,2.74,Round-Up,Invest,0.26
4956,1302,2026-03-06,1.03,Round-Up,Banking,0.97
4957,1029,2026-03-29,2.01,Round-Up,Invest,0.99
4958,1465,2026-04-15,66.07,One-Time Deposit,Invest,0.0
4959,1015,2026-03-16,1.18,Round-Up,Invest,0.82
4960,1012,2026-04-24,2.04,Round-Up,Banking,0.96
4961,1479,2026-04-30,78.4,One-Time Deposit,Banking,0.0
4962,1328,2026-03-28,214.53,Recurring Deposit,Invest,0.0
4963,1470,2025-08-09,128.98,One-Time Deposit,Banking,0.0
4964,1013,2025-11-04,239.36,Recurring Deposit,Invest,0.0
4965,1305,2025-08-16,1.36,Round-Up,Invest,0.64
4966,1286,2026-02-08,2.81,Round-Up,Banking,0.19
4967,1240,2026-03-11,113.04,One-Time Deposit,Banking,0.0
4968,1014,2026-02-24,238.47,One-Time Deposit,Invest,0.0
4969,1265,2026-04-12,117.38,Recurring Deposit,Banking,0.0
4970,1061,2025-10-10,134.87,Recurring Deposit,Invest,0.0
4971,1260,2026-02-15,202.17,Recurring Deposit,Banking,0.0
4972,1251,2026-04-13,-182.04,Withdrawal,Banking,0.0
4973,1357,2026-01-10,2.98,Round-Up,Invest,0.02
4974,1038,2026-03-22,2.26,Round-Up,Invest,0.74
4975,1108,2026-03-20,199.15,One-Time Deposit,Banking,0.0
4976,1046,2026-02-23,1.86,Round-Up,Invest,0.14
4977,1413,2025-11-04,0.27,Round-Up,Banking,0.73
4978,1469,2026-04-15,1.49,Round-Up,Invest,0.51
4979,1020,2026-04-08,2.79,Round-Up,Banking,0.21
4980,1368,2026-04-17,2.69,Round-Up,Invest,0.31
4981,1045,2026-02-14,1.02,Round-Up,Banking,0.98
4982,1078,2025-08-19,224.29,Recurring Deposit,Banking,0.0
4983,1365,2025-11-06,188.98,One-Time Deposit,Invest,0.0
4984,1336,2026-01-10,180.67,Recurring Deposit,Banking,0.0
4985,1397,2026-04-16,241.36,Recurring Deposit,Banking,0.0
4986,1436,2026-05-01,1.52,Round-Up,Invest,0.48
4987,1491,2026-04-06,1.81,Round-Up,Invest,0.19
4988,1374,2026-04-13,0.03,Round-Up,Invest,0.97
4989,1202,2025-08-05,63.56,Recurring Deposit,Invest,0.0
4990,1480,2026-04-21,141.41,Recurring Deposit,Invest,0.0
4991,1019,2025-11-01,1.05,Round-Up,Invest,0.95
4992,1324,2026-02-23,1.63,Round-Up,Invest,0.37
4993,1069,2026-02-19,-27.87,Withdrawal,Invest,0.0
4994,1384,2026-01-03,81.22,One-Time Deposit,Banking,0.0
4995,1018,2025-12-18,193.9,Recurring Deposit,Invest,0.0
4996,1187,2025-09-14,0.44,Round-Up,Banking,0.56
4997,1026,2026-02-06,1.49,Round-Up,Banking,0.51
4998,1275,2026-04-15,97.82,Recurring Deposit,Invest,0.0
4999,1163,2026-04-25,96.27,Recurring Deposit,Banking,0.0
5000,1260,2026-02-07,104.64,Recurring Deposit,Banking,0.0
5001,1098,2026-04-20,97.07,One-Time Deposit,Banking,0.0
5002,1188,2025-11-04,168.22,One-Time Deposit,Invest,0.0
5003,1239,2026-01-02,92.79,Recurring Deposit,Invest,0.0
5004,1470,2025-12-09,1.9,Round-Up,Banking,0.1
5005,1026,2025-12-13,0.34,Round-Up,Invest,0.66
5006,1123,2025-12-07,59.92,Recurring Deposit,Invest,0.0
5007,1168,2025-08-19,2.75,Round-Up,Invest,0.25
5008,1211,2026-04-13,120.36,One-Time Deposit,Invest,0.0
5009,1336,2025-12-07,55.46,Recurring Deposit,Invest,0.0
5010,1356,2025-11-09,-115.92,Withdrawal,Invest,0.0
5011,1241,2025-08-20,2.43,Round-Up,Invest,0.57
5012,1209,2026-03-16,2.48,Round-Up,Invest,0.52
5013,1205,2026-04-08,247.76,Recurring Deposit,Invest,0.0
5014,1333,2025-07-26,139.07,Recurring Deposit,Banking,0.0
5015,1019,2025-10-21,163.49,Recurring Deposit,Invest,0.0
5016,1218,2026-04-16,230.22,One-Time Deposit,Banking,0.0
5017,1346,2026-03-14,2.04,Round-Up,Invest,0.96
5018,1218,2026-04-15,45.8,One-Time Deposit,Banking,0.0
5019,1132,2025-12-31,74.29,Recurring Deposit,Banking,0.0
5020,1407,2026-04-29,103.68,Recurring Deposit,Banking,0.0
5021,1237,2026-01-13,1.9,Round-Up,Banking,0.1
5022,1057,2026-03-14,1.62,Round-Up,Invest,0.38
5023,1145,2026-02-10,214.08,One-Time Deposit,Invest,0.0
5024,1324,2025-12-02,-23.64,Withdrawal,Banking,0.0
5025,1057,2026-03-08,225.66,Recurring Deposit,Invest,0.0
5026,1458,2026-04-21,2.85,Round-Up,Banking,0.15
5027,1082,2026-01-16,1.11,Round-Up,Banking,0.89
5028,1148,2025-07-20,203.33,One-Time Deposit,Banking,0.0
5029,1035,2026-01-06,1.63,Round-Up,Banking,0.37
5030,1258,2025-08-20,178.01,Recurring Deposit,Banking,0.0
5031,1166,2025-12-17,54.81,Recurring Deposit,Invest,0.0
5032,1179,2025-09-27,224.8,One-Time Deposit,Invest,0.0
5033,1252,2026-03-28,1.36,Round-Up,Banking,0.64
5034,1328,2026-04-24,85.07,Recurring Deposit,Invest,0.0
5035,1450,2025-06-29,1.34,Round-Up,Banking,0.66
5036,1193,2026-04-03,2.97,Round-Up,Invest,0.03
5037,1413,2025-09-16,-52.52,Withdrawal,Banking,0.0
5038,1418,2026-04-01,108.37,Recurring Deposit,Banking,0.0
5039,1356,2025-11-30,176.68,Recurring Deposit,Invest,0.0
5040,1401,2025-11-03,1.42,Round-Up,Invest,0.58
5041,1107,2025-07-04,0.87,Round-Up,Banking,0.13
5042,1302,2026-04-08,2.68,Round-Up,Banking,0.32
5043,1486,2026-04-17,0.55,Round-Up,Invest,0.45
5044,1136,2026-04-26,132.93,Recurring Deposit,Banking,0.0
5045,1300,2026-04-28,1.77,Round-Up,Invest,0.23
5046,1268,2026-01-04,160.85,Recurring Deposit,Invest,0.0
5047,1486,2026-01-09,2.49,Round-Up,Banking,0.51
5048,1435,2026-02-10,0.7,Round-Up,Invest,0.3
5049,1060,2025-10-17,-19.81,Withdrawal,Invest,0.0
5050,1320,2026-03-21,2.38,Round-Up,Banking,0.62
5051,1432,2026-01-05,1.59,Round-Up,Banking,0.41
5052,1207,2025-07-14,1.21,Round-Up,Banking,0.79
5053,1226,2026-01-02,0.1,Round-Up,Banking,0.9
5054,1393,2025-12-18,48.77,One-Time Deposit,Invest,0.0
5055,1262,2026-03-14,2.92,Round-Up,Banking,0.08
5056,1425,2025-08-05,218.51,Recurring Deposit,Banking,0.0
5057,1289,2026-01-22,100.46,Recurring Deposit,Invest,0.0
5058,1293,2026-03-10,130.28,One-Time Deposit,Banking,0.0
5059,1410,2025-08-25,0.7,Round-Up,Banking,0.3
5060,1322,2026-01-19,136.2,One-Time Deposit,Banking,0.0
5061,1257,2026-01-24,1.96,Round-Up,Banking,0.04
5062,1034,2026-05-04,39.82,One-Time Deposit,Banking,0.0
5063,1137,2026-04-15,216.25,Recurring Deposit,Banking,0.0
5064,1500,2026-01-11,2.09,Round-Up,Invest,0.91
5065,1275,2026-04-22,10.56,Recurring Deposit,Invest,0.0
5066,1401,2025-09-03,-243.19,Withdrawal,Invest,0.0
5067,1028,2026-04-05,241.44,Recurring Deposit,Banking,0.0
5068,1417,2026-03-16,0.87,Round-Up,Invest,0.13
5069,1400,2026-04-01,238.76,One-Time Deposit,Banking,0.0
5070,1245,2026-02-26,-39.55,Withdrawal,Invest,0.0
5071,1338,2026-05-01,0.14,Round-Up,Invest,0.86
5072,1138,2026-01-16,52.02,Recurring Deposit,Invest,0.0
5073,1023,2026-05-02,2.98,Round-Up,Banking,0.02
5074,1103,2026-03-28,1.8,Round-Up,Invest,0.2
5075,1233,2025-12-29,97.45,Recurring Deposit,Invest,0.0
5076,1220,2026-03-18,6.75,Recurring Deposit,Invest,0.0
5077,1429,2026-04-11,106.49,Recurring Deposit,Banking,0.0
5078,1341,2026-05-02,-60.88,Withdrawal,Banking,0.0
5079,1493,2026-04-13,1.43,Round-Up,Invest,0.57
5080,1275,2026-01-24,0.18,Round-Up,Invest,0.82
5081,1425,2025-06-05,-211.35,Withdrawal,Invest,0.0
5082,1183,2026-03-21,1.12,Round-Up,Banking,0.88
5083,1451,2026-03-16,101.29,Recurring Deposit,Banking,0.0
5084,1239,2026-03-18,78.02,One-Time Deposit,Invest,0.0
5085,1465,2026-04-17,2.92,Round-Up,Invest,0.08
5086,1299,2026-01-15,2.09,Round-Up,Invest,0.91
5087,1233,2025-10-11,122.13,One-Time Deposit,Invest,0.0
5088,1191,2025-10-19,86.94,Recurring Deposit,Invest,0.0
5089,1195,2026-04-09,221.61,Recurring Deposit,Invest,0.0
5090,1435,2026-04-03,22.99,One-Time Deposit,Invest,0.0
5091,1373,2025-08-30,208.28,One-Time Deposit,Invest,0.0
5092,1495,2025-11-16,2.58,Round-Up,Banking,0.42
5093,1131,2025-10-08,0.91,Round-Up,Banking,0.09
5094,1406,2026-04-25,2.82,Round-Up,Banking,0.18
5095,1007,2025-09-04,0.85,Round-Up,Banking,0.15
5096,1071,2025-11-26,2.78,Round-Up,Invest,0.22
5097,1421,2026-01-15,2.89,Round-Up,Banking,0.11
5098,1350,2026-04-19,0.45,Round-Up,Banking,0.55
5099,1417,2026-03-04,2.92,Round-Up,Invest,0.08
5100,1418,2026-02-17,99.59,One-Time Deposit,Banking,0.0
5101,1367,2026-03-23,88.2,One-Time Deposit,Banking,0.0
5102,1409,2025-12-19,1.34,Round-Up,Banking,0.66
5103,1250,2026-05-03,-224.28,Withdrawal,Banking,0.0
5104,1264,2026-02-28,1.47,Round-Up,Invest,0.53
5105,1441,2025-09-08,194.85,Recurring Deposit,Invest,0.0
5106,1144,2026-03-04,2.09,Round-Up,Banking,0.91
5107,1424,2026-03-23,98.91,Recurring Deposit,Invest,0.0
5108,1359,2026-04-18,2.35,Round-Up,Invest,0.65
5109,1288,2025-11-16,79.66,Recurring Deposit,Invest,0.0
5110,1044,2026-03-16,0.92,Round-Up,Invest,0.08
5111,1208,2025-12-14,33.01,Recurring Deposit,Banking,0.0
5112,1388,2026-01-01,1.94,Round-Up,Banking,0.06
5113,1085,2026-03-26,0.55,Round-Up,Invest,0.45
5114,1350,2026-03-28,37.98,Recurring Deposit,Banking,0.0
5115,1191,2025-10-13,2.67,Round-Up,Invest,0.33
5116,1096,2026-03-27,-75.77,Withdrawal,Banking,0.0
5117,1180,2025-10-18,1.7,Round-Up,Banking,0.3
5118,1040,2026-04-18,109.94,One-Time Deposit,Invest,0.0
5119,1156,2026-01-28,47.07,Recurring Deposit,Invest,0.0
5120,1387,2025-11-29,1.09,Round-Up,Invest,0.91
5121,1408,2025-11-05,1.23,Round-Up,Invest,0.77
5122,1401,2026-01-02,144.07,Recurring Deposit,Invest,0.0
5123,1488,2026-02-26,144.48,Recurring Deposit,Banking,0.0
5124,1282,2026-04-20,-96.34,Withdrawal,Invest,0.0
5125,1419,2026-03-19,2.35,Round-Up,Banking,0.65
5126,1203,2026-05-02,211.75,One-Time Deposit,Invest,0.0
5127,1143,2025-11-26,2.4,Round-Up,Banking,0.6
5128,1267,2025-10-30,2.86,Round-Up,Invest,0.14
5129,1425,2025-07-21,116.99,Recurring Deposit,Banking,0.0
5130,1225,2025-06-03,1.23,Round-Up,Invest,0.77
5131,1407,2026-05-01,2.47,Round-Up,Banking,0.53
5132,1490,2026-04-07,1.53,Round-Up,Banking,0.47
5133,1492,2026-02-11,51.63,Recurring Deposit,Invest,0.0
5134,1343,2025-12-30,-123.4,Withdrawal,Invest,0.0
5135,1359,2026-01-04,231.8,Recurring Deposit,Invest,0.0
5136,1097,2026-04-24,46.98,One-Time Deposit,Banking,0.0
5137,1395,2026-04-23,212.93,Recurring Deposit,Invest,0.0
5138,1261,2026-04-25,107.46,One-Time Deposit,Invest,0.0
5139,1408,2025-11-03,2.67,Round-Up,Invest,0.33
5140,1090,2025-08-12,2.79,Round-Up,Banking,0.21
5141,1186,2026-04-02,1.76,Round-Up,Invest,0.24
5142,1472,2026-04-10,76.36,One-Time Deposit,Banking,0.0
5143,1104,2025-11-17,79.37,Recurring Deposit,Invest,0.0
5144,1482,2026-01-16,2.71,Round-Up,Invest,0.29
5145,1105,2025-12-10,1.52,Round-Up,Invest,0.48
5146,1173,2026-03-31,-7.55,Withdrawal,Banking,0.0
5147,1467,2025-06-06,59.87,Recurring Deposit,Invest,0.0
5148,1254,2026-02-05,177.95,Recurring Deposit,Invest,0.0
5149,1257,2026-03-08,0.14,Round-Up,Banking,0.86
5150,1131,2026-01-31,0.93,Round-Up,Invest,0.07
5151,1137,2026-04-28,0.19,Round-Up,Banking,0.81
5152,1319,2025-09-18,0.72,Round-Up,Banking,0.28
5153,1364,2025-10-29,0.8,Round-Up,Invest,0.2
5154,1112,2025-11-23,71.77,One-Time Deposit,Banking,0.0
5155,1027,2025-08-18,0.71,Round-Up,Invest,0.29
5156,1422,2025-07-20,0.73,Round-Up,Banking,0.27
5157,1256,2026-03-04,2.06,Round-Up,Banking,0.94
5158,1307,2026-04-06,154.52,One-Time Deposit,Banking,0.0
5159,1483,2026-05-01,11.45,One-Time Deposit,Invest,0.0
5160,1184,2026-03-25,178.55,One-Time Deposit,Invest,0.0
5161,1252,2026-01-24,1.03,Round-Up,Banking,0.97
5162,1415,2025-08-16,0.6,Round-Up,Banking,0.4
5163,1069,2026-03-18,1.0,Round-Up,Invest,0.0
5164,1108,2026-04-15,1.83,Round-Up,Banking,0.17
5165,1004,2026-03-25,48.82,Recurring Deposit,Banking,0.0
5166,1350,2026-04-24,-236.93,Withdrawal,Banking,0.0
5167,1300,2026-04-29,170.38,One-Time Deposit,Invest,0.0
5168,1085,2026-03-29,-28.35,Withdrawal,Invest,0.0
5169,1461,2025-10-07,50.82,One-Time Deposit,Banking,0.0
5170,1498,2026-01-16,1.37,Round-Up,Invest,0.63
5171,1088,2026-04-25,-121.78,Withdrawal,Banking,0.0
5172,1395,2026-04-15,2.06,Round-Up,Invest,0.94
5173,1013,2026-01-29,73.79,Recurring Deposit,Invest,0.0
5174,1172,2025-05-21,2.51,Round-Up,Banking,0.49
5175,1031,2026-05-03,2.17,Round-Up,Invest,0.83
5176,1441,2025-09-07,138.21,One-Time Deposit,Invest,0.0
5177,1215,2026-03-02,2.93,Round-Up,Invest,0.07
5178,1300,2026-04-20,2.0,Round-Up,Invest,0.0
5179,1036,2026-02-08,1.36,Round-Up,Banking,0.64
5180,1092,2026-03-07,0.48,Round-Up,Banking,0.52
5181,1321,2025-11-13,-43.43,Withdrawal,Banking,0.0
5182,1154,2026-01-23,180.93,Recurring Deposit,Invest,0.0
5183,1164,2026-04-12,135.47,One-Time Deposit,Banking,0.0
5184,1403,2025-10-18,1.23,Round-Up,Invest,0.77
5185,1145,2025-10-15,48.44,Recurring Deposit,Banking,0.0
5186,1231,2026-02-15,0.59,Round-Up,Invest,0.41
5187,1142,2025-10-14,2.47,Round-Up,Banking,0.53
5188,1094,2026-05-03,0.99,Round-Up,Banking,0.01
5189,1354,2026-04-07,118.96,Recurring Deposit,Banking,0.0
5190,1233,2025-12-29,2.32,Round-Up,Invest,0.68
5191,1152,2026-03-06,1.88,Round-Up,Banking,0.12
5192,1412,2025-11-06,124.32,One-Time Deposit,Invest,0.0
5193,1097,2026-05-01,1.16,Round-Up,Banking,0.84
5194,1103,2026-03-22,104.8,One-Time Deposit,Invest,0.0
5195,1136,2026-04-23,94.43,One-Time Deposit,Banking,0.0
5196,1479,2026-04-20,1.0,Round-Up,Banking,0.0
5197,1330,2025-11-29,2.18,Round-Up,Banking,0.82
5198,1070,2026-03-23,1.74,Round-Up,Invest,0.26
5199,1142,2026-02-18,224.68,Recurring Deposit,Banking,0.0
5200,1292,2026-05-02,82.83,Recurring Deposit,Invest,0.0
5201,1372,2025-07-11,0.67,Round-Up,Invest,0.33
5202,1289,2026-02-19,1.18,Round-Up,Invest,0.82
5203,1376,2026-01-11,1.55,Round-Up,Banking,0.45
5204,1095,2026-03-04,30.02,One-Time Deposit,Banking,0.0
5205,1461,2026-02-13,51.23,Recurring Deposit,Banking,0.0
5206,1371,2025-09-07,0.58,Round-Up,Banking,0.42
5207,1171,2026-04-17,49.88,Recurring Deposit,Invest,0.0
5208,1172,2025-05-13,158.31,Recurring Deposit,Banking,0.0
5209,1024,2026-03-29,-242.71,Withdrawal,Invest,0.0
5210,1263,2026-02-09,2.06,Round-Up,Invest,0.94
5211,1043,2025-11-20,2.42,Round-Up,Banking,0.58
5212,1196,2026-04-30,1.14,Round-Up,Invest,0.86
5213,1213,2026-05-02,206.75,Recurring Deposit,Banking,0.0
5214,1342,2026-04-22,91.16,Recurring Deposit,Banking,0.0
5215,1089,2026-03-20,182.26,One-Time Deposit,Banking,0.0
5216,1249,2025-10-14,0.11,Round-Up,Banking,0.89
5217,1350,2026-03-26,2.48,Round-Up,Banking,0.52
5218,1010,2026-04-24,2.33,Round-Up,Banking,0.67
5219,1111,2025-10-05,82.64,One-Time Deposit,Banking,0.0
5220,1070,2026-03-05,2.28,Round-Up,Invest,0.72
5221,1245,2026-01-24,2.94,Round-Up,Invest,0.06
5222,1035,2026-01-04,46.18,Recurring Deposit,Banking,0.0
5223,1072,2026-04-07,0.21,Round-Up,Banking,0.79
5224,1125,2026-02-16,164.75,One-Time Deposit,Banking,0.0
5225,1046,2026-01-20,0.15,Round-Up,Invest,0.85
5226,1050,2026-03-08,125.86,Recurring Deposit,Invest,0.0
5227,1135,2026-03-30,199.92,One-Time Deposit,Banking,0.0
5228,1187,2025-06-24,-123.1,Withdrawal,Banking,0.0
5229,1050,2025-12-21,220.92,One-Time Deposit,Banking,0.0
5230,1219,2026-04-19,-185.3,Withdrawal,Invest,0.0
5231,1434,2026-02-12,82.1,Recurring Deposit,Banking,0.0
5232,1174,2026-02-11,101.84,One-Time Deposit,Banking,0.0
5233,1310,2025-12-05,-168.58,Withdrawal,Banking,0.0
5234,1203,2026-04-27,2.52,Round-Up,Invest,0.48
5235,1382,2026-04-25,2.49,Round-Up,Invest,0.51
5236,1372,2025-07-27,0.97,Round-Up,Invest,0.03
5237,1075,2026-01-25,34.1,One-Time Deposit,Invest,0.0
5238,1172,2025-05-19,73.47,Recurring Deposit,Banking,0.0
5239,1112,2025-09-25,173.07,Recurring Deposit,Banking,0.0
5240,1178,2026-04-23,2.5,Round-Up,Invest,0.5
5241,1136,2026-04-29,1.0,Round-Up,Banking,0.0
5242,1257,2026-02-28,1.78,Round-Up,Invest,0.22
5243,1291,2026-04-30,242.5,Recurring Deposit,Banking,0.0
5244,1423,2025-11-12,1.41,Round-Up,Invest,0.59
5245,1414,2025-07-15,-188.48,Withdrawal,Invest,0.0
5246,1456,2026-03-18,0.48,Round-Up,Banking,0.52
5247,1419,2026-04-19,2.84,Round-Up,Banking,0.16
5248,1344,2026-04-27,106.44,Recurring Deposit,Invest,0.0
5249,1019,2026-05-01,230.26,One-Time Deposit,Invest,0.0
5250,1436,2026-02-14,0.55,Round-Up,Banking,0.45
5251,1103,2026-02-13,233.77,One-Time Deposit,Invest,0.0
5252,1371,2025-11-18,0.06,Round-Up,Banking,0.94
5253,1009,2026-01-13,-29.47,Withdrawal,Invest,0.0
5254,1097,2026-05-02,115.22,One-Time Deposit,Banking,0.0
5255,1291,2026-05-02,0.54,Round-Up,Banking,0.46
5256,1031,2026-04-16,74.14,One-Time Deposit,Invest,0.0
5257,1142,2025-11-17,0.9,Round-Up,Banking,0.1
5258,1252,2026-02-23,123.48,Recurring Deposit,Banking,0.0
5259,1365,2025-11-03,-123.08,Withdrawal,Banking,0.0
5260,1195,2025-09-15,26.59,Recurring Deposit,Invest,0.0
5261,1445,2026-02-27,0.8,Round-Up,Invest,0.2
5262,1264,2026-04-22,1.12,Round-Up,Invest,0.88
5263,1309,2026-04-23,2.56,Round-Up,Invest,0.44
5264,1094,2026-04-17,207.03,Recurring Deposit,Banking,0.0
5265,1186,2026-04-25,82.7,One-Time Deposit,Invest,0.0
5266,1179,2026-02-27,6.06,One-Time Deposit,Invest,0.0
5267,1300,2026-04-22,-228.26,Withdrawal,Invest,0.0
5268,1201,2026-02-05,1.03,Round-Up,Banking,0.97
5269,1128,2025-10-17,2.18,Round-Up,Banking,0.82
5270,1453,2026-04-05,2.05,Round-Up,Banking,0.95
5271,1290,2025-12-22,1.86,Round-Up,Invest,0.14
5272,1390,2026-02-16,1.86,Round-Up,Invest,0.14
5273,1270,2025-08-10,133.83,One-Time Deposit,Banking,0.0
5274,1421,2026-03-18,1.16,Round-Up,Banking,0.84
5275,1414,2025-05-28,2.61,Round-Up,Invest,0.39
5276,1049,2025-12-12,223.99,Recurring Deposit,Banking,0.0
5277,1334,2025-10-02,2.65,Round-Up,Invest,0.35
5278,1096,2025-10-13,20.61,Recurring Deposit,Invest,0.0
5279,1391,2026-04-19,0.38,Round-Up,Invest,0.62
5280,1440,2026-01-18,96.07,One-Time Deposit,Banking,0.0
5281,1334,2025-10-06,-122.82,Withdrawal,Banking,0.0
5282,1175,2026-03-30,2.45,Round-Up,Invest,0.55
5283,1140,2025-12-23,146.49,One-Time Deposit,Banking,0.0
5284,1439,2025-08-01,111.76,Recurring Deposit,Banking,0.0
5285,1380,2025-12-19,237.09,One-Time Deposit,Banking,0.0
5286,1474,2026-05-01,0.64,Round-Up,Banking,0.36
5287,1237,2025-08-05,1.17,Round-Up,Banking,0.83
5288,1284,2026-04-22,162.87,Recurring Deposit,Banking,0.0
5289,1119,2026-05-04,38.76,Recurring Deposit,Invest,0.0
5290,1186,2026-03-05,1.74,Round-Up,Invest,0.26
5291,1201,2026-02-24,2.96,Round-Up,Invest,0.04
5292,1426,2026-01-15,2.08,Round-Up,Banking,0.92
5293,1134,2026-05-03,2.8,Round-Up,Banking,0.2
5294,1126,2026-04-25,0.36,Round-Up,Invest,0.64
5295,1043,2025-12-12,0.19,Round-Up,Invest,0.81
5296,1180,2025-10-04,0.94,Round-Up,Banking,0.06
5297,1164,2025-09-22,0.42,Round-Up,Banking,0.58
5298,1219,2026-04-30,-235.8,Withdrawal,Invest,0.0
5299,1488,2026-04-08,1.56,Round-Up,Banking,0.44
5300,1174,2026-01-17,1.73,Round-Up,Invest,0.27
5301,1447,2025-12-11,2.24,Round-Up,Banking,0.76
5302,1353,2025-10-23,-223.44,Withdrawal,Banking,0.0
5303,1483,2026-03-05,212.18,Recurring Deposit,Invest,0.0
5304,1468,2026-04-16,103.73,Recurring Deposit,Invest,0.0
5305,1389,2026-01-25,1.02,Round-Up,Banking,0.98
5306,1375,2026-04-04,114.43,Recurring Deposit,Invest,0.0
5307,1304,2025-09-18,0.54,Round-Up,Banking,0.46
5308,1425,2025-08-30,1.64,Round-Up,Invest,0.36
5309,1315,2026-01-03,101.31,One-Time Deposit,Banking,0.0
5310,1398,2026-04-16,29.27,Recurring Deposit,Banking,0.0
5311,1029,2026-03-18,239.58,Recurring Deposit,Invest,0.0
5312,1193,2026-05-04,16.65,Recurring Deposit,Invest,0.0
5313,1410,2025-11-02,-103.34,Withdrawal,Banking,0.0
5314,1329,2025-09-11,1.19,Round-Up,Invest,0.81
5315,1289,2026-01-18,2.67,Round-Up,Invest,0.33
5316,1405,2025-06-26,1.57,Round-Up,Banking,0.43
5317,1477,2025-07-01,138.97,Recurring Deposit,Invest,0.0
5318,1099,2026-02-04,0.77,Round-Up,Banking,0.23
5319,1327,2026-04-19,237.76,Recurring Deposit,Banking,0.0
5320,1414,2025-11-09,0.31,Round-Up,Invest,0.69
5321,1274,2026-04-19,2.45,Round-Up,Banking,0.55
5322,1074,2025-11-27,0.27,Round-Up,Invest,0.73
5323,1252,2026-03-30,0.88,Round-Up,Banking,0.12
5324,1184,2026-04-05,57.76,Recurring Deposit,Invest,0.0
5325,1008,2026-04-20,2.35,Round-Up,Banking,0.65
5326,1113,2026-04-13,0.13,Round-Up,Invest,0.87
5327,1347,2026-01-07,0.93,Round-Up,Invest,0.07
5328,1195,2025-06-27,1.72,Round-Up,Invest,0.28
5329,1498,2025-12-04,1.23,Round-Up,Banking,0.77
5330,1345,2026-04-18,0.85,Round-Up,Banking,0.15
5331,1454,2026-05-03,187.26,Recurring Deposit,Banking,0.0
5332,1311,2025-12-31,2.4,Round-Up,Banking,0.6
5333,1490,2026-04-22,2.92,Round-Up,Banking,0.08
5334,1436,2025-12-11,73.51,One-Time Deposit,Banking,0.0
5335,1344,2026-02-19,0.13,Round-Up,Banking,0.87
5336,1040,2026-04-26,0.12,Round-Up,Invest,0.88
5337,1187,2026-03-26,32.46,One-Time Deposit,Invest,0.0
5338,1496,2025-09-28,1.66,Round-Up,Invest,0.34
5339,1464,2026-03-26,91.57,Recurring Deposit,Invest,0.0
5340,1249,2026-01-17,147.89,One-Time Deposit,Banking,0.0
5341,1350,2026-04-06,141.88,Recurring Deposit,Banking,0.0
5342,1188,2025-11-22,-137.85,Withdrawal,Banking,0.0
5343,1316,2025-11-09,2.37,Round-Up,Invest,0.63
5344,1390,2025-08-05,1.43,Round-Up,Invest,0.57
5345,1254,2026-03-21,0.93,Round-Up,Invest,0.07
5346,1347,2025-08-29,1.53,Round-Up,Invest,0.47
5347,1437,2026-04-23,113.74,Recurring Deposit,Invest,0.0
5348,1037,2026-04-20,125.99,Recurring Deposit,Banking,0.0
5349,1494,2026-02-11,216.37,One-Time Deposit,Banking,0.0
5350,1082,2025-12-07,165.62,One-Time Deposit,Banking,0.0
5351,1423,2025-08-01,1.38,Round-Up,Invest,0.62
5352,1376,2026-04-24,216.97,One-Time Deposit,Banking,0.0
5353,1311,2026-03-30,208.86,Recurring Deposit,Banking,0.0
5354,1430,2026-04-29,189.64,One-Time Deposit,Invest,0.0
5355,1085,2025-12-24,0.64,Round-Up,Invest,0.36
5356,1153,2026-01-06,190.6,Recurring Deposit,Banking,0.0
5357,1026,2025-11-08,1.47,Round-Up,Banking,0.53
5358,1006,2025-05-29,185.47,One-Time Deposit,Invest,0.0
5359,1215,2025-12-08,220.63,One-Time Deposit,Invest,0.0
5360,1381,2025-08-11,2.03,Round-Up,Invest,0.97
5361,1409,2026-01-16,116.37,Recurring Deposit,Invest,0.0
5362,1390,2025-12-22,215.54,Recurring Deposit,Invest,0.0
5363,1033,2026-02-12,1.61,Round-Up,Invest,0.39
5364,1408,2025-11-15,-29.95,Withdrawal,Invest,0.0
5365,1371,2025-11-07,139.33,One-Time Deposit,Banking,0.0
5366,1390,2025-12-01,164.7,Recurring Deposit,Invest,0.0
5367,1252,2026-04-02,42.48,Recurring Deposit,Banking,0.0
5368,1113,2026-04-09,120.68,One-Time Deposit,Banking,0.0
5369,1063,2026-02-25,28.12,Recurring Deposit,Banking,0.0
5370,1431,2026-01-07,1.82,Round-Up,Invest,0.18
5371,1057,2026-01-27,2.53,Round-Up,Invest,0.47
5372,1354,2026-04-10,185.72,Recurring Deposit,Banking,0.0
5373,1008,2026-04-28,97.68,Recurring Deposit,Banking,0.0
5374,1040,2026-05-01,248.48,Recurring Deposit,Invest,0.0
5375,1470,2025-11-17,167.42,One-Time Deposit,Banking,0.0
5376,1477,2025-07-15,204.74,One-Time Deposit,Banking,0.0
5377,1268,2026-04-17,1.08,Round-Up,Invest,0.92
5378,1407,2026-04-30,-247.41,Withdrawal,Banking,0.0
5379,1443,2025-12-27,1.84,Round-Up,Invest,0.16
5380,1462,2025-11-02,132.26,Recurring Deposit,Banking,0.0
5381,1457,2026-01-02,94.89,One-Time Deposit,Banking,0.0
5382,1255,2026-02-22,172.13,One-Time Deposit,Invest,0.0
5383,1230,2026-01-22,1.23,Round-Up,Invest,0.77
5384,1434,2026-03-08,-159.19,Withdrawal,Banking,0.0
5385,1417,2026-01-30,89.04,One-Time Deposit,Banking,0.0
5386,1212,2026-03-15,-110.04,Withdrawal,Banking,0.0
5387,1137,2026-04-23,2.74,Round-Up,Banking,0.26
5388,1439,2026-04-09,210.62,One-Time Deposit,Banking,0.0
5389,1192,2026-03-16,191.91,Recurring Deposit,Banking,0.0
5390,1492,2026-03-10,34.07,Recurring Deposit,Invest,0.0
5391,1124,2026-04-06,-65.16,Withdrawal,Invest,0.0
5392,1318,2025-10-23,2.06,Round-Up,Banking,0.94
5393,1413,2025-12-18,1.41,Round-Up,Banking,0.59
5394,1178,2026-04-17,59.97,One-Time Deposit,Invest,0.0
5395,1402,2026-01-23,2.76,Round-Up,Invest,0.24
5396,1213,2026-05-01,-226.66,Withdrawal,Banking,0.0
5397,1287,2026-05-03,1.3,Round-Up,Invest,0.7
5398,1171,2026-01-14,142.98,One-Time Deposit,Invest,0.0
5399,1255,2026-04-25,1.36,Round-Up,Invest,0.64
5400,1104,2026-01-07,238.47,One-Time Deposit,Invest,0.0
5401,1152,2026-04-06,0.24,Round-Up,Banking,0.76
5402,1487,2026-04-21,1.37,Round-Up,Invest,0.63
5403,1061,2025-07-28,2.46,Round-Up,Invest,0.54
5404,1491,2026-04-11,0.06,Round-Up,Invest,0.94
5405,1142,2025-07-01,-156.05,Withdrawal,Banking,0.0
5406,1281,2025-12-20,2.64,Round-Up,Banking,0.36
5407,1235,2025-09-19,80.53,One-Time Deposit,Invest,0.0
5408,1489,2026-05-03,-214.19,Withdrawal,Invest,0.0
5409,1309,2025-12-03,115.94,Recurring Deposit,Banking,0.0
5410,1232,2025-12-29,-249.6,Withdrawal,Invest,0.0
5411,1028,2026-03-08,-5.1,Withdrawal,Banking,0.0
5412,1055,2026-04-23,31.82,One-Time Deposit,Banking,0.0
5413,1004,2026-04-04,78.94,Recurring Deposit,Banking,0.0
5414,1275,2026-01-20,2.62,Round-Up,Invest,0.38
5415,1338,2026-03-04,1.86,Round-Up,Invest,0.14
5416,1301,2025-10-11,17.93,Recurring Deposit,Invest,0.0
5417,1269,2026-05-04,188.5,One-Time Deposit,Banking,0.0
5418,1025,2026-04-15,17.88,Recurring Deposit,Banking,0.0
5419,1487,2026-04-14,66.92,Recurring Deposit,Invest,0.0
5420,1041,2026-01-07,0.63,Round-Up,Invest,0.37
5421,1088,2026-03-09,238.02,Recurring Deposit,Invest,0.0
5422,1393,2026-04-22,106.56,One-Time Deposit,Invest,0.0
5423,1462,2025-07-13,0.54,Round-Up,Banking,0.46
5424,1087,2026-01-11,158.59,Recurring Deposit,Invest,0.0
5425,1296,2025-09-07,1.27,Round-Up,Banking,0.73
5426,1357,2026-02-14,201.69,Recurring Deposit,Invest,0.0
5427,1298,2025-12-04,77.36,One-Time Deposit,Banking,0.0
5428,1183,2026-04-12,0.24,Round-Up,Banking,0.76
5429,1108,2026-04-17,165.85,Recurring Deposit,Banking,0.0
5430,1265,2026-04-19,100.67,One-Time Deposit,Invest,0.0
5431,1388,2025-09-03,2.87,Round-Up,Banking,0.13
5432,1125,2026-03-05,1.29,Round-Up,Banking,0.71
5433,1076,2026-01-27,198.02,Recurring Deposit,Invest,0.0
5434,1366,2026-05-04,2.99,Round-Up,Banking,0.01
5435,1240,2025-12-22,105.89,Recurring Deposit,Banking,0.0
5436,1201,2026-04-09,1.13,Round-Up,Invest,0.87
5437,1364,2026-02-19,105.66,One-Time Deposit,Invest,0.0
5438,1021,2025-08-24,-179.02,Withdrawal,Invest,0.0
5439,1089,2026-01-18,1.54,Round-Up,Banking,0.46
5440,1139,2026-04-14,210.98,One-Time Deposit,Invest,0.0
5441,1384,2026-01-26,130.22,Recurring Deposit,Banking,0.0
5442,1300,2026-04-21,171.76,Recurring Deposit,Invest,0.0
5443,1100,2025-10-18,106.35,One-Time Deposit,Banking,0.0
5444,1400,2026-04-10,163.56,One-Time Deposit,Banking,0.0
5445,1154,2026-04-28,68.1,Recurring Deposit,Banking,0.0
5446,1087,2025-10-04,111.51,Recurring Deposit,Banking,0.0
5447,1199,2026-02-23,56.34,Recurring Deposit,Banking,0.0
5448,1004,2026-01-18,1.63,Round-Up,Banking,0.37
5449,1166,2026-01-27,-149.19,Withdrawal,Banking,0.0
5450,1204,2026-04-20,2.08,Round-Up,Banking,0.92
5451,1259,2025-09-06,0.19,Round-Up,Invest,0.81
5452,1211,2026-04-08,2.22,Round-Up,Invest,0.78
5453,1275,2026-03-28,2.25,Round-Up,Invest,0.75
5454,1374,2026-04-10,1.96,Round-Up,Invest,0.04
5455,1333,2025-07-02,2.2,Round-Up,Banking,0.8
5456,1140,2026-01-01,0.27,Round-Up,Banking,0.73
5457,1384,2026-01-08,132.17,Recurring Deposit,Banking,0.0
5458,1280,2026-02-02,0.42,Round-Up,Invest,0.58
5459,1225,2025-12-05,1.03,Round-Up,Invest,0.97
5460,1044,2026-04-17,2.83,Round-Up,Invest,0.17
5461,1334,2025-08-29,1.51,Round-Up,Invest,0.49
5462,1406,2026-04-15,2.9,Round-Up,Banking,0.1
5463,1329,2025-10-22,62.81,One-Time Deposit,Invest,0.0
5464,1131,2026-03-15,-136.2,Withdrawal,Invest,0.0
5465,1474,2026-04-16,238.54,Recurring Deposit,Banking,0.0
5466,1282,2026-04-28,75.4,Recurring Deposit,Invest,0.0
5467,1469,2026-04-29,0.25,Round-Up,Invest,0.75
5468,1086,2025-10-14,0.53,Round-Up,Invest,0.47
5469,1462,2026-04-12,0.78,Round-Up,Banking,0.22
5470,1454,2026-03-17,22.61,Recurring Deposit,Banking,0.0
5471,1056,2026-02-22,0.5,Round-Up,Banking,0.5
5472,1479,2026-04-18,212.3,One-Time Deposit,Banking,0.0
5473,1350,2026-04-25,0.4,Round-Up,Banking,0.6
5474,1008,2026-05-02,0.12,Round-Up,Banking,0.88
5475,1487,2026-04-14,-98.08,Withdrawal,Invest,0.0
5476,1034,2026-05-03,105.9,Recurring Deposit,Banking,0.0
5477,1220,2026-03-13,91.16,Recurring Deposit,Invest,0.0
5478,1238,2026-01-07,152.89,One-Time Deposit,Banking,0.0
5479,1310,2025-11-02,186.15,Recurring Deposit,Banking,0.0
5480,1422,2025-12-15,205.77,One-Time Deposit,Invest,0.0
5481,1150,2026-02-22,-107.07,Withdrawal,Invest,0.0
5482,1353,2025-10-05,0.61,Round-Up,Banking,0.39
5483,1270,2026-03-07,229.47,One-Time Deposit,Banking,0.0
5484,1251,2026-04-05,230.6,Recurring Deposit,Banking,0.0
5485,1141,2026-02-11,1.36,Round-Up,Banking,0.64
5486,1489,2026-04-30,161.04,Recurring Deposit,Invest,0.0
5487,1182,2026-04-25,-135.22,Withdrawal,Invest,0.0
5488,1249,2026-04-15,49.88,One-Time Deposit,Banking,0.0
5489,1402,2026-03-02,2.79,Round-Up,Invest,0.21
5490,1032,2026-03-26,124.0,One-Time Deposit,Invest,0.0
5491,1313,2026-04-24,44.06,Recurring Deposit,Banking,0.0
5492,1003,2026-04-12,146.36,One-Time Deposit,Banking,0.0
5493,1266,2026-02-12,1.87,Round-Up,Banking,0.13
5494,1257,2026-02-17,133.78,One-Time Deposit,Banking,0.0
5495,1082,2025-07-29,1.83,Round-Up,Banking,0.17
5496,1005,2026-03-21,19.14,Recurring Deposit,Banking,0.0
5497,1325,2025-11-24,2.24,Round-Up,Banking,0.76
5498,1254,2026-02-15,42.64,One-Time Deposit,Invest,0.0
5499,1135,2026-04-12,247.52,Recurring Deposit,Banking,0.0
5500,1438,2026-03-28,0.02,Round-Up,Banking,0.98
5501,1378,2026-05-03,1.91,Round-Up,Banking,0.09
5502,1038,2026-01-11,2.25,Round-Up,Invest,0.75
5503,1386,2026-03-22,0.75,Round-Up,Banking,0.25
5504,1038,2026-03-10,1.4,Round-Up,Invest,0.6
5505,1228,2025-10-09,-47.98,Withdrawal,Banking,0.0
5506,1020,2026-04-30,230.21,Recurring Deposit,Banking,0.0
5507,1183,2026-04-01,201.12,Recurring Deposit,Banking,0.0
5508,1246,2026-04-09,-61.43,Withdrawal,Banking,0.0
5509,1272,2026-04-30,1.68,Round-Up,Banking,0.32
5510,1169,2026-03-17,2.85,Round-Up,Invest,0.15
5511,1301,2025-12-11,1.83,Round-Up,Invest,0.17
5512,1054,2026-04-20,205.32,Recurring Deposit,Banking,0.0
5513,1014,2026-03-24,31.77,Recurring Deposit,Invest,0.0
5514,1498,2025-12-20,1.88,Round-Up,Banking,0.12
5515,1395,2026-04-19,1.79,Round-Up,Invest,0.21
5516,1464,2026-04-10,119.84,One-Time Deposit,Invest,0.0
5517,1324,2025-09-01,216.03,One-Time Deposit,Banking,0.0
5518,1144,2026-02-24,58.45,Recurring Deposit,Banking,0.0
5519,1267,2025-12-27,0.07,Round-Up,Invest,0.93
5520,1174,2026-01-08,-156.36,Withdrawal,Invest,0.0
5521,1096,2025-12-17,2.97,Round-Up,Invest,0.03
5522,1496,2026-02-28,23.36,Recurring Deposit,Invest,0.0
5523,1158,2026-04-28,-109.53,Withdrawal,Banking,0.0
5524,1327,2025-10-21,-58.81,Withdrawal,Banking,0.0
5525,1090,2025-08-24,2.2,Round-Up,Banking,0.8
5526,1046,2026-02-05,0.35,Round-Up,Invest,0.65
5527,1048,2026-04-14,27.7,One-Time Deposit,Banking,0.0
5528,1305,2025-06-28,1.72,Round-Up,Invest,0.28
5529,1381,2025-08-31,11.62,One-Time Deposit,Invest,0.0
5530,1374,2026-03-09,-241.76,Withdrawal,Banking,0.0
5531,1026,2026-02-15,1.85,Round-Up,Invest,0.15
5532,1226,2025-08-04,175.31,One-Time Deposit,Banking,0.0
5533,1180,2025-10-03,2.74,Round-Up,Banking,0.26
5534,1359,2026-01-11,73.38,Recurring Deposit,Invest,0.0
5535,1089,2026-03-15,-188.44,Withdrawal,Banking,0.0
5536,1071,2025-09-13,208.94,One-Time Deposit,Invest,0.0
5537,1078,2025-10-03,1.21,Round-Up,Banking,0.79
5538,1366,2026-04-26,248.16,Recurring Deposit,Banking,0.0
5539,1440,2026-01-05,10.07,Recurring Deposit,Banking,0.0
5540,1194,2026-04-17,0.4,Round-Up,Banking,0.6
5541,1015,2025-12-27,196.11,Recurring Deposit,Invest,0.0
5542,1117,2026-03-24,-52.56,Withdrawal,Banking,0.0
5543,1206,2025-09-26,176.07,One-Time Deposit,Banking,0.0
5544,1004,2026-02-04,214.6,One-Time Deposit,Banking,0.0
5545,1467,2025-12-19,1.78,Round-Up,Invest,0.22
5546,1409,2026-03-17,121.19,One-Time Deposit,Invest,0.0
5547,1494,2026-01-15,1.0,Round-Up,Invest,0.0
5548,1159,2026-04-29,1.74,Round-Up,Banking,0.26
5549,1217,2026-03-19,0.3,Round-Up,Banking,0.7
5550,1215,2026-04-25,2.81,Round-Up,Invest,0.19
5551,1155,2026-03-20,1.02,Round-Up,Banking,0.98
5552,1299,2026-04-29,117.2,One-Time Deposit,Invest,0.0
5553,1149,2026-04-01,143.91,One-Time Deposit,Invest,0.0
5554,1247,2025-10-04,107.02,One-Time Deposit,Banking,0.0
5555,1377,2026-04-14,0.07,Round-Up,Invest,0.93
5556,1488,2025-11-24,1.63,Round-Up,Banking,0.37
5557,1048,2026-02-07,127.46,Recurring Deposit,Banking,0.0
5558,1045,2025-11-19,67.03,One-Time Deposit,Banking,0.0
5559,1080,2025-11-08,-190.89,Withdrawal,Invest,0.0
5560,1214,2026-03-29,2.92,Round-Up,Invest,0.08
5561,1090,2025-11-19,204.97,One-Time Deposit,Banking,0.0
5562,1048,2026-01-15,1.57,Round-Up,Banking,0.43
5563,1364,2026-01-05,86.38,Recurring Deposit,Banking,0.0
5564,1298,2025-10-18,28.12,Recurring Deposit,Banking,0.0
5565,1359,2026-01-12,-25.9,Withdrawal,Invest,0.0
5566,1242,2026-04-08,-166.31,Withdrawal,Banking,0.0
5567,1235,2025-09-28,2.8,Round-Up,Invest,0.2
5568,1236,2026-02-13,218.51,One-Time Deposit,Invest,0.0
5569,1219,2025-11-06,131.52,One-Time Deposit,Invest,0.0
5570,1256,2025-12-12,77.36,One-Time Deposit,Banking,0.0
5571,1252,2026-04-28,1.56,Round-Up,Banking,0.44
5572,1354,2026-04-12,157.88,Recurring Deposit,Banking,0.0
5573,1317,2025-11-24,-200.9,Withdrawal,Banking,0.0
5574,1157,2026-04-13,1.34,Round-Up,Invest,0.66
5575,1241,2025-10-11,0.25,Round-Up,Invest,0.75
5576,1241,2025-07-22,1.14,Round-Up,Invest,0.86
5577,1121,2025-12-11,100.93,Recurring Deposit,Invest,0.0
5578,1007,2025-09-21,0.16,Round-Up,Banking,0.84
5579,1098,2026-04-21,-230.78,Withdrawal,Banking,0.0
5580,1226,2025-08-04,93.19,Recurring Deposit,Banking,0.0
5581,1461,2025-12-05,154.93,One-Time Deposit,Banking,0.0
5582,1483,2026-05-02,94.05,One-Time Deposit,Banking,0.0
5583,1096,2025-12-07,2.13,Round-Up,Banking,0.87
5584,1067,2026-01-31,-116.11,Withdrawal,Banking,0.0
5585,1226,2025-07-06,151.28,One-Time Deposit,Banking,0.0
5586,1376,2025-12-15,-104.84,Withdrawal,Invest,0.0
5587,1154,2026-03-17,100.71,One-Time Deposit,Invest,0.0
5588,1083,2025-08-28,205.99,Recurring Deposit,Banking,0.0
5589,1379,2026-02-14,1.6,Round-Up,Invest,0.4
5590,1175,2026-03-07,77.42,One-Time Deposit,Invest,0.0
5591,1138,2026-02-26,203.88,Recurring Deposit,Invest,0.0
5592,1152,2026-04-17,230.53,Recurring Deposit,Invest,0.0
5593,1474,2026-04-11,106.01,Recurring Deposit,Banking,0.0
5594,1164,2026-01-11,2.95,Round-Up,Banking,0.05
5595,1480,2025-12-30,-53.74,Withdrawal,Invest,0.0
5596,1347,2026-02-10,-59.25,Withdrawal,Invest,0.0
5597,1246,2026-04-08,1.84,Round-Up,Banking,0.16
5598,1108,2026-04-28,-226.3,Withdrawal,Banking,0.0
5599,1327,2025-11-12,1.69,Round-Up,Banking,0.31
5600,1205,2026-04-09,19.53,Recurring Deposit,Invest,0.0
5601,1091,2025-12-07,1.64,Round-Up,Invest,0.36
5602,1319,2025-09-26,-69.04,Withdrawal,Banking,0.0
5603,1467,2025-08-30,2.62,Round-Up,Invest,0.38
5604,1398,2026-05-02,129.95,One-Time Deposit,Banking,0.0
5605,1144,2025-12-21,0.76,Round-Up,Invest,0.24
5606,1366,2026-03-12,2.67,Round-Up,Banking,0.33
5607,1049,2026-01-08,223.1,One-Time Deposit,Banking,0.0
5608,1106,2026-02-13,1.82,Round-Up,Invest,0.18
5609,1449,2025-08-23,175.21,Recurring Deposit,Banking,0.0
5610,1076,2026-04-27,-232.06,Withdrawal,Invest,0.0
5611,1295,2026-05-02,57.27,Recurring Deposit,Invest,0.0
5612,1166,2025-10-26,210.25,Recurring Deposit,Banking,0.0
5613,1352,2026-04-16,2.82,Round-Up,Invest,0.18
5614,1087,2025-12-08,0.91,Round-Up,Invest,0.09
5615,1281,2025-08-15,61.74,One-Time Deposit,Banking,0.0
5616,1451,2026-02-08,1.47,Round-Up,Banking,0.53
5617,1398,2026-04-24,-128.09,Withdrawal,Banking,0.0
5618,1279,2026-05-03,2.01,Round-Up,Invest,0.99
5619,1444,2025-12-10,-61.82,Withdrawal,Banking,0.0
5620,1157,2026-04-21,0.87,Round-Up,Invest,0.13
5621,1444,2025-10-29,70.27,Recurring Deposit,Banking,0.0
5622,1311,2025-10-07,0.61,Round-Up,Banking,0.39
5623,1495,2025-05-14,1.21,Round-Up,Banking,0.79
5624,1144,2026-05-04,169.65,Recurring Deposit,Banking,0.0
5625,1492,2026-04-14,0.59,Round-Up,Invest,0.41
5626,1365,2026-02-24,55.36,Recurring Deposit,Banking,0.0
5627,1079,2026-02-21,54.12,One-Time Deposit,Banking,0.0
5628,1348,2026-02-08,2.3,Round-Up,Invest,0.7
5629,1124,2026-02-09,-55.86,Withdrawal,Invest,0.0
5630,1495,2025-08-22,153.73,One-Time Deposit,Banking,0.0
5631,1439,2025-10-23,184.38,Recurring Deposit,Banking,0.0
5632,1040,2026-04-29,166.77,One-Time Deposit,Invest,0.0
5633,1289,2026-03-13,121.42,One-Time Deposit,Invest,0.0
5634,1054,2026-02-21,1.24,Round-Up,Banking,0.76
5635,1411,2025-10-01,0.71,Round-Up,Invest,0.29
5636,1326,2026-04-27,46.18,One-Time Deposit,Banking,0.0
5637,1063,2025-10-01,1.59,Round-Up,Banking,0.41
5638,1325,2026-04-13,1.59,Round-Up,Banking,0.41
5639,1104,2026-02-02,175.96,Recurring Deposit,Invest,0.0
5640,1445,2026-03-10,58.42,Recurring Deposit,Invest,0.0
5641,1381,2025-07-24,2.15,Round-Up,Invest,0.85
5642,1027,2025-10-09,1.74,Round-Up,Invest,0.26
5643,1241,2025-08-13,2.89,Round-Up,Invest,0.11
5644,1010,2026-05-03,1.16,Round-Up,Banking,0.84
5645,1261,2026-04-21,2.7,Round-Up,Invest,0.3
5646,1220,2026-03-20,2.46,Round-Up,Invest,0.54
5647,1165,2025-09-29,-205.37,Withdrawal,Banking,0.0
5648,1352,2026-01-04,185.98,Recurring Deposit,Invest,0.0
5649,1204,2026-04-04,0.26,Round-Up,Banking,0.74
5650,1070,2026-05-01,2.85,Round-Up,Invest,0.15
5651,1408,2025-11-19,161.44,Recurring Deposit,Invest,0.0
5652,1430,2026-04-15,1.69,Round-Up,Invest,0.31
5653,1396,2025-12-11,33.2,Recurring Deposit,Banking,0.0
5654,1393,2025-06-08,-26.4,Withdrawal,Invest,0.0
5655,1166,2025-08-30,196.46,One-Time Deposit,Invest,0.0
5656,1385,2025-12-23,2.73,Round-Up,Banking,0.27
5657,1360,2026-04-08,47.16,Recurring Deposit,Invest,0.0
5658,1349,2026-04-25,-208.58,Withdrawal,Invest,0.0
5659,1416,2025-09-18,154.97,One-Time Deposit,Banking,0.0
5660,1276,2026-03-07,153.16,Recurring Deposit,Banking,0.0
5661,1405,2025-07-27,0.58,Round-Up,Banking,0.42
5662,1468,2026-02-24,2.15,Round-Up,Invest,0.85
5663,1439,2025-09-14,152.43,Recurring Deposit,Banking,0.0
5664,1179,2025-11-27,-242.12,Withdrawal,Invest,0.0
5665,1086,2025-11-20,59.63,One-Time Deposit,Invest,0.0
5666,1296,2025-11-23,57.57,Recurring Deposit,Invest,0.0
5667,1385,2026-02-12,2.25,Round-Up,Banking,0.75
5668,1157,2026-05-04,1.38,Round-Up,Invest,0.62
5669,1444,2025-10-30,139.52,One-Time Deposit,Banking,0.0
5670,1386,2025-07-19,0.76,Round-Up,Banking,0.24
5671,1335,2025-09-17,94.31,One-Time Deposit,Banking,0.0
5672,1006,2025-09-20,0.22,Round-Up,Invest,0.78
5673,1353,2025-10-13,86.21,Recurring Deposit,Banking,0.0
5674,1006,2025-10-28,238.06,Recurring Deposit,Invest,0.0
5675,1469,2026-04-04,172.41,One-Time Deposit,Invest,0.0
5676,1383,2026-01-04,1.21,Round-Up,Banking,0.79
5677,1273,2026-03-08,66.86,One-Time Deposit,Banking,0.0
5678,1118,2025-06-22,-7.54,Withdrawal,Banking,0.0
5679,1254,2025-08-20,180.14,One-Time Deposit,Invest,0.0
5680,1084,2025-09-21,1.04,Round-Up,Banking,0.96
5681,1296,2025-12-27,1.26,Round-Up,Banking,0.74
5682,1029,2026-03-20,2.39,Round-Up,Invest,0.61
5683,1240,2025-10-28,0.49,Round-Up,Banking,0.51
5684,1223,2026-03-09,202.15,Recurring Deposit,Invest,0.0
5685,1454,2025-08-08,177.68,Recurring Deposit,Banking,0.0
5686,1271,2026-04-23,0.92,Round-Up,Invest,0.08
5687,1342,2026-03-17,2.19,Round-Up,Banking,0.81
5688,1092,2026-03-16,1.66,Round-Up,Banking,0.34
5689,1283,2026-02-23,-115.55,Withdrawal,Banking,0.0
5690,1013,2025-09-19,48.9,One-Time Deposit,Banking,0.0
5691,1465,2026-04-25,59.73,Recurring Deposit,Invest,0.0
5692,1196,2026-03-19,2.92,Round-Up,Invest,0.08
5693,1097,2026-05-02,7.51,One-Time Deposit,Banking,0.0
5694,1381,2025-10-03,2.62,Round-Up,Invest,0.38
5695,1166,2026-01-31,0.01,Round-Up,Invest,0.99
5696,1139,2026-04-11,173.96,One-Time Deposit,Invest,0.0
5697,1462,2025-08-07,145.22,One-Time Deposit,Banking,0.0
5698,1091,2026-02-20,0.29,Round-Up,Invest,0.71
5699,1145,2025-10-31,1.6,Round-Up,Invest,0.4
5700,1292,2026-05-02,2.24,Round-Up,Invest,0.76
5701,1053,2026-02-22,1.24,Round-Up,Invest,0.76
5702,1207,2025-07-17,93.08,One-Time Deposit,Banking,0.0
5703,1449,2026-04-09,-214.3,Withdrawal,Banking,0.0
5704,1211,2026-04-23,1.32,Round-Up,Invest,0.68
5705,1392,2025-06-25,0.88,Round-Up,Invest,0.12
5706,1343,2026-04-26,1.15,Round-Up,Invest,0.85
5707,1178,2026-04-18,78.06,One-Time Deposit,Invest,0.0
5708,1030,2025-09-01,1.94,Round-Up,Invest,0.06
5709,1306,2025-10-19,116.23,Recurring Deposit,Invest,0.0
5710,1063,2025-05-23,0.29,Round-Up,Banking,0.71
5711,1477,2025-08-10,67.7,One-Time Deposit,Banking,0.0
5712,1120,2025-10-20,182.24,Recurring Deposit,Banking,0.0
5713,1130,2026-02-21,-71.09,Withdrawal,Invest,0.0
5714,1361,2026-03-17,-214.2,Withdrawal,Banking,0.0
5715,1168,2025-10-15,48.53,Recurring Deposit,Invest,0.0
5716,1342,2026-03-20,-94.97,Withdrawal,Banking,0.0
5717,1276,2025-07-06,2.67,Round-Up,Banking,0.33
5718,1205,2025-12-29,2.11,Round-Up,Invest,0.89
5719,1369,2025-07-30,0.19,Round-Up,Banking,0.81
5720,1080,2025-07-27,212.33,Recurring Deposit,Invest,0.0
5721,1127,2026-03-02,-151.53,Withdrawal,Invest,0.0
5722,1217,2026-02-20,0.95,Round-Up,Banking,0.05
5723,1498,2025-11-15,217.57,One-Time Deposit,Banking,0.0
5724,1079,2026-01-31,138.75,Recurring Deposit,Banking,0.0
5725,1327,2025-10-22,-228.14,Withdrawal,Banking,0.0
5726,1099,2026-02-06,212.86,One-Time Deposit,Banking,0.0
5727,1305,2025-06-25,-239.74,Withdrawal,Banking,0.0
5728,1095,2026-05-03,0.72,Round-Up,Banking,0.28
5729,1439,2026-02-26,1.34,Round-Up,Banking,0.66
5730,1168,2025-07-26,119.99,One-Time Deposit,Invest,0.0
5731,1492,2026-03-23,1.91,Round-Up,Invest,0.09
5732,1366,2026-04-29,2.38,Round-Up,Banking,0.62
5733,1031,2026-04-21,182.02,Recurring Deposit,Invest,0.0
5734,1088,2026-03-13,74.03,Recurring Deposit,Banking,0.0
5735,1233,2025-09-24,88.54,Recurring Deposit,Invest,0.0
5736,1063,2026-03-08,2.01,Round-Up,Banking,0.99
5737,1241,2026-01-19,122.07,One-Time Deposit,Invest,0.0
5738,1153,2025-12-18,2.85,Round-Up,Banking,0.15
5739,1485,2026-04-25,0.55,Round-Up,Banking,0.45
5740,1172,2025-06-12,187.68,One-Time Deposit,Banking,0.0
5741,1484,2026-04-24,1.73,Round-Up,Banking,0.27
5742,1208,2025-12-17,0.53,Round-Up,Banking,0.47
5743,1474,2026-04-18,192.82,Recurring Deposit,Banking,0.0
5744,1484,2026-03-31,2.4,Round-Up,Banking,0.6
5745,1197,2026-04-08,-45.92,Withdrawal,Invest,0.0
5746,1260,2026-02-04,29.11,One-Time Deposit,Banking,0.0
5747,1449,2025-08-14,-149.83,Withdrawal,Banking,0.0
5748,1168,2025-10-20,2.15,Round-Up,Invest,0.85
5749,1003,2026-04-21,41.51,One-Time Deposit,Banking,0.0
5750,1070,2026-03-01,1.78,Round-Up,Invest,0.22
5751,1216,2025-10-30,218.22,Recurring Deposit,Invest,0.0
5752,1176,2025-12-18,2.53,Round-Up,Banking,0.47
5753,1351,2026-02-13,2.19,Round-Up,Invest,0.81
5754,1236,2026-01-06,24.48,Recurring Deposit,Banking,0.0
5755,1302,2026-03-20,0.64,Round-Up,Banking,0.36
5756,1135,2026-04-15,1.92,Round-Up,Banking,0.08
5757,1395,2026-04-24,0.13,Round-Up,Invest,0.87
5758,1249,2026-01-27,126.0,Recurring Deposit,Banking,0.0
5759,1465,2026-04-29,2.14,Round-Up,Invest,0.86
5760,1499,2025-09-08,0.08,Round-Up,Banking,0.92
5761,1230,2025-12-15,1.74,Round-Up,Invest,0.26
5762,1142,2026-01-14,156.89,One-Time Deposit,Banking,0.0
5763,1027,2025-08-25,151.33,Recurring Deposit,Invest,0.0
5764,1220,2026-05-03,0.14,Round-Up,Invest,0.86
5765,1016,2026-02-28,2.14,Round-Up,Invest,0.86
5766,1410,2025-09-23,2.79,Round-Up,Banking,0.21
5767,1354,2026-05-04,2.15,Round-Up,Banking,0.85
5768,1237,2025-06-16,1.74,Round-Up,Banking,0.26
5769,1061,2025-09-22,131.55,One-Time Deposit,Invest,0.0
5770,1130,2026-03-22,129.61,One-Time Deposit,Invest,0.0
5771,1390,2025-11-05,-60.49,Withdrawal,Invest,0.0
5772,1267,2026-04-14,0.7,Round-Up,Invest,0.3
5773,1161,2025-11-29,12.26,One-Time Deposit,Invest,0.0
5774,1113,2026-04-20,174.2,One-Time Deposit,Invest,0.0
5775,1206,2025-09-30,117.01,One-Time Deposit,Invest,0.0
5776,1094,2026-04-27,173.81,Recurring Deposit,Banking,0.0
5777,1127,2025-09-14,2.34,Round-Up,Invest,0.66
5778,1232,2026-01-29,1.93,Round-Up,Invest,0.07
5779,1082,2026-03-18,87.0,Recurring Deposit,Banking,0.0
5780,1339,2025-09-07,2.95,Round-Up,Invest,0.05
5781,1187,2026-03-05,2.84,Round-Up,Invest,0.16
5782,1494,2026-03-12,2.47,Round-Up,Invest,0.53
5783,1453,2026-02-12,2.12,Round-Up,Banking,0.88
5784,1425,2025-08-05,206.42,One-Time Deposit,Banking,0.0
5785,1292,2026-05-02,0.32,Round-Up,Invest,0.68
5786,1056,2025-12-07,0.82,Round-Up,Invest,0.18
5787,1026,2026-04-07,28.21,One-Time Deposit,Invest,0.0
5788,1045,2025-11-04,206.48,One-Time Deposit,Banking,0.0
5789,1198,2026-04-26,-57.44,Withdrawal,Invest,0.0
5790,1270,2025-10-07,0.45,Round-Up,Banking,0.55
5791,1052,2026-02-09,-58.35,Withdrawal,Banking,0.0
5792,1043,2025-12-04,122.42,One-Time Deposit,Invest,0.0
5793,1313,2026-05-04,186.82,Recurring Deposit,Banking,0.0
5794,1373,2025-08-31,0.75,Round-Up,Banking,0.25
5795,1210,2026-01-29,32.69,One-Time Deposit,Banking,0.0
5796,1085,2026-04-08,163.26,Recurring Deposit,Invest,0.0
5797,1368,2026-04-18,246.06,Recurring Deposit,Invest,0.0
5798,1245,2026-01-24,2.99,Round-Up,Invest,0.01
5799,1366,2026-04-17,2.93,Round-Up,Banking,0.07
5800,1137,2026-04-16,142.49,One-Time Deposit,Banking,0.0
5801,1031,2026-04-28,-196.68,Withdrawal,Invest,0.0
5802,1234,2026-04-29,2.28,Round-Up,Invest,0.72
5803,1499,2025-11-29,138.31,Recurring Deposit,Banking,0.0
5804,1115,2026-03-26,107.11,Recurring Deposit,Banking,0.0
5805,1360,2026-03-01,215.78,Recurring Deposit,Banking,0.0
5806,1389,2026-02-04,242.58,One-Time Deposit,Invest,0.0
5807,1367,2026-03-29,0.83,Round-Up,Banking,0.17
5808,1372,2025-07-14,-146.65,Withdrawal,Invest,0.0
5809,1413,2025-12-28,199.15,One-Time Deposit,Banking,0.0
5810,1197,2026-04-13,135.67,Recurring Deposit,Invest,0.0
5811,1490,2026-03-23,0.81,Round-Up,Banking,0.19
5812,1257,2026-02-21,165.53,Recurring Deposit,Banking,0.0
5813,1427,2026-03-16,2.42,Round-Up,Invest,0.58
5814,1031,2026-04-13,2.2,Round-Up,Invest,0.8
5815,1409,2025-12-11,248.11,Recurring Deposit,Banking,0.0
5816,1126,2026-04-27,160.93,One-Time Deposit,Invest,0.0
5817,1065,2026-04-12,218.87,Recurring Deposit,Banking,0.0
5818,1271,2026-04-11,0.58,Round-Up,Banking,0.42
5819,1218,2026-04-05,164.81,One-Time Deposit,Banking,0.0
5820,1343,2025-12-05,2.18,Round-Up,Invest,0.82
5821,1347,2025-12-31,75.35,One-Time Deposit,Invest,0.0
5822,1396,2026-02-19,1.85,Round-Up,Banking,0.15
5823,1292,2026-05-03,149.7,Recurring Deposit,Invest,0.0
5824,1396,2026-01-27,157.49,Recurring Deposit,Banking,0.0
5825,1472,2025-12-29,1.6,Round-Up,Banking,0.4
5826,1238,2026-01-09,0.85,Round-Up,Banking,0.15
5827,1396,2026-04-27,75.23,Recurring Deposit,Banking,0.0
5828,1348,2026-02-16,152.48,Recurring Deposit,Invest,0.0
5829,1101,2025-07-04,243.27,Recurring Deposit,Invest,0.0
5830,1285,2026-02-28,238.75,Recurring Deposit,Invest,0.0
5831,1365,2025-06-27,1.21,Round-Up,Banking,0.79
5832,1140,2026-02-01,0.78,Round-Up,Banking,0.22
5833,1341,2026-02-27,0.1,Round-Up,Banking,0.9
5834,1185,2026-04-29,0.39,Round-Up,Invest,0.61
5835,1145,2025-11-08,209.5,Recurring Deposit,Invest,0.0
5836,1301,2025-12-06,0.56,Round-Up,Invest,0.44
5837,1276,2025-07-12,-62.94,Withdrawal,Banking,0.0
5838,1494,2026-01-26,70.12,Recurring Deposit,Banking,0.0
5839,1037,2026-04-05,59.11,Recurring Deposit,Banking,0.0
5840,1473,2026-03-17,-90.78,Withdrawal,Banking,0.0
5841,1452,2025-10-19,0.9,Round-Up,Banking,0.1
5842,1249,2026-01-22,163.48,Recurring Deposit,Banking,0.0
5843,1414,2026-01-02,1.1,Round-Up,Invest,0.9
5844,1484,2026-04-11,0.49,Round-Up,Invest,0.51
5845,1030,2025-09-07,68.14,Recurring Deposit,Invest,0.0
5846,1190,2026-03-15,1.67,Round-Up,Banking,0.33
5847,1148,2025-09-18,-7.21,Withdrawal,Banking,0.0
5848,1274,2026-05-03,196.34,Recurring Deposit,Banking,0.0
5849,1116,2026-03-28,212.54,Recurring Deposit,Invest,0.0
5850,1107,2026-01-26,0.04,Round-Up,Banking,0.96
5851,1367,2026-03-08,23.23,Recurring Deposit,Banking,0.0
5852,1253,2026-04-08,2.14,Round-Up,Banking,0.86
5853,1027,2025-07-30,16.21,Recurring Deposit,Invest,0.0
5854,1133,2026-03-14,1.03,Round-Up,Invest,0.97
5855,1261,2026-04-30,112.92,Recurring Deposit,Invest,0.0
5856,1233,2026-04-23,1.17,Round-Up,Invest,0.83
5857,1119,2025-12-02,2.1,Round-Up,Invest,0.9
5858,1281,2025-10-22,171.48,One-Time Deposit,Banking,0.0
5859,1463,2026-04-19,0.25,Round-Up,Banking,0.75
5860,1481,2026-03-15,60.41,Recurring Deposit,Invest,0.0
5861,1470,2025-08-08,2.06,Round-Up,Banking,0.94
5862,1321,2026-01-04,1.12,Round-Up,Banking,0.88
5863,1417,2025-12-17,75.47,One-Time Deposit,Banking,0.0
5864,1466,2025-12-26,2.53,Round-Up,Invest,0.47
5865,1460,2026-04-01,0.53,Round-Up,Invest,0.47
5866,1365,2025-12-20,209.66,Recurring Deposit,Banking,0.0
5867,1102,2026-01-15,1.33,Round-Up,Banking,0.67
5868,1118,2025-06-21,2.17,Round-Up,Banking,0.83
5869,1189,2026-02-05,2.44,Round-Up,Banking,0.56
5870,1241,2026-03-15,1.52,Round-Up,Invest,0.48
5871,1160,2026-02-18,131.61,One-Time Deposit,Banking,0.0
5872,1317,2025-12-27,2.75,Round-Up,Banking,0.25
5873,1177,2026-04-30,230.97,Recurring Deposit,Banking,0.0
5874,1289,2026-04-24,0.78,Round-Up,Invest,0.22
5875,1482,2025-12-23,1.09,Round-Up,Invest,0.91
5876,1152,2026-02-19,2.58,Round-Up,Banking,0.42
5877,1197,2026-04-06,193.89,One-Time Deposit,Invest,0.0
5878,1221,2026-03-15,-136.0,Withdrawal,Invest,0.0
5879,1227,2026-04-30,128.9,One-Time Deposit,Banking,0.0
5880,1334,2025-11-10,-22.83,Withdrawal,Invest,0.0
5881,1024,2026-03-23,2.91,Round-Up,Invest,0.09
5882,1471,2026-03-05,1.8,Round-Up,Invest,0.2
5883,1466,2025-09-08,0.03,Round-Up,Invest,0.97
5884,1361,2026-03-09,0.11,Round-Up,Banking,0.89
5885,1002,2025-11-17,0.45,Round-Up,Banking,0.55
5886,1147,2026-03-08,0.57,Round-Up,Banking,0.43
5887,1489,2026-05-02,2.31,Round-Up,Invest,0.69
5888,1116,2026-04-11,0.68,Round-Up,Invest,0.32
5889,1128,2025-10-20,2.91,Round-Up,Banking,0.09
5890,1214,2026-01-29,1.91,Round-Up,Invest,0.09
5891,1018,2025-09-09,124.0,Recurring Deposit,Invest,0.0
5892,1428,2026-03-26,0.66,Round-Up,Banking,0.34
5893,1077,2026-02-11,32.18,Recurring Deposit,Banking,0.0
5894,1175,2026-04-16,176.3,One-Time Deposit,Invest,0.0
5895,1139,2026-05-04,2.59,Round-Up,Invest,0.41
5896,1500,2026-01-10,2.87,Round-Up,Invest,0.13
5897,1125,2026-03-20,0.39,Round-Up,Banking,0.61
5898,1233,2025-09-06,26.72,One-Time Deposit,Invest,0.0
5899,1470,2025-11-24,2.41,Round-Up,Banking,0.59
5900,1229,2026-03-30,2.6,Round-Up,Invest,0.4
5901,1384,2026-03-12,1.76,Round-Up,Banking,0.24
5902,1480,2026-04-16,104.49,Recurring Deposit,Invest,0.0
5903,1345,2026-04-07,1.96,Round-Up,Banking,0.04
5904,1367,2026-04-27,167.36,One-Time Deposit,Banking,0.0
5905,1254,2025-07-07,94.61,One-Time Deposit,Invest,0.0
5906,1273,2026-04-20,179.94,Recurring Deposit,Banking,0.0
5907,1383,2025-11-14,158.9,One-Time Deposit,Invest,0.0
5908,1324,2025-10-23,164.56,One-Time Deposit,Invest,0.0
5909,1499,2025-12-07,-199.26,Withdrawal,Banking,0.0
5910,1405,2026-04-03,159.63,Recurring Deposit,Banking,0.0
5911,1262,2025-07-11,2.83,Round-Up,Banking,0.17
5912,1164,2025-11-17,2.42,Round-Up,Banking,0.58
5913,1231,2026-03-19,34.3,Recurring Deposit,Invest,0.0
5914,1285,2026-03-24,195.96,Recurring Deposit,Invest,0.0
5915,1355,2025-12-09,191.47,One-Time Deposit,Banking,0.0
5916,1052,2026-03-09,65.34,One-Time Deposit,Banking,0.0
5917,1477,2025-07-29,216.36,One-Time Deposit,Invest,0.0
5918,1029,2026-04-30,0.64,Round-Up,Invest,0.36
5919,1468,2026-04-11,122.28,Recurring Deposit,Invest,0.0
5920,1213,2026-05-02,0.45,Round-Up,Banking,0.55
5921,1481,2026-05-03,-98.77,Withdrawal,Invest,0.0
5922,1438,2026-04-11,161.96,Recurring Deposit,Invest,0.0
5923,1312,2026-03-20,26.99,One-Time Deposit,Invest,0.0
5924,1221,2025-09-30,1.4,Round-Up,Invest,0.6
5925,1072,2026-02-18,1.99,Round-Up,Banking,0.01
5926,1173,2026-03-25,0.08,Round-Up,Banking,0.92
5927,1318,2026-01-03,138.98,Recurring Deposit,Banking,0.0
5928,1308,2026-04-30,135.59,One-Time Deposit,Invest,0.0
5929,1108,2026-04-01,1.9,Round-Up,Invest,0.1
5930,1090,2026-01-10,239.54,One-Time Deposit,Banking,0.0
5931,1412,2026-03-06,232.4,Recurring Deposit,Invest,0.0
5932,1128,2026-04-18,1.1,Round-Up,Banking,0.9
5933,1274,2026-04-23,29.26,One-Time Deposit,Banking,0.0
5934,1236,2026-03-07,55.92,Recurring Deposit,Invest,0.0
5935,1274,2026-04-12,50.06,One-Time Deposit,Banking,0.0
5936,1295,2026-03-13,132.3,Recurring Deposit,Invest,0.0
5937,1181,2026-03-03,55.91,One-Time Deposit,Banking,0.0
5938,1090,2025-08-31,-175.47,Withdrawal,Banking,0.0
5939,1406,2025-06-23,2.0,Round-Up,Banking,0.0
5940,1277,2026-03-23,9.33,One-Time Deposit,Invest,0.0
5941,1109,2026-02-01,0.07,Round-Up,Banking,0.93
5942,1269,2026-05-02,0.04,Round-Up,Banking,0.96
5943,1134,2026-04-23,2.31,Round-Up,Banking,0.69
5944,1275,2025-11-12,1.94,Round-Up,Invest,0.06
5945,1441,2025-11-13,-87.96,Withdrawal,Invest,0.0
5946,1089,2026-03-01,-7.9,Withdrawal,Banking,0.0
5947,1300,2026-05-04,0.14,Round-Up,Invest,0.86
5948,1333,2025-07-18,154.94,One-Time Deposit,Banking,0.0
5949,1428,2026-03-02,108.57,One-Time Deposit,Banking,0.0
5950,1475,2026-03-16,28.67,Recurring Deposit,Invest,0.0
5951,1482,2026-04-08,176.29,One-Time Deposit,Invest,0.0
5952,1464,2026-05-04,1.76,Round-Up,Invest,0.24
5953,1207,2025-07-21,247.13,Recurring Deposit,Banking,0.0
5954,1455,2026-04-20,237.88,Recurring Deposit,Banking,0.0
5955,1064,2026-04-10,185.15,One-Time Deposit,Banking,0.0
5956,1338,2026-01-21,-242.91,Withdrawal,Invest,0.0
5957,1172,2025-06-02,-30.88,Withdrawal,Banking,0.0
5958,1458,2026-04-26,73.58,One-Time Deposit,Banking,0.0
5959,1283,2026-02-16,67.04,One-Time Deposit,Banking,0.0
5960,1232,2026-01-26,-22.64,Withdrawal,Invest,0.0
5961,1375,2026-04-10,0.68,Round-Up,Invest,0.32
5962,1073,2025-07-22,0.21,Round-Up,Invest,0.79
5963,1088,2026-05-01,0.82,Round-Up,Banking,0.18
5964,1141,2026-02-23,193.2,Recurring Deposit,Banking,0.0
5965,1365,2026-03-04,97.09,Recurring Deposit,Banking,0.0
5966,1039,2025-12-18,1.86,Round-Up,Banking,0.14
5967,1460,2026-04-06,-6.49,Withdrawal,Invest,0.0
5968,1214,2025-10-13,54.98,Recurring Deposit,Invest,0.0
5969,1043,2026-01-08,126.0,Recurring Deposit,Banking,0.0
5970,1495,2026-02-10,0.29,Round-Up,Banking,0.71
5971,1259,2026-01-28,148.4,One-Time Deposit,Banking,0.0
5972,1280,2026-04-09,194.13,Recurring Deposit,Invest,0.0
5973,1446,2026-03-19,97.45,One-Time Deposit,Banking,0.0
5974,1007,2025-10-30,44.29,Recurring Deposit,Banking,0.0
5975,1239,2026-03-20,201.01,Recurring Deposit,Invest,0.0
5976,1248,2026-04-26,0.73,Round-Up,Invest,0.27
5977,1116,2026-03-21,75.29,Recurring Deposit,Invest,0.0
5978,1128,2025-09-05,0.91,Round-Up,Banking,0.09
5979,1024,2026-03-15,0.14,Round-Up,Invest,0.86
5980,1020,2026-01-25,1.67,Round-Up,Banking,0.33
5981,1428,2026-04-07,2.51,Round-Up,Banking,0.49
5982,1177,2026-03-27,1.23,Round-Up,Invest,0.77
5983,1490,2026-04-09,27.75,Recurring Deposit,Banking,0.0
5984,1475,2026-01-15,240.44,Recurring Deposit,Invest,0.0
5985,1004,2026-02-07,2.37,Round-Up,Banking,0.63
5986,1414,2025-11-07,53.37,Recurring Deposit,Invest,0.0
5987,1043,2026-01-09,2.2,Round-Up,Invest,0.8
5988,1094,2026-04-22,1.51,Round-Up,Banking,0.49
5989,1460,2026-03-30,175.92,One-Time Deposit,Invest,0.0
5990,1066,2026-01-26,34.65,One-Time Deposit,Invest,0.0
5991,1166,2026-01-04,124.03,Recurring Deposit,Banking,0.0
5992,1213,2026-05-01,1.71,Round-Up,Banking,0.29
5993,1024,2026-03-03,145.26,Recurring Deposit,Invest,0.0
5994,1175,2026-03-19,37.49,Recurring Deposit,Invest,0.0
5995,1240,2026-04-18,-47.11,Withdrawal,Banking,0.0
5996,1171,2025-12-10,2.69,Round-Up,Invest,0.31
5997,1125,2026-03-09,134.12,One-Time Deposit,Banking,0.0
5998,1008,2026-04-18,177.93,One-Time Deposit,Banking,0.0
5999,1318,2025-08-12,-96.4,Withdrawal,Banking,0.0
6000,1499,2026-02-27,1.56,Round-Up,Banking,0.44
6001,1160,2025-11-06,244.39,One-Time Deposit,Banking,0.0
6002,1469,2026-03-08,1.95,Round-Up,Invest,0.05
6003,1130,2026-03-02,170.32,One-Time Deposit,Invest,0.0
6004,1464,2026-01-25,1.6,Round-Up,Invest,0.4
6005,1239,2025-12-09,1.89,Round-Up,Invest,0.11
6006,1410,2025-10-31,196.99,One-Time Deposit,Banking,0.0
6007,1475,2026-04-09,1.76,Round-Up,Invest,0.24
6008,1100,2026-02-22,0.54,Round-Up,Invest,0.46
6009,1130,2026-04-17,0.11,Round-Up,Invest,0.89
6010,1412,2026-02-26,1.02,Round-Up,Invest,0.98
6011,1109,2026-01-05,-228.24,Withdrawal,Banking,0.0
6012,1095,2026-04-17,75.73,One-Time Deposit,Banking,0.0
6013,1381,2025-09-19,205.62,Recurring Deposit,Invest,0.0
6014,1289,2026-04-11,1.04,Round-Up,Invest,0.96
6015,1210,2025-11-22,-235.17,Withdrawal,Banking,0.0
6016,1441,2025-10-01,229.04,One-Time Deposit,Invest,0.0
6017,1311,2026-03-29,15.6,One-Time Deposit,Banking,0.0
6018,1174,2026-03-31,193.75,One-Time Deposit,Invest,0.0
6019,1492,2026-05-03,46.52,Recurring Deposit,Invest,0.0
6020,1007,2025-08-16,57.74,One-Time Deposit,Banking,0.0
6021,1427,2026-01-08,0.04,Round-Up,Banking,0.96
6022,1275,2025-12-14,1.24,Round-Up,Invest,0.76
6023,1263,2026-01-20,84.82,One-Time Deposit,Invest,0.0
6024,1133,2026-01-28,145.97,One-Time Deposit,Invest,0.0
6025,1002,2025-07-17,0.29,Round-Up,Banking,0.71
6026,1185,2026-05-04,0.92,Round-Up,Banking,0.08
6027,1116,2026-02-04,144.95,One-Time Deposit,Invest,0.0
6028,1204,2026-04-21,131.77,Recurring Deposit,Banking,0.0
6029,1453,2025-09-30,1.41,Round-Up,Banking,0.59
6030,1400,2026-04-03,2.51,Round-Up,Banking,0.49
6031,1105,2025-11-25,224.88,Recurring Deposit,Invest,0.0
6032,1466,2026-04-10,117.57,One-Time Deposit,Invest,0.0
6033,1025,2026-04-30,0.49,Round-Up,Banking,0.51
6034,1447,2025-10-12,159.51,Recurring Deposit,Banking,0.0
6035,1053,2025-09-25,170.41,One-Time Deposit,Invest,0.0
6036,1486,2026-01-27,132.77,One-Time Deposit,Banking,0.0
6037,1314,2026-03-07,-173.88,Withdrawal,Banking,0.0
6038,1211,2026-05-01,-84.28,Withdrawal,Invest,0.0
6039,1260,2026-01-16,0.31,Round-Up,Banking,0.69
6040,1315,2025-12-27,1.88,Round-Up,Banking,0.12
6041,1180,2025-06-24,0.35,Round-Up,Banking,0.65
6042,1361,2026-04-20,0.77,Round-Up,Banking,0.23
6043,1239,2026-04-29,0.54,Round-Up,Invest,0.46
6044,1260,2025-12-22,0.53,Round-Up,Banking,0.47
6045,1025,2026-04-05,-151.62,Withdrawal,Banking,0.0
6046,1302,2026-02-24,12.22,Recurring Deposit,Banking,0.0
6047,1434,2026-01-08,247.47,One-Time Deposit,Banking,0.0
6048,1226,2025-09-11,180.5,One-Time Deposit,Banking,0.0
6049,1192,2025-10-03,1.27,Round-Up,Banking,0.73
6050,1187,2025-10-22,0.3,Round-Up,Invest,0.7
6051,1364,2025-11-28,0.37,Round-Up,Invest,0.63
6052,1310,2025-10-29,169.69,Recurring Deposit,Banking,0.0
6053,1095,2026-04-01,2.94,Round-Up,Banking,0.06
6054,1422,2025-06-09,61.22,Recurring Deposit,Banking,0.0
6055,1293,2026-03-15,98.09,One-Time Deposit,Banking,0.0
6056,1335,2025-11-07,1.34,Round-Up,Invest,0.66
6057,1025,2026-03-29,1.31,Round-Up,Banking,0.69
6058,1138,2026-01-15,163.07,One-Time Deposit,Invest,0.0
6059,1416,2026-03-01,-216.5,Withdrawal,Banking,0.0
6060,1334,2025-11-20,58.6,Recurring Deposit,Invest,0.0
6061,1428,2026-03-14,2.59,Round-Up,Banking,0.41
6062,1435,2026-03-06,29.77,One-Time Deposit,Invest,0.0
6063,1500,2025-12-27,1.32,Round-Up,Invest,0.68
6064,1133,2026-03-15,-148.07,Withdrawal,Invest,0.0
6065,1098,2026-04-09,57.98,Recurring Deposit,Banking,0.0
6066,1309,2025-12-29,100.96,One-Time Deposit,Banking,0.0
6067,1239,2026-03-17,1.29,Round-Up,Invest,0.71
6068,1302,2026-04-01,41.36,One-Time Deposit,Banking,0.0
6069,1479,2026-04-22,2.06,Round-Up,Banking,0.94
6070,1385,2026-02-14,2.32,Round-Up,Banking,0.68
6071,1400,2026-02-05,2.22,Round-Up,Banking,0.78
6072,1309,2025-10-22,-182.66,Withdrawal,Banking,0.0
6073,1021,2025-07-12,207.58,One-Time Deposit,Invest,0.0
6074,1368,2026-05-02,2.55,Round-Up,Invest,0.45
6075,1428,2026-03-03,58.46,Recurring Deposit,Banking,0.0
6076,1192,2026-02-20,0.59,Round-Up,Banking,0.41
6077,1398,2026-05-02,0.95,Round-Up,Banking,0.05
6078,1408,2025-11-10,1.36,Round-Up,Invest,0.64
6079,1270,2025-09-13,84.01,One-Time Deposit,Banking,0.0
6080,1190,2026-04-11,102.64,One-Time Deposit,Invest,0.0
6081,1123,2026-04-13,208.11,One-Time Deposit,Invest,0.0
6082,1041,2026-03-03,108.36,Recurring Deposit,Invest,0.0
6083,1196,2026-04-01,1.78,Round-Up,Invest,0.22
6084,1241,2025-08-06,249.17,Recurring Deposit,Invest,0.0
6085,1450,2025-08-27,0.34,Round-Up,Banking,0.66
6086,1218,2026-03-16,168.26,Recurring Deposit,Banking,0.0
6087,1035,2026-01-14,101.01,Recurring Deposit,Banking,0.0
6088,1340,2025-10-20,21.42,Recurring Deposit,Banking,0.0
6089,1444,2025-11-25,145.42,One-Time Deposit,Banking,0.0
6090,1044,2026-04-15,93.62,Recurring Deposit,Invest,0.0
6091,1117,2026-04-09,0.43,Round-Up,Invest,0.57
6092,1398,2026-04-13,173.49,Recurring Deposit,Banking,0.0
6093,1113,2026-04-14,3.0,Round-Up,Banking,0.0
6094,1272,2026-05-03,2.55,Round-Up,Invest,0.45
6095,1231,2026-02-12,102.55,One-Time Deposit,Invest,0.0
6096,1214,2025-11-26,41.96,Recurring Deposit,Invest,0.0
6097,1192,2025-09-27,1.27,Round-Up,Banking,0.73
6098,1060,2025-10-15,-238.0,Withdrawal,Banking,0.0
6099,1126,2026-04-25,-201.37,Withdrawal,Invest,0.0
6100,1307,2026-02-08,55.41,One-Time Deposit,Banking,0.0
6101,1075,2025-12-30,100.87,One-Time Deposit,Invest,0.0
6102,1338,2026-03-14,232.31,Recurring Deposit,Invest,0.0
6103,1218,2026-03-12,0.37,Round-Up,Banking,0.63
6104,1070,2026-04-21,67.22,One-Time Deposit,Invest,0.0
6105,1030,2025-09-16,-69.24,Withdrawal,Invest,0.0
6106,1049,2025-10-13,-144.88,Withdrawal,Banking,0.0
6107,1234,2026-04-27,-105.63,Withdrawal,Banking,0.0
6108,1454,2025-12-28,1.15,Round-Up,Banking,0.85
6109,1116,2026-04-29,2.43,Round-Up,Invest,0.57
6110,1065,2026-03-08,1.63,Round-Up,Banking,0.37
6111,1335,2025-11-19,0.04,Round-Up,Banking,0.96
6112,1018,2026-03-04,1.41,Round-Up,Invest,0.59
6113,1307,2025-12-02,0.88,Round-Up,Banking,0.12
6114,1307,2025-10-20,21.54,One-Time Deposit,Banking,0.0
6115,1168,2025-05-27,161.61,Recurring Deposit,Invest,0.0
6116,1373,2025-10-22,110.67,Recurring Deposit,Banking,0.0
6117,1086,2025-11-08,105.72,Recurring Deposit,Invest,0.0
6118,1216,2025-10-07,2.05,Round-Up,Invest,0.95
6119,1352,2026-01-07,2.55,Round-Up,Banking,0.45
6120,1410,2025-10-21,8.68,Recurring Deposit,Banking,0.0
6121,1168,2025-05-29,35.68,One-Time Deposit,Invest,0.0
6122,1002,2025-10-31,62.95,One-Time Deposit,Banking,0.0
6123,1027,2025-11-05,0.14,Round-Up,Invest,0.86
6124,1178,2026-04-24,1.5,Round-Up,Invest,0.5
6125,1369,2025-11-03,190.62,One-Time Deposit,Banking,0.0
6126,1299,2026-01-28,186.45,Recurring Deposit,Invest,0.0
6127,1317,2026-03-28,-214.03,Withdrawal,Banking,0.0
6128,1241,2026-02-02,97.32,One-Time Deposit,Invest,0.0
6129,1495,2025-11-27,89.54,One-Time Deposit,Banking,0.0
6130,1152,2026-04-11,208.6,Recurring Deposit,Invest,0.0
6131,1312,2026-04-06,63.21,One-Time Deposit,Invest,0.0
6132,1257,2025-12-24,117.99,One-Time Deposit,Banking,0.0
6133,1088,2026-04-13,-52.61,Withdrawal,Banking,0.0
6134,1118,2025-09-05,228.89,Recurring Deposit,Banking,0.0
6135,1422,2026-01-05,-104.91,Withdrawal,Banking,0.0
6136,1424,2025-10-01,2.08,Round-Up,Invest,0.92
6137,1084,2025-11-17,174.54,One-Time Deposit,Banking,0.0
6138,1262,2025-12-27,64.94,Recurring Deposit,Banking,0.0
6139,1497,2025-12-03,2.29,Round-Up,Banking,0.71
6140,1020,2026-03-03,95.07,Recurring Deposit,Banking,0.0
6141,1425,2025-08-09,2.89,Round-Up,Banking,0.11
6142,1021,2026-02-27,89.59,Recurring Deposit,Invest,0.0
6143,1477,2025-08-10,202.78,One-Time Deposit,Banking,0.0
6144,1329,2026-03-31,1.15,Round-Up,Invest,0.85
6145,1043,2025-11-27,198.04,One-Time Deposit,Invest,0.0
6146,1383,2025-12-05,212.88,Recurring Deposit,Banking,0.0
6147,1361,2026-04-27,29.96,One-Time Deposit,Banking,0.0
6148,1261,2026-04-28,0.61,Round-Up,Invest,0.39
6149,1234,2026-05-02,157.95,Recurring Deposit,Banking,0.0
6150,1223,2026-02-22,217.96,One-Time Deposit,Invest,0.0
6151,1364,2025-10-01,172.69,One-Time Deposit,Invest,0.0
6152,1163,2026-05-01,0.71,Round-Up,Banking,0.29
6153,1451,2025-10-22,-154.34,Withdrawal,Banking,0.0
6154,1028,2026-02-14,0.85,Round-Up,Banking,0.15
6155,1104,2025-10-26,175.45,One-Time Deposit,Invest,0.0
6156,1064,2025-12-02,105.21,Recurring Deposit,Banking,0.0
6157,1299,2026-02-07,2.61,Round-Up,Invest,0.39
6158,1002,2025-10-05,244.91,One-Time Deposit,Banking,0.0
6159,1397,2026-03-13,2.06,Round-Up,Banking,0.94
6160,1492,2026-02-22,223.92,Recurring Deposit,Invest,0.0
6161,1127,2025-12-22,198.26,One-Time Deposit,Invest,0.0
6162,1134,2026-04-10,174.54,Recurring Deposit,Banking,0.0
6163,1275,2026-01-08,165.49,Recurring Deposit,Invest,0.0
6164,1434,2026-02-02,30.99,One-Time Deposit,Banking,0.0
6165,1004,2026-04-23,225.64,Recurring Deposit,Banking,0.0
6166,1140,2026-02-14,220.88,One-Time Deposit,Banking,0.0
6167,1103,2026-02-22,2.1,Round-Up,Invest,0.9
6168,1050,2026-03-24,232.19,One-Time Deposit,Invest,0.0
6169,1010,2026-04-22,-140.51,Withdrawal,Banking,0.0
6170,1032,2025-11-10,2.03,Round-Up,Invest,0.97
6171,1109,2026-02-11,1.62,Round-Up,Invest,0.38
6172,1012,2026-03-19,1.89,Round-Up,Banking,0.11
6173,1101,2025-06-20,1.79,Round-Up,Invest,0.21
6174,1015,2025-09-09,2.0,Round-Up,Invest,0.0
6175,1390,2025-09-06,160.9,One-Time Deposit,Invest,0.0
6176,1445,2026-03-26,181.42,One-Time Deposit,Invest,0.0
6177,1449,2026-01-09,158.04,One-Time Deposit,Banking,0.0
6178,1171,2025-12-31,1.34,Round-Up,Invest,0.66
6179,1059,2026-03-20,78.53,One-Time Deposit,Banking,0.0
6180,1447,2026-01-27,162.74,Recurring Deposit,Banking,0.0
6181,1159,2026-05-01,-227.57,Withdrawal,Banking,0.0
6182,1035,2025-11-25,6.69,One-Time Deposit,Banking,0.0
6183,1045,2026-02-28,0.65,Round-Up,Banking,0.35
6184,1219,2025-12-17,-34.34,Withdrawal,Invest,0.0
6185,1230,2026-03-17,231.19,Recurring Deposit,Invest,0.0
6186,1386,2025-06-06,2.13,Round-Up,Invest,0.87
6187,1097,2026-04-28,1.25,Round-Up,Banking,0.75
6188,1395,2026-04-16,2.67,Round-Up,Invest,0.33
6189,1101,2025-07-08,2.95,Round-Up,Invest,0.05
6190,1139,2026-04-09,2.01,Round-Up,Invest,0.99
6191,1478,2026-04-18,-44.43,Withdrawal,Banking,0.0
6192,1147,2026-01-03,98.43,One-Time Deposit,Banking,0.0
6193,1198,2026-02-10,119.24,Recurring Deposit,Invest,0.0
6194,1109,2026-04-10,78.12,Recurring Deposit,Banking,0.0
6195,1323,2025-11-26,95.96,Recurring Deposit,Banking,0.0
6196,1161,2026-03-22,24.14,Recurring Deposit,Invest,0.0
6197,1228,2026-02-10,-53.51,Withdrawal,Banking,0.0
6198,1404,2025-10-24,1.63,Round-Up,Banking,0.37
6199,1115,2026-04-01,-199.99,Withdrawal,Banking,0.0
6200,1452,2025-11-01,49.71,Recurring Deposit,Banking,0.0
6201,1105,2025-12-01,2.68,Round-Up,Invest,0.32
6202,1107,2026-02-07,20.91,Recurring Deposit,Invest,0.0
6203,1321,2025-12-15,141.49,Recurring Deposit,Banking,0.0
6204,1059,2026-03-01,-154.76,Withdrawal,Banking,0.0
6205,1432,2026-02-06,1.17,Round-Up,Banking,0.83
6206,1249,2026-03-13,205.68,One-Time Deposit,Banking,0.0
6207,1122,2026-05-03,2.56,Round-Up,Banking,0.44
6208,1296,2025-12-11,1.8,Round-Up,Banking,0.2
6209,1472,2026-03-19,0.83,Round-Up,Banking,0.17
6210,1211,2026-05-01,242.4,One-Time Deposit,Invest,0.0
6211,1404,2025-08-09,169.94,Recurring Deposit,Banking,0.0
6212,1055,2025-12-31,1.07,Round-Up,Banking,0.93
6213,1101,2025-07-18,38.51,One-Time Deposit,Banking,0.0
6214,1410,2025-11-02,1.63,Round-Up,Banking,0.37
6215,1190,2026-04-27,0.91,Round-Up,Banking,0.09
6216,1141,2026-03-09,201.9,One-Time Deposit,Banking,0.0
6217,1418,2025-09-01,0.96,Round-Up,Banking,0.04
6218,1439,2025-11-11,155.09,One-Time Deposit,Banking,0.0
6219,1080,2025-08-08,0.17,Round-Up,Invest,0.83
6220,1383,2025-11-05,2.98,Round-Up,Banking,0.02
6221,1348,2026-03-16,149.4,One-Time Deposit,Invest,0.0
6222,1418,2025-08-28,180.66,One-Time Deposit,Banking,0.0
6223,1281,2026-03-04,1.63,Round-Up,Banking,0.37
6224,1137,2026-04-19,128.71,One-Time Deposit,Banking,0.0
6225,1292,2026-05-03,210.72,Recurring Deposit,Invest,0.0
6226,1158,2026-03-25,41.43,Recurring Deposit,Banking,0.0
6227,1264,2025-12-30,0.43,Round-Up,Invest,0.57
6228,1176,2025-12-04,90.36,One-Time Deposit,Banking,0.0
6229,1404,2026-04-23,177.18,Recurring Deposit,Banking,0.0
6230,1144,2026-04-05,1.72,Round-Up,Invest,0.28
6231,1269,2026-05-03,169.27,Recurring Deposit,Banking,0.0
6232,1267,2025-09-26,-30.21,Withdrawal,Invest,0.0
6233,1428,2026-04-30,20.87,Recurring Deposit,Banking,0.0
6234,1010,2026-04-25,182.53,Recurring Deposit,Invest,0.0
6235,1192,2025-10-08,161.88,Recurring Deposit,Banking,0.0
6236,1015,2025-12-21,224.26,One-Time Deposit,Invest,0.0
6237,1386,2026-04-15,132.32,Recurring Deposit,Banking,0.0
6238,1373,2025-07-21,134.86,Recurring Deposit,Banking,0.0
6239,1174,2026-01-27,178.22,Recurring Deposit,Invest,0.0
6240,1012,2026-04-20,0.02,Round-Up,Banking,0.98
6241,1189,2025-12-07,0.85,Round-Up,Banking,0.15
6242,1469,2026-03-11,61.36,Recurring Deposit,Invest,0.0
6243,1150,2026-02-07,2.71,Round-Up,Invest,0.29
6244,1377,2026-04-15,87.24,Recurring Deposit,Banking,0.0
6245,1123,2026-01-29,-236.15,Withdrawal,Invest,0.0
6246,1402,2026-05-03,202.19,Recurring Deposit,Invest,0.0
6247,1203,2026-04-29,-234.31,Withdrawal,Invest,0.0
6248,1307,2025-10-28,249.66,Recurring Deposit,Banking,0.0
6249,1029,2026-05-04,0.33,Round-Up,Invest,0.67
6250,1011,2025-07-27,60.63,Recurring Deposit,Banking,0.0
6251,1489,2026-05-01,1.91,Round-Up,Invest,0.09
6252,1094,2026-04-25,0.32,Round-Up,Banking,0.68
6253,1063,2025-08-24,1.56,Round-Up,Banking,0.44
6254,1015,2025-09-13,1.74,Round-Up,Invest,0.26
6255,1001,2026-04-01,2.23,Round-Up,Invest,0.77
6256,1037,2026-04-05,0.71,Round-Up,Banking,0.29
6257,1378,2026-05-04,99.81,One-Time Deposit,Invest,0.0
6258,1499,2025-12-25,91.16,Recurring Deposit,Banking,0.0
6259,1424,2026-05-04,2.95,Round-Up,Invest,0.05
6260,1488,2025-09-27,0.66,Round-Up,Banking,0.34
6261,1481,2026-01-13,243.18,Recurring Deposit,Invest,0.0
6262,1463,2025-09-17,7.02,Recurring Deposit,Banking,0.0
6263,1360,2026-02-07,-236.67,Withdrawal,Banking,0.0
6264,1070,2026-03-15,0.28,Round-Up,Invest,0.72
6265,1080,2025-10-31,177.1,Recurring Deposit,Invest,0.0
6266,1067,2026-04-23,50.85,One-Time Deposit,Banking,0.0
6267,1220,2026-05-03,165.28,One-Time Deposit,Invest,0.0
6268,1256,2025-12-10,2.94,Round-Up,Invest,0.06
6269,1392,2026-03-25,0.32,Round-Up,Banking,0.68
6270,1155,2026-03-02,1.69,Round-Up,Invest,0.31
6271,1043,2025-11-17,0.03,Round-Up,Banking,0.97
6272,1345,2026-04-30,44.62,One-Time Deposit,Banking,0.0
6273,1239,2026-03-07,32.11,Recurring Deposit,Invest,0.0
6274,1068,2025-09-27,171.19,Recurring Deposit,Banking,0.0
6275,1317,2026-01-14,57.39,One-Time Deposit,Banking,0.0
6276,1355,2025-12-19,168.42,One-Time Deposit,Banking,0.0
6277,1344,2026-01-28,0.33,Round-Up,Banking,0.67
6278,1369,2025-08-16,-164.75,Withdrawal,Invest,0.0
6279,1486,2026-05-03,34.24,One-Time Deposit,Banking,0.0
6280,1374,2026-03-06,2.91,Round-Up,Banking,0.09
6281,1441,2025-10-16,1.78,Round-Up,Invest,0.22
6282,1482,2026-02-07,89.13,One-Time Deposit,Invest,0.0
6283,1289,2026-03-08,83.04,One-Time Deposit,Invest,0.0
6284,1299,2026-02-14,0.44,Round-Up,Invest,0.56
6285,1060,2026-02-21,186.91,Recurring Deposit,Banking,0.0
6286,1041,2026-02-20,37.79,Recurring Deposit,Invest,0.0
6287,1351,2026-04-27,121.62,Recurring Deposit,Invest,0.0
6288,1103,2026-04-14,1.71,Round-Up,Invest,0.29
6289,1081,2026-04-11,1.68,Round-Up,Banking,0.32
6290,1274,2026-03-21,-244.62,Withdrawal,Banking,0.0
6291,1016,2026-02-24,83.29,Recurring Deposit,Invest,0.0
6292,1069,2026-01-22,2.4,Round-Up,Invest,0.6
6293,1299,2026-02-24,2.18,Round-Up,Invest,0.82
6294,1083,2025-10-02,0.25,Round-Up,Banking,0.75
6295,1064,2025-12-15,0.39,Round-Up,Banking,0.61
6296,1254,2025-09-16,166.8,Recurring Deposit,Invest,0.0
6297,1229,2026-04-25,-86.86,Withdrawal,Invest,0.0
6298,1048,2026-01-12,2.99,Round-Up,Banking,0.01
6299,1424,2025-07-14,0.77,Round-Up,Invest,0.23
6300,1136,2026-04-12,176.55,Recurring Deposit,Banking,0.0
6301,1424,2025-07-01,0.72,Round-Up,Invest,0.28
6302,1058,2025-08-06,-129.66,Withdrawal,Banking,0.0
6303,1293,2025-11-20,177.66,Recurring Deposit,Banking,0.0
6304,1025,2026-04-03,-117.94,Withdrawal,Banking,0.0
6305,1083,2025-11-08,0.22,Round-Up,Banking,0.78
6306,1199,2026-04-13,2.08,Round-Up,Invest,0.92
6307,1172,2025-06-06,65.27,One-Time Deposit,Banking,0.0
6308,1189,2026-01-22,20.49,One-Time Deposit,Banking,0.0
6309,1387,2025-12-26,2.64,Round-Up,Invest,0.36
6310,1024,2026-02-21,-95.01,Withdrawal,Invest,0.0
6311,1404,2026-02-26,27.91,Recurring Deposit,Banking,0.0
6312,1071,2025-07-19,205.89,Recurring Deposit,Invest,0.0
6313,1308,2026-04-16,1.37,Round-Up,Invest,0.63
6314,1282,2026-04-22,115.79,Recurring Deposit,Invest,0.0
6315,1407,2026-04-27,65.62,Recurring Deposit,Banking,0.0
6316,1370,2025-07-08,0.08,Round-Up,Banking,0.92
6317,1301,2025-10-24,-117.3,Withdrawal,Invest,0.0
6318,1110,2026-05-03,0.93,Round-Up,Invest,0.07
6319,1265,2026-04-14,1.52,Round-Up,Invest,0.48
6320,1303,2026-04-29,1.68,Round-Up,Banking,0.32
6321,1220,2026-04-06,240.61,Recurring Deposit,Invest,0.0
6322,1135,2026-04-13,161.09,One-Time Deposit,Banking,0.0
6323,1318,2026-01-09,2.27,Round-Up,Banking,0.73
6324,1151,2026-05-01,0.81,Round-Up,Invest,0.19
6325,1258,2025-07-23,1.16,Round-Up,Banking,0.84
6326,1078,2025-10-14,0.81,Round-Up,Banking,0.19
6327,1163,2026-04-16,218.6,One-Time Deposit,Banking,0.0
6328,1079,2026-01-08,2.18,Round-Up,Banking,0.82
6329,1278,2026-02-03,2.61,Round-Up,Invest,0.39
6330,1308,2026-04-23,238.24,Recurring Deposit,Invest,0.0
6331,1120,2026-04-19,127.8,One-Time Deposit,Banking,0.0
6332,1328,2026-03-20,153.23,Recurring Deposit,Banking,0.0
6333,1168,2025-08-21,0.49,Round-Up,Invest,0.51
6334,1253,2026-04-30,1.6,Round-Up,Banking,0.4
6335,1475,2026-04-24,206.63,One-Time Deposit,Banking,0.0
6336,1308,2026-04-18,1.08,Round-Up,Invest,0.92
6337,1182,2026-04-21,2.88,Round-Up,Invest,0.12
6338,1306,2025-12-29,197.03,Recurring Deposit,Invest,0.0
6339,1026,2025-11-11,-176.61,Withdrawal,Banking,0.0
6340,1263,2026-02-19,0.55,Round-Up,Invest,0.45
6341,1416,2026-04-12,2.74,Round-Up,Banking,0.26
6342,1372,2025-07-06,-113.3,Withdrawal,Invest,0.0
6343,1087,2025-07-25,2.85,Round-Up,Banking,0.15
6344,1335,2025-09-19,233.83,One-Time Deposit,Banking,0.0
6345,1335,2025-11-22,-61.22,Withdrawal,Banking,0.0
6346,1295,2026-01-29,-146.9,Withdrawal,Invest,0.0
6347,1256,2026-01-14,202.06,One-Time Deposit,Banking,0.0
6348,1206,2025-09-26,2.01,Round-Up,Banking,0.99
6349,1355,2026-01-20,2.92,Round-Up,Banking,0.08
6350,1398,2026-04-06,9.58,Recurring Deposit,Banking,0.0
6351,1325,2025-08-26,-182.35,Withdrawal,Banking,0.0
6352,1403,2026-04-17,194.44,One-Time Deposit,Banking,0.0
6353,1466,2026-04-12,182.1,Recurring Deposit,Invest,0.0
6354,1447,2026-03-20,192.62,Recurring Deposit,Banking,0.0
6355,1210,2025-08-22,110.57,Recurring Deposit,Banking,0.0
6356,1230,2026-01-17,248.47,Recurring Deposit,Invest,0.0
6357,1319,2025-09-09,193.84,Recurring Deposit,Banking,0.0
6358,1179,2025-11-02,146.78,One-Time Deposit,Invest,0.0
6359,1281,2026-04-02,0.79,Round-Up,Banking,0.21
6360,1277,2026-04-02,227.51,Recurring Deposit,Invest,0.0
6361,1448,2026-01-26,204.57,One-Time Deposit,Invest,0.0
6362,1114,2026-04-29,0.77,Round-Up,Banking,0.23
6363,1095,2026-05-01,134.14,Recurring Deposit,Banking,0.0
6364,1169,2026-03-06,85.53,Recurring Deposit,Invest,0.0
6365,1207,2025-08-03,-66.47,Withdrawal,Banking,0.0
6366,1160,2025-11-29,2.66,Round-Up,Banking,0.34
6367,1423,2025-08-30,146.56,One-Time Deposit,Invest,0.0
6368,1370,2025-07-13,0.21,Round-Up,Banking,0.79
6369,1145,2026-01-25,-231.04,Withdrawal,Banking,0.0
6370,1474,2026-05-03,1.51,Round-Up,Banking,0.49
6371,1163,2026-04-23,133.99,Recurring Deposit,Invest,0.0
6372,1083,2025-07-21,111.73,Recurring Deposit,Banking,0.0
6373,1270,2025-11-26,0.87,Round-Up,Banking,0.13
6374,1390,2025-11-03,-221.19,Withdrawal,Invest,0.0
6375,1001,2026-04-30,82.66,Recurring Deposit,Banking,0.0
6376,1010,2026-04-26,1.01,Round-Up,Invest,0.99
6377,1071,2025-08-31,2.48,Round-Up,Invest,0.52
6378,1378,2026-05-01,2.19,Round-Up,Invest,0.81
6379,1176,2026-03-27,1.19,Round-Up,Banking,0.81
6380,1396,2026-01-13,49.45,Recurring Deposit,Banking,0.0
6381,1300,2026-05-01,-73.75,Withdrawal,Invest,0.0
6382,1232,2026-01-05,1.62,Round-Up,Invest,0.38
6383,1215,2026-01-22,198.39,One-Time Deposit,Invest,0.0
6384,1312,2026-04-09,110.84,One-Time Deposit,Invest,0.0
6385,1177,2026-04-30,0.58,Round-Up,Invest,0.42
6386,1386,2026-04-11,0.15,Round-Up,Banking,0.85
6387,1172,2025-05-17,0.99,Round-Up,Banking,0.01
6388,1259,2025-11-05,108.72,One-Time Deposit,Banking,0.0
6389,1249,2025-08-31,35.72,Recurring Deposit,Banking,0.0
6390,1148,2025-12-02,170.24,Recurring Deposit,Banking,0.0
6391,1106,2026-03-18,2.86,Round-Up,Invest,0.14
6392,1409,2026-04-15,129.71,Recurring Deposit,Invest,0.0
6393,1089,2026-04-25,80.02,Recurring Deposit,Banking,0.0
6394,1036,2025-11-02,233.26,Recurring Deposit,Banking,0.0
6395,1252,2026-03-03,2.9,Round-Up,Banking,0.1
6396,1251,2026-05-01,107.88,Recurring Deposit,Banking,0.0
6397,1195,2026-02-27,240.08,Recurring Deposit,Invest,0.0
6398,1267,2025-07-26,0.67,Round-Up,Invest,0.33
6399,1233,2025-09-03,0.74,Round-Up,Invest,0.26
6400,1024,2026-03-04,-82.6,Withdrawal,Invest,0.0
6401,1470,2025-09-25,32.12,Recurring Deposit,Banking,0.0
6402,1133,2026-01-29,-158.75,Withdrawal,Invest,0.0
6403,1438,2026-03-23,229.43,Recurring Deposit,Banking,0.0
6404,1441,2025-11-19,115.88,One-Time Deposit,Invest,0.0
6405,1489,2026-05-01,0.21,Round-Up,Invest,0.79
6406,1033,2026-02-16,0.17,Round-Up,Invest,0.83
6407,1092,2026-03-11,-106.7,Withdrawal,Banking,0.0
6408,1100,2026-02-06,2.66,Round-Up,Invest,0.34
6409,1143,2026-03-23,1.59,Round-Up,Banking,0.41
6410,1487,2026-04-20,97.62,Recurring Deposit,Invest,0.0
6411,1156,2025-12-31,113.37,Recurring Deposit,Invest,0.0
6412,1171,2026-05-01,0.24,Round-Up,Invest,0.76
6413,1125,2026-02-22,0.61,Round-Up,Banking,0.39
6414,1126,2026-02-03,160.61,One-Time Deposit,Invest,0.0
6415,1197,2026-02-15,1.34,Round-Up,Invest,0.66
6416,1415,2025-09-05,66.88,Recurring Deposit,Banking,0.0
6417,1272,2026-04-28,1.26,Round-Up,Invest,0.74
6418,1196,2026-04-23,191.77,Recurring Deposit,Invest,0.0
6419,1171,2026-03-01,118.22,Recurring Deposit,Invest,0.0
6420,1247,2025-10-10,87.1,Recurring Deposit,Banking,0.0
6421,1247,2026-04-11,0.85,Round-Up,Banking,0.15
6422,1380,2025-12-23,38.27,One-Time Deposit,Banking,0.0
6423,1122,2026-04-14,2.1,Round-Up,Banking,0.9
6424,1074,2025-12-31,1.9,Round-Up,Invest,0.1
6425,1406,2025-12-17,174.11,Recurring Deposit,Banking,0.0
6426,1180,2025-05-30,234.18,One-Time Deposit,Banking,0.0
6427,1485,2026-03-23,183.41,Recurring Deposit,Banking,0.0
6428,1130,2026-03-23,0.65,Round-Up,Invest,0.35
6429,1264,2026-03-08,1.36,Round-Up,Invest,0.64
6430,1128,2026-01-26,-100.82,Withdrawal,Banking,0.0
6431,1394,2026-03-02,12.55,One-Time Deposit,Invest,0.0
6432,1127,2025-07-25,228.81,One-Time Deposit,Invest,0.0
6433,1409,2026-01-10,23.02,One-Time Deposit,Banking,0.0
6434,1072,2026-01-08,1.59,Round-Up,Banking,0.41
6435,1123,2026-04-25,183.89,Recurring Deposit,Invest,0.0
6436,1328,2026-04-08,0.23,Round-Up,Banking,0.77
6437,1178,2026-04-19,140.57,One-Time Deposit,Invest,0.0
6438,1108,2026-04-24,182.69,One-Time Deposit,Invest,0.0
6439,1179,2025-12-28,-79.17,Withdrawal,Invest,0.0
6440,1488,2025-10-03,187.67,One-Time Deposit,Banking,0.0
6441,1053,2026-03-20,1.92,Round-Up,Invest,0.08
6442,1105,2026-03-18,226.2,One-Time Deposit,Invest,0.0
6443,1015,2026-01-12,1.79,Round-Up,Invest,0.21
6444,1063,2025-05-22,1.42,Round-Up,Banking,0.58
6445,1192,2026-01-17,0.84,Round-Up,Banking,0.16
6446,1190,2026-04-22,195.08,One-Time Deposit,Banking,0.0
6447,1396,2025-12-24,0.27,Round-Up,Banking,0.73
6448,1200,2025-11-13,56.63,One-Time Deposit,Banking,0.0
6449,1437,2026-05-03,-40.34,Withdrawal,Invest,0.0
6450,1371,2025-08-05,79.47,Recurring Deposit,Banking,0.0
6451,1344,2026-02-03,0.34,Round-Up,Invest,0.66
6452,1073,2025-07-18,0.22,Round-Up,Invest,0.78
6453,1056,2025-10-26,110.14,Recurring Deposit,Banking,0.0
6454,1423,2025-07-12,167.46,Recurring Deposit,Invest,0.0
6455,1087,2026-03-07,0.82,Round-Up,Invest,0.18
6456,1064,2025-11-16,236.85,Recurring Deposit,Banking,0.0
6457,1229,2026-01-11,68.94,One-Time Deposit,Invest,0.0
6458,1184,2026-03-30,158.71,One-Time Deposit,Invest,0.0
6459,1114,2026-04-15,-154.79,Withdrawal,Banking,0.0
6460,1209,2026-03-17,73.99,Recurring Deposit,Invest,0.0
6461,1287,2026-04-26,105.86,Recurring Deposit,Invest,0.0
6462,1042,2025-11-20,0.72,Round-Up,Invest,0.28
6463,1427,2026-04-28,47.26,One-Time Deposit,Invest,0.0
6464,1286,2026-02-17,121.94,One-Time Deposit,Banking,0.0
6465,1146,2026-04-30,0.62,Round-Up,Banking,0.38
6466,1219,2025-11-10,48.69,One-Time Deposit,Invest,0.0
6467,1464,2026-04-19,1.11,Round-Up,Invest,0.89
6468,1287,2026-04-22,2.96,Round-Up,Invest,0.04
6469,1003,2026-04-18,1.11,Round-Up,Banking,0.89
6470,1144,2026-02-12,37.14,Recurring Deposit,Banking,0.0
6471,1117,2026-03-28,-163.64,Withdrawal,Banking,0.0
6472,1446,2026-03-13,178.11,One-Time Deposit,Banking,0.0
6473,1313,2026-04-24,235.59,One-Time Deposit,Banking,0.0
6474,1374,2026-03-29,2.12,Round-Up,Banking,0.88
6475,1074,2025-12-26,-33.88,Withdrawal,Invest,0.0
6476,1425,2025-07-11,17.7,One-Time Deposit,Banking,0.0
6477,1310,2025-12-31,135.4,Recurring Deposit,Banking,0.0
6478,1359,2026-04-09,157.57,Recurring Deposit,Banking,0.0
6479,1044,2026-04-14,1.46,Round-Up,Invest,0.54
6480,1194,2025-12-27,200.49,One-Time Deposit,Banking,0.0
6481,1341,2026-01-08,-173.24,Withdrawal,Banking,0.0
6482,1169,2026-04-04,1.69,Round-Up,Invest,0.31
6483,1438,2026-05-02,38.78,Recurring Deposit,Banking,0.0
6484,1014,2026-02-18,-19.29,Withdrawal,Invest,0.0
6485,1328,2026-04-27,0.63,Round-Up,Invest,0.37
6486,1025,2026-03-25,9.67,Recurring Deposit,Banking,0.0
6487,1494,2026-02-24,-233.49,Withdrawal,Banking,0.0
6488,1443,2026-01-02,79.47,Recurring Deposit,Banking,0.0
6489,1390,2025-09-13,2.71,Round-Up,Invest,0.29
6490,1324,2025-08-03,1.86,Round-Up,Invest,0.14
6491,1026,2026-04-24,2.57,Round-Up,Invest,0.43
6492,1454,2025-10-07,42.33,Recurring Deposit,Banking,0.0
6493,1378,2026-05-01,83.49,Recurring Deposit,Banking,0.0
6494,1465,2026-04-05,155.78,One-Time Deposit,Invest,0.0
6495,1210,2026-02-09,0.1,Round-Up,Banking,0.9
6496,1395,2026-04-23,1.9,Round-Up,Invest,0.1
6497,1500,2026-03-13,135.51,Recurring Deposit,Invest,0.0
6498,1250,2026-05-04,13.64,Recurring Deposit,Banking,0.0
6499,1063,2025-09-08,-210.82,Withdrawal,Banking,0.0
6500,1022,2026-04-04,15.99,Recurring Deposit,Banking,0.0
6501,1296,2025-07-04,227.03,Recurring Deposit,Invest,0.0
6502,1233,2025-07-17,136.97,Recurring Deposit,Invest,0.0
6503,1009,2026-04-13,46.27,One-Time Deposit,Invest,0.0
6504,1232,2026-03-30,1.05,Round-Up,Invest,0.95
6505,1478,2026-03-14,-248.77,Withdrawal,Banking,0.0
6506,1133,2026-02-19,79.75,Recurring Deposit,Invest,0.0
6507,1274,2026-03-19,2.26,Round-Up,Banking,0.74
6508,1265,2025-12-08,0.02,Round-Up,Invest,0.98
6509,1136,2026-03-30,0.93,Round-Up,Banking,0.07
6510,1204,2026-03-01,26.86,One-Time Deposit,Banking,0.0
6511,1475,2026-02-10,1.14,Round-Up,Banking,0.86
6512,1005,2026-04-07,0.93,Round-Up,Banking,0.07
6513,1349,2026-04-09,233.31,One-Time Deposit,Invest,0.0
6514,1350,2026-03-26,2.81,Round-Up,Banking,0.19
6515,1164,2025-12-27,141.77,Recurring Deposit,Banking,0.0
6516,1120,2026-04-04,28.79,One-Time Deposit,Banking,0.0
6517,1497,2025-12-29,145.14,One-Time Deposit,Banking,0.0
6518,1277,2026-02-11,2.76,Round-Up,Invest,0.24
6519,1296,2025-10-12,1.23,Round-Up,Invest,0.77
6520,1073,2025-07-23,0.86,Round-Up,Invest,0.14
6521,1040,2026-04-25,201.41,Recurring Deposit,Invest,0.0
6522,1233,2026-02-28,72.75,Recurring Deposit,Invest,0.0
6523,1292,2026-05-04,2.84,Round-Up,Invest,0.16
6524,1336,2026-01-15,6.82,One-Time Deposit,Banking,0.0
6525,1500,2026-03-03,2.01,Round-Up,Invest,0.99
6526,1245,2026-02-08,-63.3,Withdrawal,Invest,0.0
6527,1464,2026-01-29,-234.59,Withdrawal,Invest,0.0
6528,1158,2026-05-04,104.32,One-Time Deposit,Banking,0.0
6529,1141,2026-03-06,165.25,Recurring Deposit,Banking,0.0
6530,1165,2025-08-15,184.34,Recurring Deposit,Banking,0.0
6531,1023,2026-04-30,194.44,Recurring Deposit,Banking,0.0
6532,1182,2026-04-19,185.26,Recurring Deposit,Invest,0.0
6533,1182,2026-04-26,-75.85,Withdrawal,Invest,0.0
6534,1224,2026-01-04,173.09,One-Time Deposit,Banking,0.0
6535,1103,2026-03-06,139.51,One-Time Deposit,Invest,0.0
6536,1079,2026-04-10,151.36,Recurring Deposit,Banking,0.0
6537,1378,2026-05-02,5.2,Recurring Deposit,Invest,0.0
6538,1455,2026-04-22,68.27,Recurring Deposit,Banking,0.0
6539,1062,2026-04-04,2.85,Round-Up,Invest,0.15
6540,1065,2026-04-07,0.47,Round-Up,Banking,0.53
6541,1224,2026-03-03,0.12,Round-Up,Invest,0.88
6542,1258,2025-09-26,50.74,One-Time Deposit,Banking,0.0
6543,1298,2025-11-04,38.96,One-Time Deposit,Banking,0.0
6544,1353,2025-11-03,-56.12,Withdrawal,Banking,0.0
6545,1247,2026-04-11,140.64,One-Time Deposit,Banking,0.0
6546,1183,2026-03-23,230.16,Recurring Deposit,Banking,0.0
6547,1437,2026-05-01,2.79,Round-Up,Invest,0.21
6548,1445,2025-08-03,84.23,Recurring Deposit,Invest,0.0
6549,1440,2026-01-14,143.21,One-Time Deposit,Banking,0.0
6550,1417,2026-01-31,92.4,Recurring Deposit,Banking,0.0
6551,1206,2025-10-07,2.01,Round-Up,Banking,0.99
6552,1018,2026-01-01,97.57,One-Time Deposit,Invest,0.0
6553,1128,2026-04-15,125.16,One-Time Deposit,Banking,0.0
6554,1071,2025-11-28,135.68,One-Time Deposit,Invest,0.0
6555,1189,2026-02-02,-196.61,Withdrawal,Banking,0.0
6556,1186,2026-02-26,143.16,Recurring Deposit,Invest,0.0
6557,1384,2026-04-01,-63.59,Withdrawal,Banking,0.0
6558,1067,2026-01-30,35.38,Recurring Deposit,Banking,0.0
6559,1428,2026-04-28,-234.75,Withdrawal,Banking,0.0
6560,1206,2025-10-08,201.38,Recurring Deposit,Banking,0.0
6561,1230,2026-04-25,0.09,Round-Up,Invest,0.91
6562,1256,2026-02-03,1.0,Round-Up,Invest,0.0
6563,1121,2026-02-25,0.79,Round-Up,Invest,0.21
6564,1229,2026-03-11,0.15,Round-Up,Invest,0.85
6565,1313,2026-04-25,1.22,Round-Up,Banking,0.78
6566,1415,2026-01-08,1.87,Round-Up,Banking,0.13
6567,1334,2025-07-06,53.53,Recurring Deposit,Banking,0.0
6568,1439,2025-11-30,2.97,Round-Up,Banking,0.03
6569,1044,2026-02-17,2.43,Round-Up,Invest,0.57
6570,1134,2026-03-30,200.11,Recurring Deposit,Banking,0.0
6571,1310,2025-09-15,10.64,Recurring Deposit,Banking,0.0
6572,1472,2026-02-15,-62.79,Withdrawal,Banking,0.0
6573,1239,2026-03-05,70.73,One-Time Deposit,Invest,0.0
6574,1299,2026-01-17,43.59,One-Time Deposit,Invest,0.0
6575,1156,2026-01-18,1.45,Round-Up,Invest,0.55
6576,1028,2026-02-14,1.17,Round-Up,Banking,0.83
6577,1434,2026-01-10,1.58,Round-Up,Banking,0.42
6578,1454,2026-01-24,2.03,Round-Up,Invest,0.97
6579,1108,2026-04-14,-143.79,Withdrawal,Invest,0.0
6580,1247,2026-02-02,1.08,Round-Up,Banking,0.92
6581,1364,2025-11-29,1.72,Round-Up,Invest,0.28
6582,1147,2026-03-29,2.73,Round-Up,Banking,0.27
6583,1348,2026-02-18,191.82,Recurring Deposit,Invest,0.0
6584,1391,2026-03-21,0.69,Round-Up,Banking,0.31
6585,1334,2025-10-05,189.23,One-Time Deposit,Invest,0.0
6586,1393,2025-05-23,2.03,Round-Up,Invest,0.97
6587,1085,2026-02-17,1.25,Round-Up,Invest,0.75
6588,1172,2025-06-02,0.08,Round-Up,Banking,0.92
6589,1498,2025-11-28,5.37,One-Time Deposit,Banking,0.0
6590,1435,2026-02-13,2.42,Round-Up,Invest,0.58
6591,1361,2026-02-25,238.47,Recurring Deposit,Banking,0.0
6592,1078,2025-10-26,163.53,One-Time Deposit,Banking,0.0
6593,1278,2026-02-07,26.0,Recurring Deposit,Banking,0.0
6594,1259,2025-08-31,1.74,Round-Up,Banking,0.26
6595,1200,2025-12-12,0.67,Round-Up,Banking,0.33
6596,1369,2025-09-15,1.58,Round-Up,Banking,0.42
6597,1330,2026-03-10,45.89,One-Time Deposit,Banking,0.0
6598,1063,2025-05-20,204.57,One-Time Deposit,Banking,0.0
6599,1278,2025-10-04,224.01,One-Time Deposit,Invest,0.0
6600,1223,2026-02-26,178.25,Recurring Deposit,Banking,0.0
6601,1286,2026-01-06,247.93,Recurring Deposit,Banking,0.0
6602,1389,2025-12-28,27.1,Recurring Deposit,Invest,0.0
6603,1247,2026-04-20,0.03,Round-Up,Banking,0.97
6604,1385,2026-03-13,172.82,One-Time Deposit,Banking,0.0
6605,1308,2026-04-20,1.9,Round-Up,Invest,0.1
6606,1158,2026-03-24,199.4,Recurring Deposit,Banking,0.0
6607,1406,2025-05-19,0.33,Round-Up,Banking,0.67
6608,1083,2025-09-09,1.94,Round-Up,Banking,0.06
6609,1228,2026-04-05,15.53,Recurring Deposit,Banking,0.0
6610,1485,2026-03-24,93.8,One-Time Deposit,Banking,0.0
6611,1083,2026-02-06,1.47,Round-Up,Banking,0.53
6612,1385,2026-04-23,2.84,Round-Up,Banking,0.16
6613,1194,2026-02-14,203.44,One-Time Deposit,Invest,0.0
6614,1387,2025-11-29,-58.84,Withdrawal,Invest,0.0
6615,1143,2025-12-18,7.47,One-Time Deposit,Banking,0.0
6616,1451,2026-04-08,-129.48,Withdrawal,Banking,0.0
6617,1188,2026-03-28,2.93,Round-Up,Banking,0.07
6618,1294,2026-04-15,90.67,One-Time Deposit,Invest,0.0
6619,1094,2026-04-28,188.48,Recurring Deposit,Banking,0.0
6620,1252,2026-03-13,112.41,One-Time Deposit,Banking,0.0
6621,1042,2026-04-09,1.5,Round-Up,Invest,0.5
6622,1301,2025-10-14,27.19,One-Time Deposit,Banking,0.0
6623,1342,2026-01-18,179.09,One-Time Deposit,Banking,0.0
6624,1426,2026-03-26,99.5,Recurring Deposit,Banking,0.0
6625,1281,2025-10-05,228.63,Recurring Deposit,Banking,0.0
6626,1033,2026-03-23,137.36,Recurring Deposit,Invest,0.0
6627,1297,2025-06-02,90.37,Recurring Deposit,Banking,0.0
6628,1349,2026-04-09,1.91,Round-Up,Invest,0.09
6629,1069,2026-01-24,1.88,Round-Up,Invest,0.12
6630,1176,2026-04-25,150.48,Recurring Deposit,Banking,0.0
6631,1358,2026-04-22,-147.63,Withdrawal,Banking,0.0
6632,1114,2026-03-30,2.12,Round-Up,Banking,0.88
6633,1373,2025-10-15,54.29,One-Time Deposit,Invest,0.0
6634,1131,2025-10-30,0.51,Round-Up,Banking,0.49
6635,1014,2025-11-30,1.24,Round-Up,Invest,0.76
6636,1427,2026-03-26,77.36,One-Time Deposit,Invest,0.0
6637,1137,2026-05-01,109.89,One-Time Deposit,Banking,0.0
6638,1025,2026-04-13,1.14,Round-Up,Banking,0.86
6639,1175,2026-04-15,165.0,Recurring Deposit,Invest,0.0
6640,1097,2026-04-25,196.8,Recurring Deposit,Banking,0.0
6641,1047,2026-05-03,-84.75,Withdrawal,Banking,0.0
6642,1500,2025-12-18,2.34,Round-Up,Invest,0.66
6643,1491,2026-04-26,67.9,One-Time Deposit,Invest,0.0
6644,1096,2025-11-11,0.98,Round-Up,Invest,0.02
6645,1422,2026-04-12,2.07,Round-Up,Banking,0.93
6646,1131,2026-03-03,88.66,One-Time Deposit,Invest,0.0
6647,1500,2026-03-27,215.06,Recurring Deposit,Invest,0.0
6648,1304,2025-08-06,2.02,Round-Up,Banking,0.98
6649,1068,2025-12-09,-89.11,Withdrawal,Invest,0.0
6650,1494,2026-03-19,177.74,Recurring Deposit,Invest,0.0
6651,1212,2026-04-12,166.08,Recurring Deposit,Invest,0.0
6652,1255,2025-11-14,52.64,Recurring Deposit,Invest,0.0
6653,1347,2026-04-22,0.89,Round-Up,Invest,0.11
6654,1210,2026-02-02,53.86,Recurring Deposit,Banking,0.0
6655,1322,2025-10-04,1.74,Round-Up,Banking,0.26
6656,1072,2026-04-11,90.16,Recurring Deposit,Banking,0.0
6657,1039,2026-02-23,0.11,Round-Up,Banking,0.89
6658,1450,2025-08-03,1.71,Round-Up,Banking,0.29
6659,1114,2026-03-21,216.8,One-Time Deposit,Banking,0.0
6660,1360,2026-03-22,0.43,Round-Up,Invest,0.57
6661,1467,2025-12-27,1.87,Round-Up,Invest,0.13
6662,1406,2025-10-04,103.5,One-Time Deposit,Banking,0.0
6663,1362,2025-12-23,18.62,Recurring Deposit,Banking,0.0
6664,1492,2026-04-04,173.46,One-Time Deposit,Invest,0.0
6665,1481,2026-03-21,1.95,Round-Up,Banking,0.05
6666,1303,2026-04-16,1.42,Round-Up,Banking,0.58
6667,1338,2026-04-17,2.89,Round-Up,Invest,0.11
6668,1450,2025-08-03,229.51,One-Time Deposit,Banking,0.0
6669,1106,2026-03-01,188.33,Recurring Deposit,Invest,0.0
6670,1254,2025-09-03,0.78,Round-Up,Invest,0.22
6671,1086,2026-01-10,1.53,Round-Up,Invest,0.47
6672,1130,2026-04-21,1.66,Round-Up,Invest,0.34
6673,1107,2025-10-05,0.99,Round-Up,Banking,0.01
6674,1259,2026-02-23,1.42,Round-Up,Banking,0.58
6675,1159,2026-04-25,220.27,Recurring Deposit,Banking,0.0
6676,1307,2026-01-18,0.03,Round-Up,Banking,0.97
6677,1139,2026-05-04,218.58,One-Time Deposit,Invest,0.0
6678,1188,2026-03-22,175.94,One-Time Deposit,Banking,0.0
6679,1275,2025-12-14,2.32,Round-Up,Invest,0.68
6680,1272,2026-04-29,11.29,Recurring Deposit,Banking,0.0
6681,1495,2025-08-04,68.68,One-Time Deposit,Banking,0.0
6682,1424,2025-10-24,0.12,Round-Up,Invest,0.88
6683,1405,2026-02-11,168.69,Recurring Deposit,Banking,0.0
6684,1235,2025-11-29,2.34,Round-Up,Invest,0.66
6685,1131,2025-11-13,114.31,Recurring Deposit,Banking,0.0
6686,1271,2026-04-30,234.47,One-Time Deposit,Banking,0.0
6687,1175,2026-04-10,118.43,One-Time Deposit,Invest,0.0
6688,1089,2026-02-07,55.04,Recurring Deposit,Banking,0.0
6689,1364,2026-01-07,42.09,Recurring Deposit,Invest,0.0
6690,1105,2025-12-13,248.48,One-Time Deposit,Invest,0.0
6691,1439,2025-12-19,86.8,Recurring Deposit,Banking,0.0
6692,1275,2026-02-02,1.69,Round-Up,Invest,0.31
6693,1454,2025-12-19,7.06,One-Time Deposit,Banking,0.0
6694,1485,2026-03-07,2.7,Round-Up,Banking,0.3
6695,1388,2026-01-30,0.67,Round-Up,Banking,0.33
6696,1094,2026-04-25,135.83,Recurring Deposit,Banking,0.0
6697,1282,2026-03-12,0.49,Round-Up,Invest,0.51
6698,1255,2026-03-21,1.85,Round-Up,Invest,0.15
6699,1500,2026-04-24,130.65,Recurring Deposit,Invest,0.0
6700,1437,2026-05-04,1.38,Round-Up,Invest,0.62
6701,1394,2026-03-06,2.18,Round-Up,Invest,0.82
6702,1187,2025-07-07,244.39,One-Time Deposit,Invest,0.0
6703,1365,2025-11-29,24.31,One-Time Deposit,Banking,0.0
6704,1286,2026-01-13,182.58,Recurring Deposit,Banking,0.0
6705,1038,2026-04-22,166.84,One-Time Deposit,Invest,0.0
6706,1356,2025-08-09,51.96,One-Time Deposit,Invest,0.0
6707,1330,2025-10-09,100.27,Recurring Deposit,Invest,0.0
6708,1408,2025-11-14,81.64,One-Time Deposit,Invest,0.0
6709,1198,2025-11-27,28.15,One-Time Deposit,Invest,0.0
6710,1264,2026-03-26,148.27,Recurring Deposit,Invest,0.0
6711,1466,2025-12-22,1.55,Round-Up,Invest,0.45
6712,1182,2026-04-17,0.22,Round-Up,Invest,0.78
6713,1065,2026-03-05,0.68,Round-Up,Banking,0.32
6714,1155,2026-03-19,14.88,One-Time Deposit,Invest,0.0
6715,1492,2026-02-07,1.43,Round-Up,Invest,0.57
6716,1245,2026-02-12,130.74,One-Time Deposit,Invest,0.0
6717,1482,2026-02-21,246.37,Recurring Deposit,Invest,0.0
6718,1344,2026-01-20,219.77,One-Time Deposit,Banking,0.0
6719,1078,2025-10-28,0.25,Round-Up,Banking,0.75
6720,1379,2026-04-11,138.04,Recurring Deposit,Invest,0.0
6721,1477,2025-09-28,1.28,Round-Up,Banking,0.72
6722,1045,2025-09-14,172.91,Recurring Deposit,Banking,0.0
6723,1252,2026-01-18,173.51,One-Time Deposit,Banking,0.0
6724,1246,2026-04-15,0.68,Round-Up,Banking,0.32
6725,1204,2026-04-26,-11.12,Withdrawal,Banking,0.0
6726,1344,2026-04-24,1.46,Round-Up,Banking,0.54
6727,1033,2026-04-23,-22.17,Withdrawal,Invest,0.0
6728,1057,2026-01-15,2.34,Round-Up,Invest,0.66
6729,1059,2026-04-19,2.14,Round-Up,Banking,0.86
6730,1216,2025-10-20,1.83,Round-Up,Invest,0.17
6731,1278,2025-08-01,2.81,Round-Up,Invest,0.19
6732,1496,2025-10-09,61.16,Recurring Deposit,Invest,0.0
6733,1201,2026-02-03,146.77,Recurring Deposit,Invest,0.0
6734,1445,2025-12-28,26.53,Recurring Deposit,Invest,0.0
6735,1257,2026-01-23,2.52,Round-Up,Banking,0.48
6736,1268,2026-02-25,0.79,Round-Up,Invest,0.21
6737,1359,2026-03-08,204.73,Recurring Deposit,Banking,0.0
6738,1008,2026-05-02,2.04,Round-Up,Banking,0.96
6739,1201,2026-04-02,172.29,Recurring Deposit,Banking,0.0
6740,1332,2026-02-14,104.61,One-Time Deposit,Banking,0.0
6741,1222,2026-04-17,0.92,Round-Up,Invest,0.08
6742,1222,2026-04-25,55.36,Recurring Deposit,Invest,0.0
6743,1253,2026-03-16,154.38,Recurring Deposit,Banking,0.0
6744,1085,2026-01-21,170.12,Recurring Deposit,Invest,0.0
6745,1458,2026-04-24,2.49,Round-Up,Banking,0.51
6746,1279,2026-01-11,1.64,Round-Up,Invest,0.36
6747,1466,2026-02-12,0.22,Round-Up,Invest,0.78
6748,1252,2026-04-18,0.31,Round-Up,Banking,0.69
6749,1340,2025-11-04,1.67,Round-Up,Banking,0.33
6750,1128,2026-03-14,150.53,Recurring Deposit,Banking,0.0
6751,1382,2026-04-30,8.05,One-Time Deposit,Invest,0.0
6752,1251,2026-05-02,88.87,One-Time Deposit,Banking,0.0
6753,1427,2026-01-14,2.0,Round-Up,Banking,0.0
6754,1136,2026-04-30,-141.09,Withdrawal,Banking,0.0
6755,1384,2026-01-10,2.41,Round-Up,Banking,0.59
6756,1214,2026-01-26,170.53,Recurring Deposit,Invest,0.0
6757,1389,2025-12-04,-11.96,Withdrawal,Banking,0.0
6758,1280,2025-12-17,24.04,Recurring Deposit,Invest,0.0
6759,1052,2026-04-07,-181.93,Withdrawal,Banking,0.0
6760,1061,2025-11-07,140.87,Recurring Deposit,Invest,0.0
6761,1420,2025-12-13,2.57,Round-Up,Banking,0.43
6762,1166,2025-08-31,1.74,Round-Up,Banking,0.26
6763,1063,2026-01-04,2.37,Round-Up,Banking,0.63
6764,1033,2026-02-12,1.25,Round-Up,Invest,0.75
6765,1155,2026-04-16,65.31,Recurring Deposit,Banking,0.0
6766,1389,2025-12-08,0.18,Round-Up,Invest,0.82
6767,1125,2026-02-21,242.12,Recurring Deposit,Banking,0.0
6768,1129,2025-08-27,2.4,Round-Up,Invest,0.6
6769,1496,2025-10-24,82.99,One-Time Deposit,Invest,0.0
6770,1303,2026-04-22,-206.89,Withdrawal,Banking,0.0
6771,1184,2026-02-19,0.57,Round-Up,Invest,0.43
6772,1208,2026-04-29,53.23,Recurring Deposit,Banking,0.0
6773,1094,2026-04-27,49.39,Recurring Deposit,Banking,0.0
6774,1010,2026-04-20,1.2,Round-Up,Banking,0.8
6775,1102,2026-01-28,214.4,One-Time Deposit,Banking,0.0
6776,1171,2026-04-14,1.69,Round-Up,Invest,0.31
6777,1117,2026-04-02,68.44,Recurring Deposit,Invest,0.0
6778,1395,2026-04-09,212.92,One-Time Deposit,Invest,0.0
6779,1464,2026-04-10,201.65,One-Time Deposit,Invest,0.0
6780,1092,2026-04-07,29.73,Recurring Deposit,Banking,0.0
6781,1146,2026-05-01,2.56,Round-Up,Banking,0.44
6782,1174,2026-01-03,181.85,Recurring Deposit,Invest,0.0
6783,1247,2025-07-07,180.38,Recurring Deposit,Banking,0.0
6784,1384,2026-03-02,182.17,Recurring Deposit,Banking,0.0
6785,1367,2026-03-20,46.52,Recurring Deposit,Banking,0.0
6786,1372,2025-07-20,1.1,Round-Up,Invest,0.9
6787,1420,2026-02-06,-211.82,Withdrawal,Banking,0.0
6788,1232,2026-01-16,1.96,Round-Up,Invest,0.04
6789,1107,2026-04-17,73.4,One-Time Deposit,Banking,0.0
6790,1267,2026-03-21,2.85,Round-Up,Invest,0.15
6791,1478,2026-04-13,-215.64,Withdrawal,Banking,0.0
6792,1223,2025-11-14,97.39,Recurring Deposit,Banking,0.0
6793,1461,2025-10-14,85.72,Recurring Deposit,Invest,0.0
6794,1199,2026-03-11,0.18,Round-Up,Invest,0.82
6795,1235,2025-07-19,106.85,Recurring Deposit,Invest,0.0
6796,1195,2026-04-25,97.68,Recurring Deposit,Invest,0.0
6797,1351,2026-01-23,143.78,Recurring Deposit,Invest,0.0
6798,1072,2026-02-25,0.67,Round-Up,Banking,0.33
6799,1124,2026-03-02,243.03,One-Time Deposit,Invest,0.0
6800,1045,2025-12-29,1.29,Round-Up,Banking,0.71
6801,1031,2026-04-08,233.93,One-Time Deposit,Invest,0.0
6802,1084,2025-10-02,0.11,Round-Up,Banking,0.89
6803,1328,2026-03-29,1.25,Round-Up,Banking,0.75
6804,1351,2026-04-21,2.45,Round-Up,Invest,0.55
6805,1281,2025-05-25,1.17,Round-Up,Banking,0.83
6806,1243,2026-04-27,1.81,Round-Up,Banking,0.19
6807,1143,2026-03-18,-84.38,Withdrawal,Banking,0.0
6808,1083,2025-09-26,128.45,One-Time Deposit,Banking,0.0
6809,1091,2026-02-11,2.78,Round-Up,Invest,0.22
6810,1076,2025-12-30,111.68,One-Time Deposit,Invest,0.0
6811,1412,2026-04-27,133.54,One-Time Deposit,Invest,0.0
6812,1216,2025-11-15,-175.31,Withdrawal,Invest,0.0
6813,1040,2026-04-19,2.83,Round-Up,Banking,0.17
6814,1453,2025-09-29,2.69,Round-Up,Banking,0.31
6815,1041,2025-10-19,-134.61,Withdrawal,Invest,0.0
6816,1093,2026-05-01,2.8,Round-Up,Banking,0.2
6817,1338,2026-01-02,0.42,Round-Up,Invest,0.58
6818,1016,2026-01-20,0.13,Round-Up,Invest,0.87
6819,1441,2025-10-26,0.18,Round-Up,Invest,0.82
6820,1305,2026-04-16,-147.14,Withdrawal,Invest,0.0
6821,1398,2026-04-11,1.87,Round-Up,Banking,0.13
6822,1081,2026-02-21,-42.86,Withdrawal,Banking,0.0
6823,1091,2025-12-27,-216.88,Withdrawal,Invest,0.0
6824,1399,2026-02-26,240.08,One-Time Deposit,Banking,0.0
6825,1490,2026-03-03,1.33,Round-Up,Banking,0.67
6826,1256,2025-12-03,2.27,Round-Up,Invest,0.73
6827,1275,2025-12-15,215.66,One-Time Deposit,Invest,0.0
6828,1155,2026-04-10,0.66,Round-Up,Banking,0.34
6829,1318,2025-08-05,248.24,One-Time Deposit,Banking,0.0
6830,1004,2026-03-20,0.92,Round-Up,Banking,0.08
6831,1178,2026-04-17,-108.88,Withdrawal,Invest,0.0
6832,1297,2026-03-15,170.95,One-Time Deposit,Invest,0.0
6833,1487,2026-05-03,132.81,Recurring Deposit,Invest,0.0
6834,1374,2026-04-04,32.35,Recurring Deposit,Banking,0.0
6835,1193,2026-04-12,1.12,Round-Up,Invest,0.88
6836,1366,2026-03-16,2.92,Round-Up,Banking,0.08
6837,1355,2025-11-24,0.71,Round-Up,Banking,0.29
6838,1293,2025-11-30,2.46,Round-Up,Banking,0.54
6839,1038,2026-03-16,136.9,One-Time Deposit,Invest,0.0
6840,1045,2025-12-01,0.03,Round-Up,Banking,0.97
6841,1313,2026-05-04,2.98,Round-Up,Banking,0.02
6842,1296,2025-10-25,-221.68,Withdrawal,Invest,0.0
6843,1118,2025-10-10,2.05,Round-Up,Banking,0.95
6844,1160,2026-01-10,65.63,One-Time Deposit,Banking,0.0
6845,1002,2025-12-03,1.67,Round-Up,Banking,0.33
6846,1081,2026-01-12,0.77,Round-Up,Banking,0.23
6847,1111,2025-12-29,53.54,One-Time Deposit,Banking,0.0
6848,1195,2025-11-07,-31.98,Withdrawal,Invest,0.0
6849,1294,2026-04-28,2.69,Round-Up,Invest,0.31
6850,1094,2026-05-03,0.5,Round-Up,Banking,0.5
6851,1073,2025-07-15,2.36,Round-Up,Invest,0.64
6852,1492,2026-01-27,2.23,Round-Up,Invest,0.77
6853,1427,2026-02-17,0.54,Round-Up,Banking,0.46
6854,1486,2026-03-06,220.64,One-Time Deposit,Invest,0.0
6855,1358,2026-04-20,1.27,Round-Up,Banking,0.73
6856,1322,2026-02-24,138.84,One-Time Deposit,Banking,0.0
6857,1042,2026-04-30,45.79,One-Time Deposit,Banking,0.0
6858,1004,2026-04-29,0.29,Round-Up,Banking,0.71
6859,1209,2026-03-03,1.69,Round-Up,Invest,0.31
6860,1425,2025-08-20,-105.43,Withdrawal,Invest,0.0
6861,1188,2026-03-09,2.36,Round-Up,Banking,0.64
6862,1229,2025-12-20,74.58,Recurring Deposit,Invest,0.0
6863,1172,2025-05-30,1.58,Round-Up,Banking,0.42
6864,1045,2026-02-24,245.4,One-Time Deposit,Banking,0.0
6865,1015,2025-12-03,0.96,Round-Up,Invest,0.04
6866,1491,2026-04-11,1.28,Round-Up,Invest,0.72
6867,1488,2025-11-25,2.42,Round-Up,Banking,0.58
6868,1365,2025-12-19,0.28,Round-Up,Banking,0.72
6869,1342,2025-10-31,91.52,Recurring Deposit,Banking,0.0
6870,1114,2026-04-28,101.59,Recurring Deposit,Banking,0.0
6871,1440,2026-03-10,0.01,Round-Up,Banking,0.99
6872,1093,2026-01-20,166.42,One-Time Deposit,Banking,0.0
6873,1121,2025-10-25,14.95,Recurring Deposit,Invest,0.0
6874,1156,2026-02-09,8.63,Recurring Deposit,Invest,0.0
6875,1458,2026-04-22,2.08,Round-Up,Banking,0.92
6876,1444,2025-11-03,82.95,Recurring Deposit,Banking,0.0
6877,1138,2026-03-11,2.8,Round-Up,Invest,0.2
6878,1320,2026-04-03,210.27,One-Time Deposit,Banking,0.0
6879,1496,2025-11-29,82.13,One-Time Deposit,Invest,0.0
6880,1278,2025-08-23,97.25,Recurring Deposit,Banking,0.0
6881,1102,2026-01-28,-85.69,Withdrawal,Banking,0.0
6882,1034,2026-04-06,-7.2,Withdrawal,Banking,0.0
6883,1237,2026-02-26,0.39,Round-Up,Invest,0.61
6884,1351,2026-03-12,-39.05,Withdrawal,Banking,0.0
6885,1395,2026-04-26,1.29,Round-Up,Invest,0.71
6886,1037,2026-03-29,0.23,Round-Up,Banking,0.77
6887,1153,2025-09-12,125.18,One-Time Deposit,Invest,0.0
6888,1074,2026-04-28,233.38,One-Time Deposit,Invest,0.0
6889,1397,2026-03-22,29.67,One-Time Deposit,Banking,0.0
6890,1352,2025-12-20,113.02,One-Time Deposit,Banking,0.0
6891,1321,2026-02-14,-10.48,Withdrawal,Banking,0.0
6892,1077,2025-06-18,1.95,Round-Up,Invest,0.05
6893,1337,2026-04-19,1.27,Round-Up,Banking,0.73
6894,1499,2025-12-15,-176.43,Withdrawal,Banking,0.0
6895,1498,2025-11-25,0.83,Round-Up,Banking,0.17
6896,1363,2025-11-26,227.37,One-Time Deposit,Invest,0.0
6897,1447,2025-11-13,105.34,Recurring Deposit,Banking,0.0
6898,1471,2026-03-17,130.95,One-Time Deposit,Invest,0.0
6899,1403,2026-02-14,175.35,Recurring Deposit,Banking,0.0
6900,1130,2026-02-03,0.15,Round-Up,Invest,0.85
6901,1393,2025-06-09,51.39,Recurring Deposit,Invest,0.0
6902,1091,2026-01-27,1.31,Round-Up,Invest,0.69
6903,1241,2025-12-29,1.03,Round-Up,Invest,0.97
6904,1387,2026-01-09,1.83,Round-Up,Invest,0.17
6905,1091,2025-12-09,154.3,One-Time Deposit,Invest,0.0
6906,1425,2025-06-21,34.04,Recurring Deposit,Banking,0.0
6907,1227,2026-03-21,-159.49,Withdrawal,Banking,0.0
6908,1487,2026-05-04,223.75,Recurring Deposit,Invest,0.0
6909,1220,2026-03-20,87.74,One-Time Deposit,Invest,0.0
6910,1386,2025-12-19,-59.4,Withdrawal,Banking,0.0
6911,1025,2026-04-01,223.79,One-Time Deposit,Banking,0.0
6912,1053,2025-12-23,174.53,One-Time Deposit,Invest,0.0
6913,1327,2025-11-24,30.82,One-Time Deposit,Banking,0.0
6914,1486,2026-04-12,0.63,Round-Up,Banking,0.37
6915,1175,2026-04-04,170.15,Recurring Deposit,Invest,0.0
6916,1493,2026-01-15,2.58,Round-Up,Banking,0.42
6917,1278,2025-10-23,156.54,One-Time Deposit,Invest,0.0
6918,1490,2026-03-11,143.95,Recurring Deposit,Banking,0.0
6919,1380,2025-12-28,-200.53,Withdrawal,Banking,0.0
6920,1311,2026-02-26,83.5,Recurring Deposit,Banking,0.0
6921,1343,2025-12-31,178.57,One-Time Deposit,Invest,0.0
6922,1406,2026-01-13,247.81,One-Time Deposit,Banking,0.0
6923,1028,2026-03-06,1.82,Round-Up,Banking,0.18
6924,1084,2025-09-30,198.81,One-Time Deposit,Banking,0.0
6925,1488,2025-11-18,-65.3,Withdrawal,Banking,0.0
6926,1260,2026-01-04,-74.06,Withdrawal,Banking,0.0
6927,1231,2025-07-15,234.04,Recurring Deposit,Invest,0.0
6928,1464,2026-02-24,2.04,Round-Up,Invest,0.96
6929,1192,2026-02-10,58.27,Recurring Deposit,Banking,0.0
6930,1361,2026-04-09,-123.32,Withdrawal,Banking,0.0
6931,1034,2026-04-10,1.56,Round-Up,Banking,0.44
6932,1406,2025-10-22,159.15,One-Time Deposit,Banking,0.0
6933,1438,2026-03-30,52.22,Recurring Deposit,Invest,0.0
6934,1171,2025-12-24,22.28,One-Time Deposit,Invest,0.0
6935,1048,2025-11-25,-95.49,Withdrawal,Banking,0.0
6936,1386,2026-03-31,133.47,One-Time Deposit,Banking,0.0
6937,1001,2026-04-08,142.69,Recurring Deposit,Invest,0.0
6938,1215,2026-01-08,152.37,Recurring Deposit,Invest,0.0
6939,1154,2025-12-11,139.42,One-Time Deposit,Banking,0.0
6940,1202,2025-06-09,65.21,Recurring Deposit,Invest,0.0
6941,1236,2026-03-22,192.31,One-Time Deposit,Banking,0.0
6942,1276,2025-06-08,0.76,Round-Up,Banking,0.24
6943,1123,2025-11-28,0.34,Round-Up,Invest,0.66
6944,1345,2026-04-22,2.7,Round-Up,Banking,0.3
6945,1058,2025-09-25,73.53,Recurring Deposit,Banking,0.0
6946,1339,2026-02-06,-125.9,Withdrawal,Invest,0.0
6947,1209,2026-03-10,2.39,Round-Up,Invest,0.61
6948,1456,2026-01-09,1.35,Round-Up,Banking,0.65
6949,1017,2026-03-10,0.98,Round-Up,Banking,0.02
6950,1304,2025-07-01,248.58,Recurring Deposit,Banking,0.0
6951,1379,2025-12-29,-92.58,Withdrawal,Invest,0.0
6952,1072,2026-02-18,158.63,One-Time Deposit,Banking,0.0
6953,1388,2025-10-12,222.64,One-Time Deposit,Banking,0.0
6954,1224,2026-01-09,161.29,One-Time Deposit,Banking,0.0
6955,1432,2026-04-14,0.96,Round-Up,Banking,0.04
6956,1171,2026-05-04,144.46,Recurring Deposit,Invest,0.0
6957,1354,2026-04-22,126.63,One-Time Deposit,Banking,0.0
6958,1421,2026-01-23,202.86,Recurring Deposit,Banking,0.0
6959,1460,2026-03-17,17.35,Recurring Deposit,Invest,0.0
6960,1412,2025-11-27,221.86,Recurring Deposit,Invest,0.0
6961,1191,2025-10-20,148.64,Recurring Deposit,Invest,0.0
6962,1107,2025-10-01,-212.97,Withdrawal,Banking,0.0
6963,1148,2026-04-07,-7.55,Withdrawal,Invest,0.0
6964,1240,2025-12-18,217.97,One-Time Deposit,Banking,0.0
6965,1464,2026-03-03,0.98,Round-Up,Invest,0.02
6966,1066,2025-10-03,181.7,One-Time Deposit,Banking,0.0
6967,1115,2026-04-06,107.05,Recurring Deposit,Banking,0.0
6968,1131,2026-02-16,0.8,Round-Up,Invest,0.2
6969,1394,2026-03-29,0.21,Round-Up,Invest,0.79
6970,1018,2025-11-12,1.81,Round-Up,Invest,0.19
6971,1302,2026-04-21,131.08,Recurring Deposit,Banking,0.0
6972,1319,2025-05-24,72.92,One-Time Deposit,Banking,0.0
6973,1184,2026-04-20,2.47,Round-Up,Invest,0.53
6974,1317,2026-01-30,0.37,Round-Up,Banking,0.63
6975,1420,2026-01-09,24.91,Recurring Deposit,Banking,0.0
6976,1155,2026-03-18,1.93,Round-Up,Banking,0.07
6977,1226,2025-10-23,2.71,Round-Up,Banking,0.29
6978,1442,2025-07-24,77.37,Recurring Deposit,Banking,0.0
6979,1451,2026-03-29,238.49,One-Time Deposit,Banking,0.0
6980,1359,2026-02-12,0.28,Round-Up,Invest,0.72
6981,1323,2025-09-08,49.72,One-Time Deposit,Banking,0.0
6982,1082,2025-08-18,2.74,Round-Up,Banking,0.26
6983,1433,2026-04-20,137.71,Recurring Deposit,Invest,0.0
6984,1066,2025-11-11,2.17,Round-Up,Invest,0.83
6985,1146,2026-04-30,1.6,Round-Up,Banking,0.4
6986,1425,2025-08-02,12.52,Recurring Deposit,Banking,0.0
6987,1342,2025-12-23,143.82,Recurring Deposit,Banking,0.0
6988,1322,2026-04-23,0.46,Round-Up,Banking,0.54
6989,1171,2026-02-27,2.51,Round-Up,Invest,0.49
6990,1188,2026-03-29,152.43,Recurring Deposit,Banking,0.0
6991,1406,2025-06-17,238.23,Recurring Deposit,Banking,0.0
6992,1407,2026-04-25,0.39,Round-Up,Banking,0.61
6993,1133,2026-02-15,222.68,Recurring Deposit,Invest,0.0
6994,1204,2026-03-31,1.83,Round-Up,Invest,0.17
6995,1247,2026-03-17,56.3,One-Time Deposit,Banking,0.0
6996,1467,2025-06-21,2.18,Round-Up,Invest,0.82
6997,1266,2025-12-15,2.32,Round-Up,Banking,0.68
6998,1086,2026-04-01,2.76,Round-Up,Invest,0.24
6999,1283,2026-03-02,213.42,One-Time Deposit,Banking,0.0
7000,1080,2025-10-12,2.34,Round-Up,Invest,0.66
7001,1103,2026-03-17,2.26,Round-Up,Invest,0.74
7002,1302,2026-04-22,0.78,Round-Up,Banking,0.22
7003,1022,2026-02-24,0.94,Round-Up,Banking,0.06
7004,1438,2026-03-27,116.28,Recurring Deposit,Banking,0.0
7005,1117,2026-04-14,0.07,Round-Up,Invest,0.93
7006,1395,2026-05-03,246.73,Recurring Deposit,Invest,0.0
7007,1304,2025-10-13,1.43,Round-Up,Banking,0.57
7008,1436,2025-11-14,0.33,Round-Up,Invest,0.67
7009,1046,2026-03-18,58.55,One-Time Deposit,Invest,0.0
7010,1461,2026-02-15,-130.96,Withdrawal,Banking,0.0
7011,1006,2025-10-28,2.2,Round-Up,Invest,0.8
7012,1008,2026-05-04,2.5,Round-Up,Banking,0.5
7013,1130,2026-01-06,72.55,One-Time Deposit,Invest,0.0
7014,1395,2026-04-10,-5.68,Withdrawal,Invest,0.0
7015,1238,2026-01-31,-144.69,Withdrawal,Banking,0.0
7016,1433,2026-04-30,99.93,One-Time Deposit,Invest,0.0
7017,1195,2025-09-06,225.18,One-Time Deposit,Invest,0.0
7018,1439,2025-09-11,14.97,One-Time Deposit,Banking,0.0
7019,1120,2026-03-18,15.58,One-Time Deposit,Banking,0.0
7020,1401,2025-09-07,222.04,One-Time Deposit,Invest,0.0
7021,1095,2026-03-14,36.03,Recurring Deposit,Banking,0.0
7022,1278,2025-12-18,5.53,Recurring Deposit,Invest,0.0
7023,1070,2026-04-03,48.83,One-Time Deposit,Invest,0.0
7024,1106,2026-04-11,206.85,One-Time Deposit,Invest,0.0
7025,1002,2025-10-15,201.66,One-Time Deposit,Banking,0.0
7026,1122,2026-04-24,88.33,One-Time Deposit,Banking,0.0
7027,1380,2026-03-08,168.67,One-Time Deposit,Banking,0.0
7028,1422,2025-12-05,2.44,Round-Up,Banking,0.56
7029,1106,2026-04-03,2.71,Round-Up,Invest,0.29
7030,1290,2025-08-08,18.82,One-Time Deposit,Invest,0.0
7031,1476,2026-02-14,204.23,Recurring Deposit,Banking,0.0
7032,1343,2025-12-19,0.26,Round-Up,Invest,0.74
7033,1292,2026-05-02,100.95,One-Time Deposit,Banking,0.0
7034,1125,2026-03-21,1.33,Round-Up,Banking,0.67
7035,1071,2026-03-17,1.93,Round-Up,Invest,0.07
7036,1484,2026-03-26,-171.19,Withdrawal,Banking,0.0
7037,1270,2026-01-15,139.23,Recurring Deposit,Banking,0.0
7038,1292,2026-05-03,2.82,Round-Up,Invest,0.18
7039,1301,2025-11-07,161.69,Recurring Deposit,Invest,0.0
7040,1370,2025-08-04,2.56,Round-Up,Banking,0.44
7041,1385,2026-01-14,-63.65,Withdrawal,Banking,0.0
7042,1407,2026-04-20,1.37,Round-Up,Banking,0.63
7043,1011,2025-08-04,2.36,Round-Up,Banking,0.64
7044,1094,2026-05-04,110.25,One-Time Deposit,Banking,0.0
7045,1012,2025-10-17,176.91,Recurring Deposit,Banking,0.0
7046,1381,2025-05-22,2.02,Round-Up,Invest,0.98
7047,1367,2026-04-22,178.81,Recurring Deposit,Banking,0.0
7048,1028,2026-02-21,2.98,Round-Up,Banking,0.02
7049,1249,2026-03-16,-167.24,Withdrawal,Banking,0.0
7050,1227,2026-03-26,0.29,Round-Up,Banking,0.71
7051,1169,2026-05-01,-236.4,Withdrawal,Invest,0.0
7052,1327,2025-12-27,89.12,One-Time Deposit,Banking,0.0
7053,1351,2026-03-25,0.32,Round-Up,Invest,0.68
7054,1273,2026-02-23,-188.79,Withdrawal,Invest,0.0
7055,1254,2026-01-03,-227.07,Withdrawal,Invest,0.0
7056,1059,2026-03-12,112.29,Recurring Deposit,Banking,0.0
7057,1019,2025-11-08,2.11,Round-Up,Invest,0.89
7058,1474,2026-04-17,110.36,One-Time Deposit,Banking,0.0
7059,1498,2025-12-23,84.31,One-Time Deposit,Invest,0.0
7060,1182,2026-05-01,165.21,One-Time Deposit,Invest,0.0
7061,1398,2026-04-26,233.52,One-Time Deposit,Banking,0.0
7062,1498,2026-01-07,1.61,Round-Up,Banking,0.39
7063,1460,2026-03-11,142.43,Recurring Deposit,Invest,0.0
7064,1047,2026-04-26,224.92,Recurring Deposit,Banking,0.0
7065,1123,2026-02-03,1.47,Round-Up,Invest,0.53
7066,1341,2026-04-19,126.0,One-Time Deposit,Invest,0.0
7067,1239,2026-04-22,216.98,One-Time Deposit,Invest,0.0
7068,1334,2025-07-09,225.61,Recurring Deposit,Banking,0.0
7069,1249,2026-03-13,0.15,Round-Up,Banking,0.85
7070,1135,2026-03-23,11.11,One-Time Deposit,Banking,0.0
7071,1218,2026-03-12,2.93,Round-Up,Banking,0.07
7072,1281,2025-11-21,148.75,One-Time Deposit,Banking,0.0
7073,1343,2025-12-23,35.35,Recurring Deposit,Invest,0.0
7074,1273,2026-04-01,41.61,Recurring Deposit,Invest,0.0
7075,1321,2025-09-22,0.87,Round-Up,Banking,0.13
7076,1387,2025-11-24,188.92,One-Time Deposit,Invest,0.0
7077,1342,2026-01-29,-211.48,Withdrawal,Banking,0.0
7078,1140,2026-01-31,1.97,Round-Up,Banking,0.03
7079,1394,2026-04-27,53.55,Recurring Deposit,Invest,0.0
7080,1186,2026-04-12,209.08,Recurring Deposit,Invest,0.0
7081,1377,2026-03-20,181.67,Recurring Deposit,Banking,0.0
7082,1380,2026-02-09,2.57,Round-Up,Banking,0.43
7083,1433,2026-04-09,1.5,Round-Up,Invest,0.5
7084,1411,2025-10-24,-216.79,Withdrawal,Invest,0.0
7085,1094,2026-04-25,1.52,Round-Up,Banking,0.48
7086,1185,2026-05-01,0.83,Round-Up,Invest,0.17
7087,1024,2026-03-04,144.57,One-Time Deposit,Invest,0.0
7088,1247,2026-01-30,2.09,Round-Up,Banking,0.91
7089,1412,2026-01-23,87.15,Recurring Deposit,Invest,0.0
7090,1223,2025-11-14,193.88,One-Time Deposit,Banking,0.0
7091,1178,2026-04-17,27.72,Recurring Deposit,Invest,0.0
7092,1308,2026-05-01,195.95,Recurring Deposit,Invest,0.0
7093,1269,2026-05-04,0.14,Round-Up,Banking,0.86
7094,1081,2026-04-18,2.41,Round-Up,Banking,0.59
7095,1033,2026-02-21,216.05,Recurring Deposit,Invest,0.0
7096,1166,2026-05-02,1.18,Round-Up,Banking,0.82
7097,1012,2025-10-27,-131.85,Withdrawal,Banking,0.0
7098,1003,2026-03-17,44.05,Recurring Deposit,Banking,0.0
7099,1042,2026-05-04,0.46,Round-Up,Invest,0.54
7100,1199,2026-02-17,208.92,Recurring Deposit,Banking,0.0
7101,1091,2026-01-24,1.01,Round-Up,Invest,0.99
7102,1295,2026-01-27,1.06,Round-Up,Invest,0.94
7103,1096,2026-01-25,185.46,Recurring Deposit,Banking,0.0
7104,1051,2026-04-06,50.3,Recurring Deposit,Banking,0.0
7105,1188,2025-12-26,79.11,One-Time Deposit,Invest,0.0
7106,1406,2026-01-05,1.13,Round-Up,Banking,0.87
7107,1416,2025-10-01,2.68,Round-Up,Banking,0.32
7108,1080,2025-10-06,0.63,Round-Up,Invest,0.37
7109,1231,2025-09-30,1.25,Round-Up,Invest,0.75
7110,1256,2025-12-06,0.94,Round-Up,Invest,0.06
7111,1218,2026-03-08,123.24,One-Time Deposit,Banking,0.0
7112,1472,2026-01-11,-43.67,Withdrawal,Banking,0.0
7113,1246,2026-05-02,0.6,Round-Up,Banking,0.4
7114,1116,2026-03-10,0.64,Round-Up,Invest,0.36
7115,1102,2025-12-27,186.57,Recurring Deposit,Banking,0.0
7116,1296,2025-11-11,20.54,Recurring Deposit,Invest,0.0
7117,1496,2025-08-28,-241.35,Withdrawal,Invest,0.0
7118,1290,2026-01-31,0.82,Round-Up,Invest,0.18
7119,1294,2026-05-04,0.51,Round-Up,Invest,0.49
7120,1083,2025-11-09,171.51,One-Time Deposit,Banking,0.0
7121,1240,2026-03-27,16.06,One-Time Deposit,Banking,0.0
7122,1372,2025-07-22,25.42,One-Time Deposit,Invest,0.0
7123,1304,2025-07-15,23.79,One-Time Deposit,Banking,0.0
7124,1492,2026-04-03,1.0,Round-Up,Invest,0.0
7125,1201,2026-03-19,224.5,One-Time Deposit,Invest,0.0
7126,1271,2026-04-15,141.08,Recurring Deposit,Banking,0.0
7127,1166,2026-04-01,0.93,Round-Up,Invest,0.07
7128,1126,2026-03-01,89.77,Recurring Deposit,Invest,0.0
7129,1229,2026-04-10,9.59,One-Time Deposit,Invest,0.0
7130,1430,2026-04-24,1.86,Round-Up,Invest,0.14
7131,1385,2026-02-23,2.56,Round-Up,Banking,0.44
7132,1211,2026-04-22,0.37,Round-Up,Invest,0.63
7133,1307,2025-12-18,2.69,Round-Up,Banking,0.31
7134,1296,2026-04-29,45.28,Recurring Deposit,Invest,0.0
7135,1416,2026-02-05,170.29,Recurring Deposit,Banking,0.0
7136,1099,2026-01-07,1.84,Round-Up,Banking,0.16
7137,1394,2026-03-02,1.68,Round-Up,Invest,0.32
7138,1097,2026-04-30,-184.94,Withdrawal,Banking,0.0
7139,1318,2025-07-10,2.4,Round-Up,Banking,0.6
7140,1422,2025-06-14,2.92,Round-Up,Banking,0.08
7141,1158,2026-04-10,0.55,Round-Up,Banking,0.45
7142,1217,2025-11-19,206.13,Recurring Deposit,Banking,0.0
7143,1100,2025-12-16,1.67,Round-Up,Banking,0.33
7144,1493,2025-11-09,74.37,One-Time Deposit,Invest,0.0
7145,1369,2025-06-14,0.54,Round-Up,Invest,0.46
7146,1302,2026-04-11,2.38,Round-Up,Banking,0.62
7147,1015,2025-12-11,0.19,Round-Up,Invest,0.81
7148,1467,2025-07-27,247.56,Recurring Deposit,Invest,0.0
7149,1046,2026-02-12,95.48,One-Time Deposit,Invest,0.0
7150,1095,2026-04-01,1.12,Round-Up,Banking,0.88
7151,1412,2025-10-19,0.58,Round-Up,Invest,0.42
7152,1055,2025-12-17,81.42,One-Time Deposit,Banking,0.0
7153,1124,2026-02-01,62.28,Recurring Deposit,Invest,0.0
7154,1390,2026-03-14,1.09,Round-Up,Invest,0.91
7155,1428,2026-04-18,176.66,One-Time Deposit,Banking,0.0
7156,1222,2026-04-10,2.48,Round-Up,Invest,0.52
7157,1374,2026-04-17,1.02,Round-Up,Invest,0.98
7158,1046,2026-03-26,0.28,Round-Up,Invest,0.72
7159,1313,2026-04-29,64.98,Recurring Deposit,Banking,0.0
7160,1205,2026-02-22,1.17,Round-Up,Invest,0.83
7161,1199,2026-01-22,76.05,Recurring Deposit,Invest,0.0
7162,1144,2026-03-07,153.65,Recurring Deposit,Banking,0.0
7163,1209,2026-03-14,128.56,Recurring Deposit,Invest,0.0
7164,1390,2025-12-17,0.66,Round-Up,Invest,0.34
7165,1041,2025-12-03,1.91,Round-Up,Invest,0.09
7166,1278,2025-10-15,-46.8,Withdrawal,Invest,0.0
7167,1020,2026-03-25,18.87,Recurring Deposit,Banking,0.0
7168,1200,2026-02-25,156.7,Recurring Deposit,Banking,0.0
7169,1021,2026-03-24,1.24,Round-Up,Banking,0.76
7170,1185,2026-04-27,1.98,Round-Up,Invest,0.02
7171,1399,2026-03-13,155.77,Recurring Deposit,Banking,0.0
7172,1120,2026-01-26,2.09,Round-Up,Banking,0.91
7173,1309,2026-04-12,23.23,One-Time Deposit,Banking,0.0
7174,1256,2026-02-04,0.08,Round-Up,Invest,0.92
7175,1108,2026-04-12,2.84,Round-Up,Banking,0.16
7176,1168,2025-09-04,0.06,Round-Up,Invest,0.94
7177,1144,2026-03-27,2.47,Round-Up,Banking,0.53
7178,1453,2026-04-22,0.52,Round-Up,Banking,0.48
7179,1291,2026-04-11,26.68,One-Time Deposit,Banking,0.0
7180,1322,2025-08-02,2.47,Round-Up,Banking,0.53
7181,1041,2026-03-02,0.63,Round-Up,Invest,0.37
7182,1449,2025-12-07,40.31,Recurring Deposit,Banking,0.0
7183,1109,2026-03-17,125.83,One-Time Deposit,Banking,0.0
7184,1037,2026-04-07,1.1,Round-Up,Banking,0.9
7185,1300,2026-04-19,132.91,Recurring Deposit,Invest,0.0
7186,1339,2026-02-24,-9.74,Withdrawal,Invest,0.0
7187,1079,2026-03-28,1.05,Round-Up,Banking,0.95
7188,1482,2026-01-10,2.2,Round-Up,Invest,0.8
7189,1274,2026-02-25,117.44,One-Time Deposit,Banking,0.0
7190,1432,2026-04-08,0.61,Round-Up,Banking,0.39
7191,1266,2025-12-15,93.51,Recurring Deposit,Banking,0.0
7192,1074,2026-03-31,-49.56,Withdrawal,Invest,0.0
7193,1039,2026-01-16,-185.17,Withdrawal,Banking,0.0
7194,1442,2026-01-07,1.58,Round-Up,Banking,0.42
7195,1396,2026-04-25,2.09,Round-Up,Banking,0.91
7196,1372,2025-07-27,-73.5,Withdrawal,Invest,0.0
7197,1167,2025-11-17,165.96,One-Time Deposit,Invest,0.0
7198,1079,2026-03-20,2.98,Round-Up,Banking,0.02
7199,1402,2025-12-31,108.74,Recurring Deposit,Invest,0.0
7200,1083,2025-09-20,1.78,Round-Up,Banking,0.22
7201,1004,2026-05-04,2.66,Round-Up,Banking,0.34
7202,1420,2026-03-18,206.24,Recurring Deposit,Banking,0.0
7203,1483,2026-04-05,2.64,Round-Up,Invest,0.36
7204,1150,2025-12-26,1.02,Round-Up,Invest,0.98
7205,1245,2026-01-22,0.82,Round-Up,Invest,0.18
7206,1476,2026-02-09,208.07,One-Time Deposit,Banking,0.0
7207,1179,2026-01-12,1.19,Round-Up,Invest,0.81
7208,1147,2026-03-29,21.77,One-Time Deposit,Banking,0.0
7209,1385,2026-03-02,143.67,One-Time Deposit,Banking,0.0
7210,1478,2026-04-22,92.04,Recurring Deposit,Banking,0.0
7211,1366,2026-03-03,1.65,Round-Up,Banking,0.35
7212,1227,2026-02-09,163.55,Recurring Deposit,Banking,0.0
7213,1082,2025-09-17,1.49,Round-Up,Banking,0.51
7214,1183,2026-03-27,170.01,Recurring Deposit,Banking,0.0
7215,1071,2025-07-26,0.05,Round-Up,Invest,0.95
7216,1261,2026-05-02,1.92,Round-Up,Invest,0.08
7217,1168,2025-06-21,51.97,Recurring Deposit,Invest,0.0
7218,1158,2026-05-01,0.67,Round-Up,Banking,0.33
7219,1152,2026-03-21,2.26,Round-Up,Banking,0.74
7220,1464,2026-05-03,0.92,Round-Up,Invest,0.08
7221,1321,2026-01-24,35.6,Recurring Deposit,Banking,0.0
7222,1323,2026-04-09,1.42,Round-Up,Banking,0.58
7223,1428,2026-02-26,2.03,Round-Up,Banking,0.97
7224,1081,2026-03-27,2.79,Round-Up,Banking,0.21
7225,1310,2026-02-12,70.27,One-Time Deposit,Banking,0.0
7226,1374,2026-03-11,1.2,Round-Up,Invest,0.8
7227,1040,2026-04-15,0.21,Round-Up,Invest,0.79
7228,1169,2026-03-28,2.28,Round-Up,Invest,0.72
7229,1366,2026-04-30,1.35,Round-Up,Banking,0.65
7230,1040,2026-04-24,146.31,Recurring Deposit,Banking,0.0
7231,1148,2025-12-07,216.61,Recurring Deposit,Invest,0.0
7232,1242,2026-01-12,68.75,Recurring Deposit,Banking,0.0
7233,1001,2026-04-01,1.61,Round-Up,Invest,0.39
7234,1090,2026-03-13,-178.61,Withdrawal,Banking,0.0
7235,1345,2026-04-03,0.25,Round-Up,Banking,0.75
7236,1491,2026-04-21,-38.85,Withdrawal,Invest,0.0
7237,1358,2026-05-03,2.3,Round-Up,Banking,0.7
7238,1385,2026-01-16,43.89,One-Time Deposit,Banking,0.0
7239,1070,2026-04-11,0.08,Round-Up,Invest,0.92
7240,1354,2026-04-05,2.92,Round-Up,Banking,0.08
7241,1322,2026-01-09,242.05,Recurring Deposit,Banking,0.0
7242,1334,2025-07-25,171.15,Recurring Deposit,Banking,0.0
7243,1444,2026-03-13,-246.28,Withdrawal,Banking,0.0
7244,1368,2026-04-17,111.43,One-Time Deposit,Invest,0.0
7245,1195,2025-11-05,224.98,One-Time Deposit,Invest,0.0
7246,1179,2026-01-23,1.19,Round-Up,Invest,0.81
7247,1115,2025-12-10,-33.89,Withdrawal,Banking,0.0
7248,1020,2026-04-05,177.12,One-Time Deposit,Banking,0.0
7249,1126,2026-02-13,96.0,Recurring Deposit,Invest,0.0
7250,1011,2025-08-07,2.74,Round-Up,Banking,0.26
7251,1369,2025-06-13,169.46,One-Time Deposit,Banking,0.0
7252,1121,2026-02-27,-86.7,Withdrawal,Invest,0.0
7253,1068,2025-09-17,0.01,Round-Up,Invest,0.99
7254,1231,2025-10-29,2.7,Round-Up,Invest,0.3
7255,1070,2026-03-12,0.38,Round-Up,Invest,0.62
7256,1157,2026-04-24,81.54,Recurring Deposit,Invest,0.0
7257,1376,2025-10-25,0.47,Round-Up,Invest,0.53
7258,1087,2026-03-27,0.55,Round-Up,Invest,0.45
7259,1166,2026-04-02,2.41,Round-Up,Banking,0.59
7260,1091,2025-11-13,156.98,One-Time Deposit,Invest,0.0
7261,1132,2026-03-11,2.87,Round-Up,Banking,0.13
7262,1267,2025-08-18,0.7,Round-Up,Invest,0.3
7263,1427,2026-02-02,-69.31,Withdrawal,Invest,0.0
7264,1132,2026-03-25,-146.25,Withdrawal,Banking,0.0
7265,1150,2026-02-25,2.48,Round-Up,Invest,0.52
7266,1465,2026-04-22,72.1,Recurring Deposit,Banking,0.0
7267,1018,2025-10-29,175.05,One-Time Deposit,Invest,0.0
7268,1411,2025-12-19,2.31,Round-Up,Invest,0.69
7269,1150,2025-11-05,1.05,Round-Up,Invest,0.95
7270,1100,2026-01-25,107.21,One-Time Deposit,Invest,0.0
7271,1319,2025-08-17,1.83,Round-Up,Banking,0.17
7272,1086,2026-03-01,1.83,Round-Up,Invest,0.17
7273,1295,2026-02-04,9.79,Recurring Deposit,Invest,0.0
7274,1111,2025-11-28,56.59,One-Time Deposit,Banking,0.0
7275,1402,2025-12-29,20.15,Recurring Deposit,Invest,0.0
7276,1434,2025-10-28,1.38,Round-Up,Banking,0.62
7277,1087,2025-10-04,163.12,One-Time Deposit,Banking,0.0
7278,1014,2026-02-11,0.9,Round-Up,Invest,0.1
7279,1335,2025-11-21,86.59,One-Time Deposit,Invest,0.0
7280,1361,2026-03-29,85.8,Recurring Deposit,Banking,0.0
7281,1323,2025-10-19,205.85,Recurring Deposit,Banking,0.0
7282,1364,2025-09-18,2.96,Round-Up,Invest,0.04
7283,1233,2026-03-22,139.34,Recurring Deposit,Invest,0.0
7284,1284,2026-02-25,-196.82,Withdrawal,Banking,0.0
7285,1140,2026-04-16,208.25,One-Time Deposit,Banking,0.0
7286,1311,2026-01-04,0.05,Round-Up,Banking,0.95
7287,1242,2026-02-07,78.38,Recurring Deposit,Banking,0.0
7288,1293,2026-04-18,1.17,Round-Up,Banking,0.83
7289,1253,2026-03-11,186.83,Recurring Deposit,Banking,0.0
7290,1441,2025-11-12,177.59,One-Time Deposit,Invest,0.0
7291,1062,2026-04-05,0.45,Round-Up,Invest,0.55
7292,1461,2025-10-31,0.97,Round-Up,Invest,0.03
7293,1104,2025-12-12,1.04,Round-Up,Invest,0.96
7294,1166,2026-01-18,-236.47,Withdrawal,Banking,0.0
7295,1259,2026-02-17,0.04,Round-Up,Invest,0.96
7296,1427,2025-12-05,208.71,One-Time Deposit,Banking,0.0
7297,1369,2025-11-29,-138.52,Withdrawal,Banking,0.0
7298,1061,2025-08-08,2.47,Round-Up,Invest,0.53
7299,1209,2026-03-04,2.34,Round-Up,Invest,0.66
7300,1425,2025-06-25,179.43,One-Time Deposit,Invest,0.0
7301,1110,2026-04-20,170.46,One-Time Deposit,Invest,0.0
7302,1469,2026-03-11,1.91,Round-Up,Invest,0.09
7303,1420,2026-05-02,0.48,Round-Up,Banking,0.52
7304,1332,2026-01-28,14.72,One-Time Deposit,Banking,0.0
7305,1384,2025-12-07,-227.57,Withdrawal,Banking,0.0
7306,1483,2026-02-19,2.97,Round-Up,Banking,0.03
7307,1448,2026-04-05,2.67,Round-Up,Invest,0.33
7308,1100,2026-02-13,1.78,Round-Up,Invest,0.22
7309,1187,2025-08-18,80.98,Recurring Deposit,Banking,0.0
7310,1232,2025-12-08,3.0,Round-Up,Invest,0.0
7311,1343,2026-01-04,86.35,Recurring Deposit,Banking,0.0
7312,1394,2026-02-05,1.27,Round-Up,Invest,0.73
7313,1214,2025-10-20,-22.11,Withdrawal,Invest,0.0
7314,1105,2025-10-12,165.53,One-Time Deposit,Invest,0.0
7315,1308,2026-04-20,170.9,Recurring Deposit,Invest,0.0
7316,1249,2025-12-15,1.91,Round-Up,Banking,0.09
7317,1044,2026-02-26,173.34,Recurring Deposit,Invest,0.0
7318,1485,2026-04-30,1.13,Round-Up,Banking,0.87
7319,1446,2026-04-22,1.28,Round-Up,Banking,0.72
7320,1081,2026-02-27,1.65,Round-Up,Banking,0.35
7321,1462,2025-09-15,114.91,Recurring Deposit,Banking,0.0
7322,1055,2026-01-24,134.43,Recurring Deposit,Banking,0.0
7323,1412,2025-12-30,69.62,One-Time Deposit,Invest,0.0
7324,1270,2025-12-28,246.47,One-Time Deposit,Banking,0.0
7325,1441,2025-10-27,1.83,Round-Up,Invest,0.17
7326,1321,2026-04-02,92.86,Recurring Deposit,Banking,0.0
7327,1438,2026-05-02,77.94,Recurring Deposit,Banking,0.0
7328,1365,2025-10-01,99.7,Recurring Deposit,Banking,0.0
7329,1081,2026-02-26,229.84,One-Time Deposit,Banking,0.0
7330,1462,2025-06-15,-95.17,Withdrawal,Banking,0.0
7331,1027,2025-09-04,229.66,Recurring Deposit,Invest,0.0
7332,1181,2026-02-11,108.72,One-Time Deposit,Banking,0.0
7333,1144,2026-01-02,1.31,Round-Up,Banking,0.69
7334,1133,2026-04-20,132.83,One-Time Deposit,Invest,0.0
7335,1480,2025-12-23,81.28,One-Time Deposit,Invest,0.0
7336,1465,2026-04-17,2.21,Round-Up,Invest,0.79
7337,1397,2026-04-10,2.67,Round-Up,Banking,0.33
7338,1314,2026-03-11,2.21,Round-Up,Banking,0.79
7339,1374,2026-03-27,75.96,One-Time Deposit,Invest,0.0
7340,1472,2026-04-16,0.17,Round-Up,Banking,0.83
7341,1372,2025-07-22,1.37,Round-Up,Invest,0.63
7342,1252,2026-02-25,157.98,Recurring Deposit,Banking,0.0
7343,1005,2025-12-25,99.71,One-Time Deposit,Invest,0.0
7344,1348,2026-02-20,0.53,Round-Up,Invest,0.47
7345,1280,2026-04-09,1.03,Round-Up,Invest,0.97
7346,1366,2026-04-09,97.39,Recurring Deposit,Banking,0.0
7347,1490,2026-04-23,118.35,Recurring Deposit,Banking,0.0
7348,1091,2025-12-29,1.04,Round-Up,Invest,0.96
7349,1031,2026-04-08,-101.09,Withdrawal,Invest,0.0
7350,1480,2025-11-30,2.57,Round-Up,Invest,0.43
7351,1266,2026-01-19,-58.26,Withdrawal,Invest,0.0
7352,1447,2026-03-03,2.51,Round-Up,Banking,0.49
7353,1066,2026-02-21,2.65,Round-Up,Banking,0.35
7354,1042,2025-10-22,1.25,Round-Up,Invest,0.75
7355,1124,2026-03-15,1.04,Round-Up,Invest,0.96
7356,1346,2025-11-30,239.61,One-Time Deposit,Invest,0.0
7357,1003,2026-04-06,226.61,Recurring Deposit,Banking,0.0
7358,1499,2025-09-13,42.03,Recurring Deposit,Banking,0.0
7359,1179,2025-09-28,2.23,Round-Up,Invest,0.77
7360,1261,2026-03-16,1.14,Round-Up,Invest,0.86
7361,1216,2025-07-19,2.85,Round-Up,Invest,0.15
7362,1166,2025-09-02,1.26,Round-Up,Banking,0.74
7363,1293,2025-10-06,37.86,One-Time Deposit,Banking,0.0
7364,1083,2026-01-07,0.86,Round-Up,Banking,0.14
7365,1071,2025-10-08,16.48,Recurring Deposit,Invest,0.0
7366,1331,2026-04-26,213.46,One-Time Deposit,Invest,0.0
7367,1202,2025-06-17,2.99,Round-Up,Invest,0.01
7368,1124,2026-02-28,33.34,One-Time Deposit,Invest,0.0
7369,1421,2026-01-15,2.81,Round-Up,Banking,0.19
7370,1154,2025-10-18,2.36,Round-Up,Banking,0.64
7371,1197,2026-04-17,219.99,Recurring Deposit,Invest,0.0
7372,1026,2025-10-16,239.88,One-Time Deposit,Invest,0.0
7373,1450,2025-09-28,1.17,Round-Up,Banking,0.83
7374,1294,2026-05-02,79.38,Recurring Deposit,Invest,0.0
7375,1202,2025-07-27,2.89,Round-Up,Invest,0.11
7376,1052,2026-03-20,128.1,Recurring Deposit,Banking,0.0
7377,1307,2026-02-23,172.2,One-Time Deposit,Banking,0.0
7378,1470,2025-11-09,128.58,One-Time Deposit,Banking,0.0
7379,1285,2026-04-10,238.0,Recurring Deposit,Invest,0.0
7380,1345,2026-04-01,29.47,Recurring Deposit,Banking,0.0
7381,1213,2026-04-30,0.21,Round-Up,Invest,0.79
7382,1034,2026-04-16,2.53,Round-Up,Banking,0.47
7383,1337,2026-03-29,97.5,Recurring Deposit,Banking,0.0
7384,1448,2026-04-23,1.26,Round-Up,Invest,0.74
7385,1447,2025-11-01,232.7,One-Time Deposit,Banking,0.0
7386,1445,2026-03-16,180.47,Recurring Deposit,Invest,0.0
7387,1424,2025-08-20,195.09,One-Time Deposit,Invest,0.0
7388,1028,2026-03-07,188.94,Recurring Deposit,Banking,0.0
7389,1197,2026-02-18,83.64,Recurring Deposit,Invest,0.0
7390,1469,2026-03-28,190.45,Recurring Deposit,Invest,0.0
7391,1190,2026-03-20,197.21,Recurring Deposit,Invest,0.0
7392,1005,2026-02-24,135.68,One-Time Deposit,Invest,0.0
7393,1155,2026-04-16,0.62,Round-Up,Invest,0.38
7394,1186,2026-03-22,191.13,One-Time Deposit,Invest,0.0
7395,1222,2026-03-15,205.17,Recurring Deposit,Invest,0.0
7396,1436,2026-03-27,87.61,Recurring Deposit,Banking,0.0
7397,1073,2025-07-22,2.35,Round-Up,Invest,0.65
7398,1448,2026-03-11,0.05,Round-Up,Invest,0.95
7399,1019,2025-11-23,-62.36,Withdrawal,Invest,0.0
7400,1167,2026-04-01,180.65,One-Time Deposit,Invest,0.0
7401,1213,2026-05-02,0.2,Round-Up,Banking,0.8
7402,1355,2025-12-12,27.8,Recurring Deposit,Banking,0.0
7403,1025,2026-03-23,-145.76,Withdrawal,Banking,0.0
7404,1442,2026-03-09,227.62,Recurring Deposit,Banking,0.0
7405,1315,2025-06-26,13.69,Recurring Deposit,Banking,0.0
7406,1496,2026-04-17,2.04,Round-Up,Invest,0.96
7407,1230,2025-12-16,129.09,Recurring Deposit,Invest,0.0
7408,1320,2026-04-24,215.92,One-Time Deposit,Banking,0.0
7409,1085,2025-12-21,211.65,Recurring Deposit,Invest,0.0
7410,1400,2026-01-22,1.54,Round-Up,Banking,0.46
7411,1347,2026-03-27,0.48,Round-Up,Invest,0.52
7412,1188,2026-01-12,211.53,One-Time Deposit,Banking,0.0
7413,1434,2026-01-05,1.78,Round-Up,Banking,0.22
7414,1140,2025-06-28,79.44,Recurring Deposit,Banking,0.0
7415,1417,2025-11-04,-64.41,Withdrawal,Banking,0.0
7416,1043,2025-11-25,186.89,Recurring Deposit,Banking,0.0
7417,1377,2026-03-21,42.64,Recurring Deposit,Banking,0.0
7418,1138,2026-01-23,49.65,One-Time Deposit,Invest,0.0
7419,1077,2025-07-17,220.35,Recurring Deposit,Banking,0.0
7420,1345,2026-04-14,177.94,Recurring Deposit,Banking,0.0
7421,1049,2026-02-13,219.47,Recurring Deposit,Banking,0.0
7422,1191,2025-11-19,39.14,One-Time Deposit,Invest,0.0
7423,1021,2025-08-13,102.75,One-Time Deposit,Invest,0.0
7424,1379,2025-08-26,74.37,Recurring Deposit,Invest,0.0
7425,1345,2026-05-02,0.28,Round-Up,Banking,0.72
7426,1238,2026-01-13,74.71,Recurring Deposit,Banking,0.0
7427,1467,2026-02-01,-98.0,Withdrawal,Invest,0.0
7428,1078,2025-10-20,27.59,One-Time Deposit,Banking,0.0
7429,1071,2026-02-24,143.79,Recurring Deposit,Invest,0.0
7430,1295,2026-01-26,98.88,Recurring Deposit,Invest,0.0
7431,1363,2026-04-04,16.38,Recurring Deposit,Invest,0.0
7432,1240,2026-03-09,177.47,One-Time Deposit,Banking,0.0
7433,1420,2026-02-16,183.67,Recurring Deposit,Banking,0.0
7434,1207,2025-07-08,0.76,Round-Up,Banking,0.24
7435,1327,2025-11-25,2.05,Round-Up,Banking,0.95
7436,1053,2025-10-06,242.32,Recurring Deposit,Invest,0.0
7437,1409,2026-01-26,228.95,Recurring Deposit,Invest,0.0
7438,1201,2026-03-26,140.08,Recurring Deposit,Banking,0.0
7439,1257,2026-01-26,1.65,Round-Up,Banking,0.35
7440,1352,2026-01-01,0.75,Round-Up,Banking,0.25
7441,1420,2026-01-02,-179.19,Withdrawal,Banking,0.0
7442,1302,2026-04-07,0.08,Round-Up,Banking,0.92
7443,1239,2026-04-19,234.7,Recurring Deposit,Invest,0.0
7444,1390,2025-09-15,150.59,Recurring Deposit,Invest,0.0
7445,1062,2026-03-25,248.25,Recurring Deposit,Invest,0.0
7446,1023,2026-04-22,0.78,Round-Up,Banking,0.22
7447,1185,2026-04-30,238.63,Recurring Deposit,Banking,0.0
7448,1313,2026-05-02,85.28,Recurring Deposit,Banking,0.0
7449,1358,2026-05-03,1.05,Round-Up,Banking,0.95
7450,1368,2026-04-16,2.94,Round-Up,Invest,0.06
7451,1445,2026-04-21,1.07,Round-Up,Invest,0.93
7452,1002,2025-07-16,1.39,Round-Up,Banking,0.61
7453,1385,2026-03-11,192.36,Recurring Deposit,Banking,0.0
7454,1466,2025-09-15,147.58,Recurring Deposit,Invest,0.0
7455,1440,2026-04-04,-31.83,Withdrawal,Banking,0.0
7456,1261,2026-04-06,127.94,One-Time Deposit,Invest,0.0
7457,1358,2026-04-29,233.13,Recurring Deposit,Banking,0.0
7458,1122,2026-04-30,2.86,Round-Up,Banking,0.14
7459,1160,2025-10-25,198.23,Recurring Deposit,Banking,0.0
7460,1460,2026-03-06,12.08,One-Time Deposit,Invest,0.0
7461,1234,2026-05-03,-183.38,Withdrawal,Invest,0.0
7462,1109,2026-02-07,236.98,Recurring Deposit,Banking,0.0
7463,1364,2025-10-11,-127.38,Withdrawal,Invest,0.0
7464,1286,2026-02-05,87.74,Recurring Deposit,Banking,0.0
7465,1335,2025-10-29,163.43,Recurring Deposit,Invest,0.0
7466,1232,2025-12-09,2.93,Round-Up,Invest,0.07
7467,1465,2026-04-11,48.31,Recurring Deposit,Invest,0.0
7468,1359,2025-12-12,103.91,One-Time Deposit,Banking,0.0
7469,1436,2025-12-08,0.1,Round-Up,Invest,0.9
7470,1355,2026-02-20,2.09,Round-Up,Banking,0.91
7471,1170,2026-05-01,137.4,Recurring Deposit,Banking,0.0
7472,1287,2026-04-28,1.15,Round-Up,Invest,0.85
7473,1064,2025-09-25,106.07,One-Time Deposit,Banking,0.0
7474,1238,2026-02-15,143.9,Recurring Deposit,Banking,0.0
7475,1090,2025-12-21,-221.89,Withdrawal,Banking,0.0
7476,1025,2026-03-16,83.74,Recurring Deposit,Banking,0.0
7477,1326,2026-05-04,170.17,One-Time Deposit,Banking,0.0
7478,1037,2026-04-21,0.17,Round-Up,Banking,0.83
7479,1232,2026-03-25,2.42,Round-Up,Invest,0.58
7480,1326,2026-05-02,2.43,Round-Up,Banking,0.57
7481,1279,2026-01-29,0.37,Round-Up,Banking,0.63
7482,1135,2026-03-31,-92.42,Withdrawal,Banking,0.0
7483,1477,2025-08-31,70.28,One-Time Deposit,Banking,0.0
7484,1479,2026-04-18,1.58,Round-Up,Banking,0.42
7485,1127,2025-11-10,2.87,Round-Up,Invest,0.13
7486,1100,2026-02-03,214.84,One-Time Deposit,Banking,0.0
7487,1450,2025-09-10,52.85,One-Time Deposit,Banking,0.0
7488,1152,2026-03-23,1.53,Round-Up,Banking,0.47
7489,1377,2026-04-06,-199.64,Withdrawal,Invest,0.0
7490,1035,2026-04-01,1.2,Round-Up,Banking,0.8
7491,1208,2026-03-13,0.7,Round-Up,Banking,0.3
7492,1398,2026-04-11,0.99,Round-Up,Banking,0.01
7493,1241,2025-10-01,150.37,One-Time Deposit,Invest,0.0
7494,1496,2025-08-26,1.5,Round-Up,Invest,0.5
7495,1222,2026-02-06,1.07,Round-Up,Invest,0.93
7496,1069,2026-01-18,1.64,Round-Up,Invest,0.36
7497,1139,2026-04-12,226.5,One-Time Deposit,Invest,0.0
7498,1380,2026-02-18,0.03,Round-Up,Banking,0.97
7499,1242,2026-04-23,0.85,Round-Up,Banking,0.15
7500,1156,2025-10-25,1.82,Round-Up,Invest,0.18
7501,1285,2026-04-15,2.14,Round-Up,Invest,0.86
7502,1077,2026-01-22,139.4,One-Time Deposit,Invest,0.0
7503,1058,2025-08-03,2.78,Round-Up,Banking,0.22
7504,1326,2026-05-04,1.24,Round-Up,Banking,0.76
7505,1357,2026-02-06,26.25,One-Time Deposit,Invest,0.0
7506,1024,2026-02-26,0.23,Round-Up,Invest,0.77
7507,1440,2026-03-19,0.18,Round-Up,Banking,0.82
7508,1084,2025-09-15,0.38,Round-Up,Banking,0.62
7509,1467,2025-12-17,-77.68,Withdrawal,Invest,0.0
7510,1312,2026-03-19,55.47,Recurring Deposit,Invest,0.0
7511,1145,2026-03-28,224.79,Recurring Deposit,Banking,0.0
7512,1106,2026-03-17,41.44,Recurring Deposit,Invest,0.0
7513,1468,2026-03-29,-173.2,Withdrawal,Invest,0.0
7514,1274,2026-02-16,78.5,Recurring Deposit,Banking,0.0
7515,1486,2026-03-24,144.12,One-Time Deposit,Invest,0.0
7516,1229,2026-03-09,0.52,Round-Up,Invest,0.48
7517,1416,2025-12-16,0.23,Round-Up,Banking,0.77
7518,1485,2026-04-07,243.87,Recurring Deposit,Banking,0.0
7519,1289,2026-03-03,-37.3,Withdrawal,Invest,0.0
7520,1360,2026-04-23,100.89,One-Time Deposit,Banking,0.0
7521,1007,2025-09-16,110.45,Recurring Deposit,Banking,0.0
7522,1411,2026-03-31,159.61,One-Time Deposit,Invest,0.0
7523,1260,2026-03-01,1.17,Round-Up,Banking,0.83
7524,1302,2026-03-21,2.45,Round-Up,Banking,0.55
7525,1309,2025-12-05,237.12,One-Time Deposit,Invest,0.0
7526,1036,2025-11-09,0.37,Round-Up,Banking,0.63
7527,1472,2026-04-11,88.96,Recurring Deposit,Banking,0.0
7528,1350,2026-03-28,114.45,Recurring Deposit,Banking,0.0
7529,1227,2026-03-02,58.07,Recurring Deposit,Banking,0.0
7530,1190,2026-04-24,2.14,Round-Up,Invest,0.86
7531,1278,2025-11-05,41.4,Recurring Deposit,Banking,0.0
7532,1023,2026-04-29,1.29,Round-Up,Banking,0.71
7533,1489,2026-05-01,0.72,Round-Up,Invest,0.28
7534,1345,2026-04-03,107.89,Recurring Deposit,Banking,0.0
7535,1472,2026-04-06,2.62,Round-Up,Banking,0.38
7536,1275,2025-11-24,0.85,Round-Up,Invest,0.15
7537,1060,2025-10-21,0.29,Round-Up,Banking,0.71
7538,1103,2026-04-19,230.63,Recurring Deposit,Invest,0.0
7539,1003,2026-04-02,0.32,Round-Up,Banking,0.68
7540,1264,2026-04-29,241.16,One-Time Deposit,Invest,0.0
7541,1135,2026-05-04,93.2,Recurring Deposit,Banking,0.0
7542,1067,2026-02-01,167.88,Recurring Deposit,Banking,0.0
7543,1282,2026-03-07,46.17,Recurring Deposit,Invest,0.0
7544,1192,2026-02-20,0.67,Round-Up,Banking,0.33
7545,1209,2026-03-08,0.51,Round-Up,Invest,0.49
7546,1333,2025-07-04,0.53,Round-Up,Banking,0.47
7547,1021,2026-01-30,0.59,Round-Up,Banking,0.41
7548,1380,2025-12-21,150.66,Recurring Deposit,Banking,0.0
7549,1416,2026-03-31,0.19,Round-Up,Banking,0.81
7550,1461,2025-10-19,2.99,Round-Up,Banking,0.01
7551,1199,2026-01-31,108.31,Recurring Deposit,Banking,0.0
7552,1368,2026-04-14,231.11,Recurring Deposit,Invest,0.0
7553,1374,2026-05-02,218.73,Recurring Deposit,Invest,0.0
7554,1082,2026-02-01,149.74,Recurring Deposit,Banking,0.0
7555,1294,2026-04-30,145.22,Recurring Deposit,Invest,0.0
7556,1428,2026-03-25,32.36,Recurring Deposit,Banking,0.0
7557,1431,2025-11-25,0.8,Round-Up,Invest,0.2
7558,1097,2026-04-26,-66.9,Withdrawal,Banking,0.0
7559,1103,2026-03-10,124.61,One-Time Deposit,Invest,0.0
7560,1039,2026-02-28,1.31,Round-Up,Banking,0.69
7561,1031,2026-04-23,1.06,Round-Up,Invest,0.94
7562,1251,2026-04-11,35.88,Recurring Deposit,Banking,0.0
7563,1380,2026-04-27,-112.64,Withdrawal,Banking,0.0
7564,1440,2026-01-10,0.58,Round-Up,Banking,0.42
7565,1003,2026-05-03,2.08,Round-Up,Banking,0.92
7566,1444,2025-10-21,45.79,Recurring Deposit,Banking,0.0
7567,1426,2025-11-17,-123.22,Withdrawal,Banking,0.0
7568,1214,2025-12-10,2.13,Round-Up,Invest,0.87
7569,1151,2026-03-05,0.58,Round-Up,Invest,0.42
7570,1291,2026-04-24,23.63,Recurring Deposit,Banking,0.0
7571,1432,2026-02-02,2.23,Round-Up,Banking,0.77
7572,1055,2026-01-30,18.28,Recurring Deposit,Banking,0.0
7573,1382,2026-04-26,1.8,Round-Up,Invest,0.2
7574,1140,2026-01-22,2.22,Round-Up,Banking,0.78
7575,1019,2026-03-29,0.18,Round-Up,Invest,0.82
7576,1373,2025-08-22,2.2,Round-Up,Banking,0.8
7577,1128,2026-01-18,0.83,Round-Up,Banking,0.17
7578,1346,2026-01-13,1.72,Round-Up,Invest,0.28
7579,1228,2025-11-30,249.16,Recurring Deposit,Banking,0.0
7580,1346,2025-12-18,2.52,Round-Up,Invest,0.48
7581,1119,2025-09-17,-178.69,Withdrawal,Invest,0.0
7582,1104,2025-10-01,1.93,Round-Up,Invest,0.07
7583,1053,2025-10-28,218.71,Recurring Deposit,Invest,0.0
7584,1302,2026-02-26,2.69,Round-Up,Banking,0.31
7585,1150,2026-03-02,2.2,Round-Up,Invest,0.8
7586,1298,2025-11-07,37.38,One-Time Deposit,Invest,0.0
7587,1063,2026-04-16,233.61,One-Time Deposit,Banking,0.0
7588,1153,2025-12-31,109.53,Recurring Deposit,Banking,0.0
7589,1183,2026-02-28,227.97,Recurring Deposit,Banking,0.0
7590,1374,2026-04-27,77.13,Recurring Deposit,Banking,0.0
7591,1499,2026-03-24,0.75,Round-Up,Banking,0.25
7592,1358,2026-04-25,77.65,Recurring Deposit,Banking,0.0
7593,1070,2026-04-05,151.31,One-Time Deposit,Invest,0.0
7594,1453,2026-04-26,-212.08,Withdrawal,Banking,0.0
7595,1124,2026-03-19,99.42,Recurring Deposit,Invest,0.0
7596,1112,2026-03-07,1.91,Round-Up,Banking,0.09
7597,1122,2026-04-11,1.36,Round-Up,Banking,0.64
7598,1123,2025-12-08,174.92,One-Time Deposit,Invest,0.0
7599,1447,2026-01-09,185.25,Recurring Deposit,Banking,0.0
7600,1448,2026-03-21,72.12,One-Time Deposit,Invest,0.0
7601,1204,2026-04-20,11.61,Recurring Deposit,Banking,0.0
7602,1439,2026-05-01,2.36,Round-Up,Banking,0.64
7603,1308,2026-04-23,1.35,Round-Up,Invest,0.65
7604,1036,2025-07-26,0.98,Round-Up,Banking,0.02
7605,1381,2025-09-12,238.61,One-Time Deposit,Invest,0.0
7606,1309,2026-02-16,185.17,Recurring Deposit,Banking,0.0
7607,1074,2025-09-17,0.99,Round-Up,Invest,0.01
7608,1204,2026-03-25,64.02,One-Time Deposit,Invest,0.0
7609,1289,2026-04-05,1.01,Round-Up,Invest,0.99
7610,1290,2026-02-10,1.5,Round-Up,Invest,0.5
7611,1005,2026-02-23,141.99,Recurring Deposit,Banking,0.0
7612,1088,2026-03-21,2.32,Round-Up,Invest,0.68
7613,1249,2026-04-27,196.01,Recurring Deposit,Banking,0.0
7614,1079,2026-03-16,105.31,Recurring Deposit,Banking,0.0
7615,1437,2026-04-26,40.41,Recurring Deposit,Invest,0.0
7616,1344,2025-08-15,0.9,Round-Up,Banking,0.1
7617,1314,2026-03-18,116.17,One-Time Deposit,Banking,0.0
7618,1481,2026-01-07,207.6,Recurring Deposit,Banking,0.0
7619,1326,2026-04-28,112.24,Recurring Deposit,Invest,0.0
7620,1105,2025-11-16,58.17,Recurring Deposit,Invest,0.0
7621,1181,2026-01-25,0.19,Round-Up,Banking,0.81
7622,1393,2025-12-25,2.46,Round-Up,Invest,0.54
7623,1413,2025-09-08,145.85,One-Time Deposit,Banking,0.0
7624,1373,2025-10-13,104.13,Recurring Deposit,Banking,0.0
7625,1476,2026-03-03,2.92,Round-Up,Banking,0.08
7626,1344,2025-05-05,2.87,Round-Up,Invest,0.13
7627,1415,2025-08-23,63.66,Recurring Deposit,Banking,0.0
7628,1319,2025-11-04,0.04,Round-Up,Banking,0.96
7629,1038,2026-04-13,2.66,Round-Up,Invest,0.34
7630,1210,2025-10-01,0.23,Round-Up,Banking,0.77
7631,1240,2026-03-11,2.56,Round-Up,Banking,0.44
7632,1167,2026-01-12,47.47,One-Time Deposit,Invest,0.0
7633,1062,2026-05-03,1.83,Round-Up,Invest,0.17
7634,1006,2025-08-04,0.12,Round-Up,Invest,0.88
7635,1310,2025-12-12,2.32,Round-Up,Banking,0.68
7636,1302,2026-02-22,0.34,Round-Up,Banking,0.66
7637,1474,2026-04-13,23.04,Recurring Deposit,Banking,0.0
7638,1159,2026-05-04,2.45,Round-Up,Banking,0.55
7639,1230,2026-02-20,47.74,One-Time Deposit,Invest,0.0
7640,1052,2026-02-23,0.03,Round-Up,Banking,0.97
7641,1318,2025-07-22,1.22,Round-Up,Banking,0.78
7642,1152,2026-04-11,0.14,Round-Up,Banking,0.86
7643,1264,2026-02-26,2.02,Round-Up,Invest,0.98
7644,1442,2025-11-05,66.23,Recurring Deposit,Banking,0.0
7645,1167,2026-04-20,39.32,One-Time Deposit,Invest,0.0
7646,1440,2025-12-24,82.39,Recurring Deposit,Banking,0.0
7647,1225,2025-07-31,1.07,Round-Up,Invest,0.93
7648,1388,2026-02-21,2.93,Round-Up,Banking,0.07
7649,1195,2025-09-18,0.68,Round-Up,Invest,0.32
7650,1308,2026-04-20,105.73,Recurring Deposit,Invest,0.0
7651,1189,2026-02-10,1.21,Round-Up,Banking,0.79
7652,1346,2026-03-18,2.31,Round-Up,Invest,0.69
7653,1022,2026-02-22,2.6,Round-Up,Banking,0.4
7654,1306,2026-04-16,1.03,Round-Up,Invest,0.97
7655,1026,2026-03-23,-114.83,Withdrawal,Banking,0.0
7656,1162,2025-10-09,19.72,One-Time Deposit,Invest,0.0
7657,1141,2026-04-07,37.78,Recurring Deposit,Banking,0.0
7658,1146,2026-04-30,129.93,Recurring Deposit,Banking,0.0
7659,1010,2026-04-26,62.51,One-Time Deposit,Invest,0.0
7660,1442,2026-03-03,0.47,Round-Up,Banking,0.53
7661,1312,2026-05-03,47.46,One-Time Deposit,Invest,0.0
7662,1115,2025-12-02,0.22,Round-Up,Banking,0.78
7663,1410,2025-09-12,0.29,Round-Up,Banking,0.71
7664,1391,2026-03-21,246.61,One-Time Deposit,Banking,0.0
7665,1420,2026-01-05,160.3,Recurring Deposit,Banking,0.0
7666,1355,2025-12-27,91.74,Recurring Deposit,Banking,0.0
7667,1465,2026-04-04,9.13,Recurring Deposit,Invest,0.0
7668,1206,2025-10-02,2.17,Round-Up,Banking,0.83
7669,1343,2026-02-06,2.86,Round-Up,Invest,0.14
7670,1143,2025-09-18,2.26,Round-Up,Banking,0.74
7671,1102,2026-04-03,147.84,Recurring Deposit,Banking,0.0
7672,1346,2026-03-13,-69.98,Withdrawal,Invest,0.0
7673,1242,2026-02-26,1.18,Round-Up,Banking,0.82
7674,1366,2026-03-20,1.43,Round-Up,Banking,0.57
7675,1106,2026-04-03,148.44,One-Time Deposit,Invest,0.0
7676,1373,2025-08-27,211.32,Recurring Deposit,Invest,0.0
7677,1078,2025-08-12,68.65,One-Time Deposit,Banking,0.0
7678,1333,2025-07-27,1.0,Round-Up,Banking,0.0
7679,1141,2026-02-01,-34.08,Withdrawal,Banking,0.0
7680,1357,2026-01-12,76.49,Recurring Deposit,Invest,0.0
7681,1401,2025-08-31,2.39,Round-Up,Invest,0.61
7682,1283,2026-02-25,-207.27,Withdrawal,Banking,0.0
7683,1129,2025-08-20,83.63,One-Time Deposit,Invest,0.0
7684,1429,2026-05-04,2.05,Round-Up,Banking,0.95
7685,1429,2026-03-17,171.05,One-Time Deposit,Banking,0.0
7686,1297,2025-07-01,90.43,Recurring Deposit,Banking,0.0
7687,1164,2025-10-19,219.72,Recurring Deposit,Banking,0.0
7688,1196,2026-04-26,1.73,Round-Up,Invest,0.27
7689,1263,2025-12-05,-163.82,Withdrawal,Invest,0.0
7690,1232,2026-01-29,2.01,Round-Up,Invest,0.99
7691,1100,2026-02-16,115.92,Recurring Deposit,Invest,0.0
7692,1489,2026-05-01,212.75,One-Time Deposit,Invest,0.0
7693,1295,2026-02-14,2.58,Round-Up,Invest,0.42
7694,1080,2025-08-04,0.08,Round-Up,Invest,0.92
7695,1459,2026-04-02,220.55,Recurring Deposit,Invest,0.0
7696,1112,2025-11-16,0.37,Round-Up,Banking,0.63
7697,1060,2026-02-07,94.81,Recurring Deposit,Banking,0.0
7698,1177,2026-03-12,50.44,One-Time Deposit,Banking,0.0
7699,1334,2025-09-25,170.51,Recurring Deposit,Invest,0.0
7700,1333,2025-07-03,24.3,One-Time Deposit,Banking,0.0
7701,1208,2026-01-01,1.99,Round-Up,Banking,0.01
7702,1373,2025-09-11,0.36,Round-Up,Invest,0.64
7703,1070,2026-04-30,151.49,Recurring Deposit,Invest,0.0
7704,1064,2025-11-21,11.67,One-Time Deposit,Banking,0.0
7705,1440,2026-03-09,0.88,Round-Up,Banking,0.12
7706,1364,2025-11-10,-169.94,Withdrawal,Banking,0.0
7707,1039,2025-12-28,124.35,Recurring Deposit,Banking,0.0
7708,1057,2026-01-09,1.77,Round-Up,Invest,0.23
7709,1118,2025-07-21,-29.84,Withdrawal,Banking,0.0
7710,1462,2025-07-07,81.76,Recurring Deposit,Banking,0.0
7711,1376,2025-10-02,2.54,Round-Up,Invest,0.46
7712,1096,2026-03-09,0.52,Round-Up,Banking,0.48
7713,1204,2026-02-14,5.31,Recurring Deposit,Invest,0.0
7714,1339,2025-12-24,179.21,Recurring Deposit,Invest,0.0
7715,1348,2026-02-14,0.86,Round-Up,Invest,0.14
7716,1329,2025-11-24,2.58,Round-Up,Invest,0.42
7717,1023,2026-04-28,1.27,Round-Up,Banking,0.73
7718,1484,2026-02-03,211.37,One-Time Deposit,Invest,0.0
7719,1002,2025-09-27,1.81,Round-Up,Banking,0.19
7720,1094,2026-04-29,0.67,Round-Up,Banking,0.33
7721,1306,2026-03-23,96.12,Recurring Deposit,Invest,0.0
7722,1333,2025-07-07,227.17,Recurring Deposit,Banking,0.0
7723,1475,2026-01-24,26.41,One-Time Deposit,Invest,0.0
7724,1226,2025-12-21,0.89,Round-Up,Banking,0.11
7725,1435,2026-03-08,0.17,Round-Up,Invest,0.83
7726,1218,2026-03-28,1.57,Round-Up,Banking,0.43
7727,1486,2026-02-10,-158.15,Withdrawal,Banking,0.0
7728,1102,2025-12-07,46.7,Recurring Deposit,Banking,0.0
7729,1058,2025-11-18,0.71,Round-Up,Banking,0.29
7730,1373,2025-09-26,1.8,Round-Up,Invest,0.2
7731,1129,2025-08-23,226.53,One-Time Deposit,Invest,0.0
7732,1210,2025-11-11,5.64,One-Time Deposit,Banking,0.0
7733,1446,2026-04-08,159.35,One-Time Deposit,Banking,0.0
7734,1457,2026-01-13,106.05,Recurring Deposit,Banking,0.0
7735,1137,2026-04-10,128.75,Recurring Deposit,Banking,0.0
7736,1189,2026-02-13,187.23,One-Time Deposit,Banking,0.0
7737,1013,2026-02-14,60.65,Recurring Deposit,Banking,0.0
7738,1398,2026-04-28,55.2,Recurring Deposit,Banking,0.0
7739,1219,2026-02-19,177.24,Recurring Deposit,Invest,0.0
7740,1186,2026-02-28,-132.73,Withdrawal,Invest,0.0
7741,1192,2026-02-21,0.17,Round-Up,Banking,0.83
7742,1129,2025-09-02,1.78,Round-Up,Invest,0.22
7743,1461,2025-10-02,117.59,Recurring Deposit,Banking,0.0
7744,1300,2026-04-24,174.4,Recurring Deposit,Invest,0.0
7745,1365,2025-09-30,-5.65,Withdrawal,Banking,0.0
7746,1320,2026-04-17,2.84,Round-Up,Banking,0.16
7747,1079,2026-01-08,153.39,One-Time Deposit,Invest,0.0
7748,1101,2025-07-11,0.37,Round-Up,Banking,0.63
7749,1179,2026-04-13,222.86,One-Time Deposit,Invest,0.0
7750,1240,2026-03-15,1.1,Round-Up,Banking,0.9
7751,1494,2026-04-25,1.02,Round-Up,Banking,0.98
7752,1183,2026-05-03,1.3,Round-Up,Banking,0.7
7753,1010,2026-04-20,87.52,One-Time Deposit,Invest,0.0
7754,1246,2026-04-24,2.28,Round-Up,Banking,0.72
7755,1292,2026-05-03,1.18,Round-Up,Invest,0.82
7756,1357,2026-02-22,1.0,Round-Up,Invest,0.0
7757,1249,2025-09-30,2.48,Round-Up,Banking,0.52
7758,1439,2026-04-29,-68.61,Withdrawal,Banking,0.0
7759,1295,2026-03-20,0.71,Round-Up,Invest,0.29
7760,1390,2026-03-08,0.95,Round-Up,Invest,0.05
7761,1068,2025-09-06,219.99,Recurring Deposit,Invest,0.0
7762,1458,2026-04-23,70.24,One-Time Deposit,Banking,0.0
7763,1201,2026-04-12,157.33,Recurring Deposit,Invest,0.0
7764,1159,2026-04-24,68.37,One-Time Deposit,Banking,0.0
7765,1031,2026-04-29,-60.16,Withdrawal,Invest,0.0
7766,1190,2026-03-12,0.55,Round-Up,Banking,0.45
7767,1285,2026-04-11,-146.4,Withdrawal,Invest,0.0
7768,1107,2025-09-30,41.74,Recurring Deposit,Invest,0.0
7769,1303,2026-04-27,8.03,One-Time Deposit,Banking,0.0
7770,1019,2026-02-27,30.69,Recurring Deposit,Invest,0.0
7771,1495,2025-09-12,81.87,One-Time Deposit,Banking,0.0
7772,1466,2025-09-28,0.66,Round-Up,Invest,0.34
7773,1242,2026-01-03,2.27,Round-Up,Banking,0.73
7774,1155,2026-03-27,-222.46,Withdrawal,Invest,0.0
7775,1153,2025-11-25,75.68,One-Time Deposit,Banking,0.0
7776,1429,2026-04-17,0.62,Round-Up,Banking,0.38
7777,1399,2026-01-13,58.4,Recurring Deposit,Banking,0.0
7778,1445,2025-11-24,67.18,One-Time Deposit,Invest,0.0
7779,1038,2026-02-10,0.54,Round-Up,Invest,0.46
7780,1419,2026-03-18,77.22,Recurring Deposit,Banking,0.0
7781,1253,2026-03-28,215.61,Recurring Deposit,Banking,0.0
7782,1078,2025-11-01,2.96,Round-Up,Banking,0.04
7783,1063,2026-03-19,-219.44,Withdrawal,Banking,0.0
7784,1138,2026-02-16,1.28,Round-Up,Invest,0.72
7785,1462,2025-12-08,116.63,One-Time Deposit,Banking,0.0
7786,1312,2026-04-27,2.02,Round-Up,Invest,0.98
7787,1267,2025-11-27,181.7,One-Time Deposit,Invest,0.0
7788,1334,2025-07-03,1.02,Round-Up,Banking,0.98
7789,1487,2026-04-08,1.54,Round-Up,Invest,0.46
7790,1485,2026-03-31,13.64,Recurring Deposit,Banking,0.0
7791,1474,2026-05-03,1.63,Round-Up,Banking,0.37
7792,1250,2026-05-04,12.0,Recurring Deposit,Banking,0.0
7793,1489,2026-04-30,14.84,One-Time Deposit,Invest,0.0
7794,1406,2025-07-16,-24.48,Withdrawal,Banking,0.0
7795,1108,2026-04-24,72.7,One-Time Deposit,Banking,0.0
7796,1067,2026-04-15,1.63,Round-Up,Banking,0.37
7797,1197,2026-03-23,2.67,Round-Up,Invest,0.33
7798,1308,2026-04-28,104.21,Recurring Deposit,Invest,0.0
7799,1309,2025-10-26,194.0,Recurring Deposit,Invest,0.0
7800,1274,2026-04-18,1.8,Round-Up,Banking,0.2
7801,1077,2026-02-24,43.65,One-Time Deposit,Invest,0.0
7802,1152,2026-03-08,158.51,One-Time Deposit,Invest,0.0
7803,1433,2026-04-27,-145.08,Withdrawal,Invest,0.0
7804,1363,2025-12-22,-42.73,Withdrawal,Invest,0.0
7805,1481,2025-12-07,-213.8,Withdrawal,Banking,0.0
7806,1192,2025-10-18,85.62,Recurring Deposit,Banking,0.0
7807,1203,2026-04-21,-94.91,Withdrawal,Invest,0.0
7808,1399,2025-12-05,0.3,Round-Up,Banking,0.7
7809,1392,2025-10-16,84.06,Recurring Deposit,Banking,0.0
7810,1213,2026-05-02,141.58,Recurring Deposit,Invest,0.0
7811,1173,2026-04-09,-100.22,Withdrawal,Banking,0.0
7812,1059,2026-02-26,68.56,One-Time Deposit,Banking,0.0
7813,1458,2026-04-21,0.78,Round-Up,Banking,0.22
7814,1246,2026-04-23,80.55,One-Time Deposit,Banking,0.0
7815,1381,2025-07-13,176.13,Recurring Deposit,Invest,0.0
7816,1091,2025-11-29,2.45,Round-Up,Invest,0.55
7817,1374,2026-04-26,1.36,Round-Up,Banking,0.64
7818,1395,2026-04-27,62.81,One-Time Deposit,Invest,0.0
7819,1097,2026-05-03,2.92,Round-Up,Banking,0.08
7820,1207,2025-07-29,0.36,Round-Up,Banking,0.64
7821,1396,2025-12-23,1.47,Round-Up,Banking,0.53
7822,1138,2026-03-30,-19.75,Withdrawal,Invest,0.0
7823,1326,2026-04-28,230.98,Recurring Deposit,Invest,0.0
7824,1426,2025-11-04,0.81,Round-Up,Banking,0.19
7825,1310,2025-06-24,128.99,Recurring Deposit,Banking,0.0
7826,1372,2025-08-02,125.87,Recurring Deposit,Invest,0.0
7827,1013,2025-09-14,1.83,Round-Up,Invest,0.17
7828,1478,2026-04-27,2.45,Round-Up,Banking,0.55
7829,1416,2026-03-30,165.16,One-Time Deposit,Banking,0.0
7830,1058,2025-10-22,121.62,One-Time Deposit,Banking,0.0
7831,1397,2026-04-19,187.12,Recurring Deposit,Banking,0.0
7832,1213,2026-05-03,2.72,Round-Up,Banking,0.28
7833,1310,2026-01-15,0.28,Round-Up,Banking,0.72
7834,1436,2025-12-11,-141.4,Withdrawal,Banking,0.0
7835,1433,2026-04-29,2.13,Round-Up,Invest,0.87
7836,1468,2026-03-12,170.82,Recurring Deposit,Invest,0.0
7837,1428,2026-04-30,2.94,Round-Up,Banking,0.06
7838,1392,2025-11-08,1.92,Round-Up,Banking,0.08
7839,1425,2025-07-14,0.59,Round-Up,Invest,0.41
7840,1379,2026-03-07,0.37,Round-Up,Invest,0.63
7841,1359,2026-04-08,2.84,Round-Up,Invest,0.16
7842,1087,2025-12-12,1.31,Round-Up,Banking,0.69
7843,1370,2025-07-13,23.36,One-Time Deposit,Banking,0.0
7844,1178,2026-04-23,141.69,Recurring Deposit,Invest,0.0
7845,1343,2026-04-30,0.32,Round-Up,Invest,0.68
7846,1002,2026-02-16,11.61,Recurring Deposit,Banking,0.0
7847,1297,2026-02-25,1.88,Round-Up,Invest,0.12
7848,1050,2025-11-30,0.27,Round-Up,Invest,0.73
7849,1161,2026-02-04,152.16,Recurring Deposit,Invest,0.0
7850,1012,2026-02-09,215.51,One-Time Deposit,Banking,0.0
7851,1298,2025-12-17,24.81,One-Time Deposit,Invest,0.0
7852,1392,2025-06-10,1.44,Round-Up,Banking,0.56
7853,1086,2026-04-02,216.81,Recurring Deposit,Invest,0.0
7854,1148,2025-12-14,128.3,One-Time Deposit,Banking,0.0
7855,1408,2025-11-08,1.06,Round-Up,Invest,0.94
7856,1079,2026-01-23,0.78,Round-Up,Invest,0.22
7857,1178,2026-04-19,224.13,Recurring Deposit,Invest,0.0
7858,1452,2026-01-02,173.95,One-Time Deposit,Banking,0.0
7859,1097,2026-04-24,3.0,Round-Up,Banking,0.0
7860,1248,2026-01-31,0.89,Round-Up,Invest,0.11
7861,1426,2026-03-05,1.22,Round-Up,Invest,0.78
7862,1158,2026-03-27,216.71,One-Time Deposit,Banking,0.0
7863,1387,2025-12-07,155.64,Recurring Deposit,Invest,0.0
7864,1385,2026-02-19,1.11,Round-Up,Banking,0.89
7865,1148,2025-12-04,2.7,Round-Up,Invest,0.3
7866,1500,2026-03-28,-173.04,Withdrawal,Invest,0.0
7867,1375,2026-04-16,58.54,One-Time Deposit,Invest,0.0
7868,1162,2026-03-12,165.45,One-Time Deposit,Invest,0.0
7869,1073,2025-07-20,2.77,Round-Up,Invest,0.23
7870,1161,2025-12-07,79.4,One-Time Deposit,Invest,0.0
7871,1311,2025-10-17,170.12,One-Time Deposit,Banking,0.0
7872,1109,2026-02-23,2.91,Round-Up,Invest,0.09
7873,1349,2026-04-13,-59.44,Withdrawal,Invest,0.0
7874,1209,2026-03-13,220.38,Recurring Deposit,Invest,0.0
7875,1220,2026-04-11,170.21,Recurring Deposit,Invest,0.0
7876,1432,2026-01-25,127.24,One-Time Deposit,Banking,0.0
7877,1423,2025-08-02,56.67,One-Time Deposit,Invest,0.0
7878,1424,2025-08-25,2.87,Round-Up,Invest,0.13
7879,1030,2025-09-20,1.22,Round-Up,Invest,0.78
7880,1412,2026-01-02,43.05,Recurring Deposit,Invest,0.0
7881,1239,2026-02-16,123.03,One-Time Deposit,Invest,0.0
7882,1059,2026-02-19,105.2,Recurring Deposit,Banking,0.0
7883,1476,2026-04-05,1.15,Round-Up,Banking,0.85
7884,1421,2026-04-09,30.86,One-Time Deposit,Banking,0.0
7885,1403,2025-10-30,31.09,One-Time Deposit,Invest,0.0
7886,1221,2025-12-06,241.21,One-Time Deposit,Invest,0.0
7887,1415,2026-04-27,244.95,Recurring Deposit,Banking,0.0
7888,1340,2025-11-26,-109.41,Withdrawal,Banking,0.0
7889,1257,2026-03-04,0.39,Round-Up,Banking,0.61
7890,1410,2025-08-02,2.45,Round-Up,Banking,0.55
7891,1459,2026-04-14,2.83,Round-Up,Invest,0.17
7892,1041,2025-10-22,77.69,Recurring Deposit,Invest,0.0
7893,1347,2026-04-21,2.19,Round-Up,Invest,0.81
7894,1367,2026-04-18,150.96,Recurring Deposit,Banking,0.0
7895,1019,2026-03-19,1.51,Round-Up,Invest,0.49
7896,1115,2026-03-13,231.26,One-Time Deposit,Banking,0.0
7897,1249,2026-01-06,198.56,Recurring Deposit,Banking,0.0
7898,1344,2025-10-16,214.93,One-Time Deposit,Banking,0.0
7899,1466,2026-03-31,223.35,One-Time Deposit,Invest,0.0
7900,1254,2026-04-16,1.03,Round-Up,Invest,0.97
7901,1470,2025-12-11,1.94,Round-Up,Banking,0.06
7902,1292,2026-05-04,57.68,One-Time Deposit,Invest,0.0
7903,1140,2025-12-19,145.08,One-Time Deposit,Banking,0.0
7904,1109,2026-03-07,-173.94,Withdrawal,Banking,0.0
7905,1332,2026-02-17,-99.71,Withdrawal,Banking,0.0
7906,1182,2026-04-18,212.84,Recurring Deposit,Invest,0.0
7907,1132,2025-12-16,2.21,Round-Up,Banking,0.79
7908,1331,2025-09-14,144.5,Recurring Deposit,Invest,0.0
7909,1132,2026-02-25,2.91,Round-Up,Banking,0.09
7910,1425,2025-07-06,2.73,Round-Up,Invest,0.27
7911,1206,2025-09-26,0.86,Round-Up,Invest,0.14
7912,1340,2026-02-20,0.09,Round-Up,Banking,0.91
7913,1112,2025-11-22,1.97,Round-Up,Banking,0.03
7914,1079,2026-02-12,184.35,One-Time Deposit,Banking,0.0
7915,1128,2025-09-10,-106.95,Withdrawal,Banking,0.0
7916,1024,2026-01-24,0.38,Round-Up,Invest,0.62
7917,1062,2026-04-20,-91.11,Withdrawal,Invest,0.0
7918,1003,2026-04-13,2.74,Round-Up,Banking,0.26
7919,1165,2025-10-30,2.72,Round-Up,Banking,0.28
7920,1225,2025-06-19,50.16,One-Time Deposit,Invest,0.0
7921,1156,2026-02-02,74.79,Recurring Deposit,Invest,0.0
7922,1188,2025-12-13,0.14,Round-Up,Invest,0.86
7923,1022,2026-03-04,1.41,Round-Up,Banking,0.59
7924,1309,2025-10-23,47.53,One-Time Deposit,Invest,0.0
7925,1264,2025-11-20,2.37,Round-Up,Invest,0.63
7926,1179,2025-11-11,27.59,Recurring Deposit,Invest,0.0
7927,1338,2026-01-11,224.18,One-Time Deposit,Invest,0.0
7928,1140,2026-04-30,1.15,Round-Up,Banking,0.85
7929,1398,2026-04-13,156.06,Recurring Deposit,Banking,0.0
7930,1005,2026-01-03,0.7,Round-Up,Banking,0.3
7931,1120,2025-11-06,202.05,Recurring Deposit,Banking,0.0
7932,1120,2026-02-01,149.5,Recurring Deposit,Banking,0.0
7933,1007,2025-08-07,-100.14,Withdrawal,Banking,0.0
7934,1161,2026-04-11,246.05,One-Time Deposit,Invest,0.0
7935,1415,2026-04-23,21.23,One-Time Deposit,Banking,0.0
7936,1271,2026-03-23,1.55,Round-Up,Banking,0.45
7937,1060,2025-12-08,247.44,Recurring Deposit,Invest,0.0
7938,1019,2025-10-02,174.28,One-Time Deposit,Invest,0.0
7939,1368,2026-04-26,2.31,Round-Up,Invest,0.69
7940,1261,2026-03-30,12.86,Recurring Deposit,Invest,0.0
7941,1341,2026-01-19,0.41,Round-Up,Invest,0.59
7942,1114,2026-03-14,13.85,Recurring Deposit,Banking,0.0
7943,1274,2026-03-31,247.97,Recurring Deposit,Banking,0.0
7944,1173,2026-04-06,244.98,One-Time Deposit,Banking,0.0
7945,1326,2026-04-28,86.95,One-Time Deposit,Banking,0.0
7946,1362,2026-01-13,2.04,Round-Up,Banking,0.96
7947,1500,2026-02-25,-40.76,Withdrawal,Invest,0.0
7948,1124,2026-04-20,2.61,Round-Up,Invest,0.39
7949,1223,2025-11-20,95.69,One-Time Deposit,Invest,0.0
7950,1160,2026-03-17,188.33,Recurring Deposit,Banking,0.0
7951,1370,2025-09-03,-217.24,Withdrawal,Banking,0.0
7952,1415,2025-08-19,187.95,Recurring Deposit,Banking,0.0
7953,1156,2026-02-28,163.39,One-Time Deposit,Invest,0.0
7954,1326,2026-04-30,1.88,Round-Up,Banking,0.12
7955,1319,2025-11-06,2.62,Round-Up,Banking,0.38
7956,1069,2026-01-04,1.37,Round-Up,Invest,0.63
7957,1288,2026-01-14,87.28,Recurring Deposit,Invest,0.0
7958,1096,2025-12-08,74.28,Recurring Deposit,Banking,0.0
7959,1215,2026-04-28,171.44,Recurring Deposit,Invest,0.0
7960,1034,2026-04-11,240.03,Recurring Deposit,Banking,0.0
7961,1050,2026-04-28,147.36,One-Time Deposit,Banking,0.0
7962,1097,2026-05-03,0.1,Round-Up,Banking,0.9
7963,1193,2026-04-09,2.67,Round-Up,Invest,0.33
7964,1298,2025-12-11,2.31,Round-Up,Banking,0.69
7965,1098,2026-05-04,214.13,Recurring Deposit,Banking,0.0
7966,1372,2025-07-09,2.94,Round-Up,Invest,0.06
7967,1007,2025-09-11,233.84,Recurring Deposit,Banking,0.0
7968,1060,2025-12-26,149.53,Recurring Deposit,Invest,0.0
7969,1431,2025-11-18,63.93,One-Time Deposit,Invest,0.0
7970,1150,2025-10-19,2.29,Round-Up,Invest,0.71
7971,1452,2025-10-12,1.37,Round-Up,Banking,0.63
7972,1282,2026-03-22,2.21,Round-Up,Invest,0.79
7973,1151,2026-03-04,22.73,Recurring Deposit,Invest,0.0
7974,1059,2026-02-19,0.82,Round-Up,Banking,0.18
7975,1090,2026-03-30,193.6,Recurring Deposit,Banking,0.0
7976,1063,2026-01-17,33.27,Recurring Deposit,Banking,0.0
7977,1234,2026-04-26,0.9,Round-Up,Invest,0.1
7978,1291,2026-04-26,94.7,Recurring Deposit,Banking,0.0
7979,1392,2026-01-05,72.1,Recurring Deposit,Banking,0.0
7980,1155,2026-04-30,53.59,Recurring Deposit,Banking,0.0
7981,1349,2026-03-31,0.33,Round-Up,Invest,0.67
7982,1385,2026-01-21,2.68,Round-Up,Banking,0.32
7983,1331,2026-04-12,0.6,Round-Up,Invest,0.4
7984,1081,2026-04-24,2.21,Round-Up,Banking,0.79
7985,1336,2026-01-09,177.22,Recurring Deposit,Invest,0.0
7986,1062,2026-04-19,135.43,Recurring Deposit,Invest,0.0
7987,1215,2025-12-18,-238.46,Withdrawal,Invest,0.0
7988,1076,2026-03-02,1.48,Round-Up,Invest,0.52
7989,1070,2026-03-11,1.27,Round-Up,Invest,0.73
7990,1007,2025-08-18,100.25,Recurring Deposit,Banking,0.0
7991,1225,2025-12-17,1.09,Round-Up,Invest,0.91
7992,1399,2025-10-19,2.81,Round-Up,Banking,0.19
7993,1305,2025-10-27,88.29,One-Time Deposit,Invest,0.0
7994,1179,2026-04-19,2.89,Round-Up,Invest,0.11
7995,1012,2025-10-21,172.24,One-Time Deposit,Banking,0.0
7996,1355,2026-03-01,2.49,Round-Up,Banking,0.51
7997,1442,2026-05-03,76.98,One-Time Deposit,Banking,0.0
7998,1257,2026-02-26,127.59,Recurring Deposit,Invest,0.0
7999,1306,2025-08-03,0.44,Round-Up,Invest,0.56
8000,1428,2026-03-19,-231.93,Withdrawal,Banking,0.0
